sessionId,sampleIndex,action,source,x,y,eventTimeNs
1,0,DOWN,current,981.2002,1702.9004,740875401541000
1,1,MOVE,historical,980.9004,1702.7002,740875585740000
1,2,MOVE,current,980.6289,1702.5371,740875590639000
1,3,MOVE,historical,980.4004,1702.4004,740875594775000
1,4,MOVE,current,980.01855,1702.2363,740875598972333
1,5,MOVE,historical,979.7002,1702.0996,740875602474000
1,6,MOVE,current,979.34766,1701.9238,740875607305666
1,7,MOVE,historical,979.0996,1701.7998,740875610691000
1,8,MOVE,current,978.68945,1701.7412,740875615597999
1,9,MOVE,historical,978.4004,1701.7002,740875619051000
1,10,MOVE,current,977.8887,1701.5869,740875623911333
1,11,MOVE,historical,977.5,1701.5,740875627611000
1,12,MOVE,current,976.9463,1701.4443,740875632244666
1,13,MOVE,historical,976.5,1701.4004,740875635981000
1,14,MOVE,current,975.82227,1701.4004,740875640577999
1,15,MOVE,historical,975.2002,1701.4004,740875644801000
1,16,MOVE,current,974.5088,1701.4492,740875648911332
1,17,MOVE,historical,973.7998,1701.5,740875653126000
1,18,MOVE,current,973.16016,1701.5488,740875657244665
1,19,MOVE,historical,972.5,1701.5996,740875661499000
1,20,MOVE,current,971.7842,1701.7432,740875665403313
1,21,MOVE,historical,971.0,1701.9004,740875669677000
1,22,MOVE,current,970.2012,1702.0879,740875673717875
1,23,MOVE,historical,969.2998,1702.2998,740875678280000
1,24,MOVE,current,968.40137,1702.5244,740875682032350
1,25,MOVE,historical,967.2998,1702.7998,740875686629000
1,26,MOVE,current,966.42676,1703.0186,740875690346981
1,27,MOVE,historical,965.2998,1703.2998,740875695144000
1,28,MOVE,current,964.47363,1703.5068,740875698661199
1,29,MOVE,historical,963.2002,1703.9004,740875703849000
1,30,MOVE,current,962.36816,1704.1377,740875706975628
1,31,MOVE,historical,961.0996,1704.5,740875711744000
1,32,MOVE,current,960.0127,1704.793,740875715276354
1,33,MOVE,historical,958.5,1705.2002,740875720190000
1,34,MOVE,current,957.33984,1705.5312,740875723581201
1,35,MOVE,historical,955.7002,1706.0,740875728376000
1,36,MOVE,current,954.49805,1706.3438,740875731888729
1,37,MOVE,historical,952.7002,1706.7998,740875737103000
1,38,MOVE,current,951.63574,1707.084,740875740197864
1,39,MOVE,historical,949.4004,1707.7002,740875745510000
1,40,MOVE,current,948.22266,1708.0215,740875748508338
1,41,MOVE,historical,945.4004,1708.9004,740875753640000
1,42,MOVE,current,943.83984,1709.3682,740875756810849
1,43,MOVE,historical,941.4004,1710.0996,740875762191000
1,44,MOVE,current,940.03125,1710.5107,740875765116100
1,45,MOVE,historical,937.5996,1711.2002,740875770900000
1,46,MOVE,current,936.499,1711.5186,740875773423572
1,47,MOVE,historical,934.0,1712.2998,740875779222000
1,48,MOVE,current,932.91406,1712.6318,740875781732583
1,49,MOVE,historical,930.5,1713.2998,740875787516000
1,50,MOVE,current,929.4346,1713.6045,740875790040138
1,51,MOVE,historical,927.0,1714.4004,740875796161000
1,52,MOVE,current,926.11426,1714.6787,740875798348935
1,53,MOVE,historical,923.5996,1715.4004,740875804348000
1,54,MOVE,current,922.6406,1715.6826,740875806658946
1,55,MOVE,historical,920.2998,1716.4004,740875812676000
1,56,MOVE,current,919.3906,1716.6758,740875814970463
1,57,MOVE,historical,916.7998,1717.2998,740875821099000
1,58,MOVE,current,915.8926,1717.5332,740875823283360
1,59,MOVE,historical,913.2998,1718.2998,740875829434000
1,60,MOVE,current,912.39453,1718.5586,740875831589988
1,61,MOVE,historical,909.7998,1719.4004,740875838077000
1,62,MOVE,current,909.0625,1719.6318,740875839898491
1,63,MOVE,historical,906.4004,1720.4004,740875846076000
1,64,MOVE,current,905.49316,1720.667,740875848208916
1,65,MOVE,historical,902.9004,1721.5996,740875854540000
1,66,MOVE,current,902.08105,1721.8809,740875856521172
1,67,MOVE,historical,899.2998,1722.7998,740875862947000
1,68,MOVE,current,898.4912,1723.0693,740875864835135
1,69,MOVE,historical,895.5996,1724.0996,740875871433000
1,70,MOVE,current,894.8545,1724.3623,740875873143445
1,71,MOVE,historical,891.7998,1725.5,740875880330000
1,72,MOVE,current,891.32227,1725.6758,740875881449116
1,73,MOVE,historical,887.9004,1727.0,740875888485000
1,74,MOVE,current,887.292,1727.2344,740875889756534
1,75,MOVE,historical,883.9004,1728.5,740875896864000
1,76,MOVE,current,883.3262,1728.7148,740875898065880
1,77,MOVE,historical,880.0,1729.9004,740875905153000
1,78,MOVE,current,879.4238,1730.1064,740875906377057
1,79,MOVE,historical,875.9004,1731.5,740875913506000
1,80,MOVE,current,875.31836,1731.7266,740875914690001
1,81,MOVE,historical,871.9004,1733.0996,740875921749000
1,82,MOVE,current,871.29297,1733.3428,740875922999874
1,83,MOVE,historical,867.9004,1734.5996,740875930372000
1,84,MOVE,current,867.46484,1734.7637,740875931310960
1,85,MOVE,historical,863.9004,1736.0996,740875938686000
1,86,MOVE,current,863.4492,1736.2695,740875939623490
1,87,MOVE,historical,859.7998,1737.5,740875947044000
1,88,MOVE,current,859.3623,1737.6494,740875947937153
1,89,MOVE,historical,855.7998,1738.7998,740875955358000
1,90,MOVE,current,855.3701,1738.9395,740875956251922
1,91,MOVE,historical,851.7998,1740.2002,740875963882000
1,92,MOVE,current,851.4785,1740.3125,740875964567959
1,93,MOVE,historical,847.9004,1741.5996,740875972388000
1,94,MOVE,current,847.6719,1741.6816,740875972885297
1,95,MOVE,historical,844.4004,1742.9004,740875980709000
1,96,MOVE,current,844.1914,1742.9775,740875981203875
1,97,MOVE,historical,841.0,1744.2998,740875990118000
1,98,MOVE,historical,837.7998,1745.7998,740875997533000
1,99,MOVE,current,837.66797,1745.8613,740875997838534
1,100,MOVE,historical,834.5,1747.2998,740876006593000
1,101,MOVE,historical,831.0996,1749.0,740876014261000
1,102,MOVE,current,831.00684,1749.0469,740876014471859
1,103,MOVE,historical,827.5,1750.7998,740876022666000
1,104,MOVE,current,827.44727,1750.8262,740876022789615
1,105,MOVE,historical,823.9004,1752.7998,740876031056000
1,106,MOVE,current,823.8779,1752.8125,740876031107585
1,107,MOVE,historical,820.2002,1754.7002,740876039447000
1,108,MOVE,current,816.5908,1756.6504,740876047734660
1,109,MOVE,historical,816.5,1756.7002,740876047944000
1,110,MOVE,current,813.1094,1758.4893,740876056048318
1,111,MOVE,historical,812.9004,1758.5996,740876056549000
1,112,MOVE,current,809.77246,1760.2559,740876064362173
1,113,MOVE,historical,809.5,1760.4004,740876065042000
1,114,MOVE,current,806.56934,1761.7734,740876072676329
1,115,MOVE,historical,806.2998,1761.9004,740876073377000
1,116,MOVE,current,803.9414,1762.8975,740876080990797
1,117,MOVE,historical,803.7002,1763.0,740876081771000
1,118,MOVE,current,801.6113,1763.8701,740876089305763
1,119,MOVE,historical,801.2998,1764.0,740876090428000
1,120,MOVE,current,799.39844,1764.8154,740876097619812
1,121,MOVE,historical,799.2002,1764.9004,740876098369000
1,122,MOVE,current,797.45996,1765.541,740876105935128
1,123,MOVE,historical,797.2998,1765.5996,740876106631000
1,124,MOVE,current,795.66895,1766.2344,740876114249248
1,125,MOVE,historical,795.5,1766.2998,740876115038000
1,126,MOVE,current,794.4492,1766.7383,740876122565418
1,127,MOVE,historical,794.2998,1766.7998,740876123631000
1,128,MOVE,current,793.15625,1767.2402,740876130879654
1,129,MOVE,historical,793.0,1767.2998,740876131871000
1,130,MOVE,current,792.0459,1767.6465,740876139195745
1,131,MOVE,historical,791.9004,1767.7002,740876140318000
1,132,MOVE,current,790.8799,1768.125,740876147511332
1,133,MOVE,historical,790.7002,1768.2002,740876148778000
1,134,MOVE,current,789.583,1768.6299,740876155825749
1,135,MOVE,historical,789.4004,1768.7002,740876156980000
1,136,MOVE,current,788.51953,1769.1006,740876164141343
1,137,MOVE,historical,788.2998,1769.2002,740876165926000
1,138,MOVE,current,787.4336,1769.5938,740876172455832
1,139,MOVE,historical,787.2002,1769.7002,740876174212000
1,140,MOVE,current,786.4844,1770.0186,740876180752585
1,141,MOVE,historical,786.2998,1770.0996,740876182432000
1,142,MOVE,current,785.6094,1770.4072,740876189034587
1,143,MOVE,historical,785.4004,1770.5,740876191036000
1,144,MOVE,current,784.63965,1770.8809,740876197315045
1,145,MOVE,historical,784.4004,1771.0,740876199291000
1,146,MOVE,current,783.6826,1771.3594,740876205594742
1,147,MOVE,historical,783.4004,1771.5,740876208073000
1,148,MOVE,current,782.7471,1771.79,740876213880544
1,149,MOVE,historical,782.5,1771.9004,740876216080000
1,150,MOVE,current,781.81934,1772.2402,740876222171110
1,151,MOVE,historical,781.5,1772.4004,740876225026000
1,152,MOVE,current,780.89453,1772.7363,740876230472170
1,153,MOVE,historical,780.5996,1772.9004,740876233118000
1,154,MOVE,current,779.9824,1773.1748,740876238775204
1,155,MOVE,historical,779.7002,1773.2998,740876241362000
1,156,MOVE,current,779.15137,1773.5742,740876247079896
1,157,MOVE,historical,778.9004,1773.7002,740876249697000
1,158,MOVE,current,778.5039,1773.9639,740876255385981
1,159,MOVE,historical,778.2998,1774.0996,740876258315000
1,160,MOVE,current,777.96875,1774.2324,740876263693416
1,161,MOVE,historical,777.7998,1774.2998,740876266431000
1,162,MOVE,current,777.60645,1774.4297,740876272001972
1,163,MOVE,historical,777.5,1774.5,740876275054000
1,164,MOVE,current,777.3076,1774.6279,740876280312034
1,165,MOVE,historical,777.2002,1774.7002,740876283271000
1,166,MOVE,current,777.1387,1774.7002,740876288623880
1,167,MOVE,historical,777.0996,1774.7002,740876291956000
1,168,MOVE,current,777.042,1774.7578,740876296937996
1,169,MOVE,historical,777.0,1774.7998,740876300546000
1,170,MOVE,current,777.0,1774.7441,740876305254923
1,171,MOVE,historical,777.0,1774.7002,740876308930000
1,172,MOVE,current,777.0,1774.6426,740876313577107
1,173,MOVE,historical,777.0,1774.5996,740876317028000
1,174,MOVE,current,777.0,1774.543,740876321904584
1,175,MOVE,historical,777.0,1774.5,740876325533000
1,176,MOVE,current,777.0,1774.4434,740876330236905
1,177,MOVE,historical,777.0,1774.4004,740876333895000
1,178,MOVE,current,777.0,1774.3447,740876338575070
1,179,MOVE,historical,777.0,1774.2998,740876342384000
1,180,MOVE,current,777.0,1774.2461,740876346905336
1,181,MOVE,historical,777.0,1774.2002,740876350724000
1,182,MOVE,current,777.0,1774.1445,740876355226076
1,183,MOVE,historical,777.0,1774.0996,740876358899000
1,184,MOVE,current,777.0,1774.0469,740876363542434
1,185,MOVE,historical,777.0,1774.0,740876367593000
1,186,MOVE,current,777.1035,1773.9482,740876371854086
1,187,MOVE,historical,777.2002,1773.9004,740876375797000
1,188,MOVE,current,778.8887,1773.0059,740876380165318
1,189,MOVE,historical,780.5996,1772.0996,740876384593000
1,190,MOVE,current,782.417,1771.0752,740876388476099
1,191,MOVE,historical,784.5,1769.9004,740876392928000
1,192,MOVE,current,786.4424,1768.9512,740876396791466
1,193,MOVE,historical,788.7998,1767.7998,740876401482000
1,194,MOVE,current,790.7578,1766.9102,740876405107002
1,195,MOVE,historical,793.2002,1765.7998,740876409631000
1,196,MOVE,current,795.18555,1764.8525,740876413415156
1,197,MOVE,historical,797.5996,1763.7002,740876418016000
1,198,MOVE,current,799.51953,1762.8271,740876421723825
1,199,MOVE,historical,802.0,1761.7002,740876426515000
1,200,MOVE,current,803.73145,1760.8555,740876430033010
1,201,MOVE,historical,806.0996,1759.7002,740876434846000
1,202,MOVE,current,807.72266,1758.9316,740876438342579
1,203,MOVE,historical,809.9004,1757.9004,740876443035000
1,204,MOVE,current,811.5176,1757.0908,740876446652494
1,205,MOVE,historical,813.7002,1756.0,740876451531000
1,206,MOVE,current,815.27734,1755.1699,740876454962997
1,207,MOVE,historical,817.5,1754.0,740876459801000
1,208,MOVE,current,819.0957,1753.1602,740876463274034
1,209,MOVE,historical,821.2998,1751.9004,740876468328000
1,210,MOVE,current,822.75,1751.1367,740876471585407
1,211,MOVE,historical,825.0996,1749.9004,740876476867000
1,212,MOVE,current,826.41797,1749.2773,740876479897228
1,213,MOVE,historical,828.7002,1748.2002,740876485142000
1,214,MOVE,current,830.0342,1747.5693,740876488209674
1,215,MOVE,historical,832.2002,1746.4004,740876493689000
1,216,MOVE,current,833.36035,1745.8027,740876496522822
1,217,MOVE,historical,835.7998,1744.5996,740876502158000
1,218,MOVE,current,836.9385,1744.0303,740876504836598
1,219,MOVE,historical,839.4004,1742.9004,740876510681000
1,220,MOVE,current,840.44336,1742.4072,740876513151069
1,221,MOVE,historical,843.0,1741.2998,740876518917000
1,222,MOVE,current,844.11426,1740.8047,740876521465678
1,223,MOVE,historical,846.5,1739.9004,740876527387000
1,224,MOVE,current,847.48926,1739.5039,740876529780689
1,225,MOVE,historical,850.0996,1738.4004,740876535750000
1,226,MOVE,current,851.11035,1737.9795,740876538096431
1,227,MOVE,historical,853.7998,1736.9004,740876544116000
1,228,MOVE,current,854.8164,1736.4883,740876546413163
1,229,MOVE,historical,857.2002,1735.5996,740876552529000
1,230,MOVE,current,858.08984,1735.2598,740876554730900
1,231,MOVE,historical,860.7002,1734.0996,740876560844000
1,232,MOVE,current,861.6279,1733.7021,740876563049393
1,233,MOVE,historical,864.0,1732.5996,740876569206000
1,234,MOVE,current,864.8535,1732.2119,740876571368615
1,235,MOVE,historical,867.2998,1731.2998,740876577856000
1,236,MOVE,current,867.9971,1731.0254,740876579683560
1,237,MOVE,historical,870.5,1730.0,740876586214000
1,238,MOVE,current,871.1836,1729.7227,740876587998593
1,239,MOVE,historical,873.5,1728.7002,740876594306000
1,240,MOVE,current,874.24414,1728.3779,740876596313712
1,241,MOVE,historical,876.4004,1727.5996,740876602818000
1,242,MOVE,current,877.0166,1727.3662,740876604628946
1,243,MOVE,historical,879.2998,1726.2998,740876611307000
1,244,MOVE,current,879.8594,1726.0488,740876612944168
1,245,MOVE,historical,882.0996,1725.0996,740876619625000
1,246,MOVE,current,882.6504,1724.8643,740876621259359
1,247,MOVE,historical,884.7998,1723.7998,740876627984000
1,248,MOVE,current,885.3135,1723.5527,740876629574574
1,249,MOVE,historical,887.2002,1722.7002,740876636764000
1,250,MOVE,current,887.5078,1722.5586,740876637889789
1,251,MOVE,historical,889.4004,1721.5996,740876644837000
1,252,MOVE,current,889.77246,1721.4141,740876646204927
1,253,MOVE,historical,891.5996,1720.5996,740876653094000
1,254,MOVE,current,891.9795,1720.4277,740876654519932
1,255,MOVE,historical,893.9004,1719.7002,740876661726000
1,256,MOVE,current,894.1953,1719.584,740876662834777
1,257,MOVE,historical,896.0,1718.9004,740876670332000
1,258,MOVE,current,896.1992,1718.8242,740876671149489
1,259,MOVE,historical,897.9004,1718.0996,740876678273000
1,260,MOVE,current,898.1846,1717.9805,740876679464260
1,261,MOVE,historical,899.7002,1717.5,740876687136000
1,262,MOVE,current,899.8301,1717.457,740876687778540
1,263,MOVE,historical,901.5,1716.7998,740876695627000
1,264,MOVE,current,901.59863,1716.7617,740876696091672
1,265,MOVE,historical,903.2998,1716.0996,740876703735000
1,266,MOVE,current,903.44727,1716.043,740876704397669
1,267,MOVE,historical,905.0,1715.5996,740876712146000
1,268,MOVE,current,905.1133,1715.5664,740876712704804
1,269,MOVE,historical,906.7998,1715.0,740876720861000
1,270,MOVE,current,906.83105,1714.9893,740876721013146
1,271,MOVE,historical,908.5,1714.2998,740876728977000
1,272,MOVE,current,908.57227,1714.2705,740876729322765
1,273,MOVE,historical,910.2002,1713.7002,740876737389000
1,274,MOVE,current,910.24805,1713.6836,740876737625594
1,275,MOVE,historical,911.9004,1713.0,740876745954000
1,276,MOVE,historical,913.5996,1712.4004,740876753991000
1,277,MOVE,current,913.65137,1712.3818,740876754235940
1,278,MOVE,historical,915.4004,1711.7002,740876762550000
1,279,MOVE,current,917.08984,1711.1035,740876770845072
1,280,MOVE,historical,917.0996,1711.0996,740876770897000
1,281,MOVE,current,918.584,1710.6055,740876779148752
1,282,MOVE,historical,918.5996,1710.5996,740876779238000
1,283,MOVE,current,920.1455,1710.2139,740876787447049
1,284,MOVE,historical,920.2002,1710.2002,740876787737000
1,285,MOVE,current,921.4863,1709.7402,740876795747394
1,286,MOVE,historical,921.5996,1709.7002,740876796452000
1,287,MOVE,current,922.9385,1709.2539,740876804050534
1,288,MOVE,historical,923.0996,1709.2002,740876804970000
1,289,MOVE,current,924.4873,1708.7373,740876812356498
1,290,MOVE,historical,924.5996,1708.7002,740876812957000
1,291,MOVE,current,925.9287,1708.3457,740876820665037
1,292,MOVE,historical,926.0996,1708.2998,740876821657000
1,293,MOVE,current,927.33496,1707.8594,740876828976119
1,294,MOVE,historical,927.5,1707.7998,740876829954000
1,295,MOVE,current,928.63477,1707.4512,740876837284043
1,296,MOVE,historical,928.7998,1707.4004,740876838353000
1,297,MOVE,current,930.083,1707.0576,740876845597950
1,298,MOVE,historical,930.2998,1707.0,740876846822000
1,299,MOVE,current,931.4541,1706.7334,740876853906175
1,300,MOVE,historical,931.5996,1706.7002,740876854803000
1,301,MOVE,current,932.80566,1706.3555,740876862225992
1,302,MOVE,historical,933.0,1706.2998,740876863421000
1,303,MOVE,current,934.02344,1706.0635,740876870564333
1,304,MOVE,historical,934.2998,1706.0,740876872498000
1,305,MOVE,current,935.3115,1705.6631,740876878875006
1,306,MOVE,historical,935.5,1705.5996,740876880064000
1,307,MOVE,current,936.5117,1705.3662,740876887195788
1,308,MOVE,historical,936.7998,1705.2998,740876889225000
1,309,MOVE,current,937.86816,1705.0537,740876895507028
1,310,MOVE,historical,938.0996,1705.0,740876896874000
1,311,MOVE,current,939.001,1704.7549,740876903829312
1,312,MOVE,historical,939.2002,1704.7002,740876905370000
1,313,MOVE,current,940.0547,1704.4668,740876912141185
1,314,MOVE,historical,940.2998,1704.4004,740876914086000
1,315,MOVE,current,941.0625,1704.248,740876920466241
1,316,MOVE,historical,941.2998,1704.2002,740876922458000
1,317,MOVE,current,942.041,1703.9775,740876928792749
1,318,MOVE,historical,942.2998,1703.9004,740876931007000
1,319,MOVE,current,943.01074,1703.7578,740876937114579
1,320,MOVE,historical,943.2998,1703.7002,740876939599000
1,321,MOVE,current,943.9551,1703.627,740876945436433
1,322,MOVE,historical,944.2002,1703.5996,740876947622000
1,323,MOVE,current,944.71484,1703.4531,740876953758510
1,324,MOVE,historical,944.9004,1703.4004,740876955963000
1,325,MOVE,current,945.3154,1703.331,740876962081025
1,326,MOVE,historical,945.5,1703.2998,740876964795000
1,327,MOVE,current,945.71387,1703.2285,740876970400305
1,328,MOVE,historical,945.7998,1703.2002,740876972664000
1,329,MOVE,current,945.7998,1703.1299,740876978713403
1,330,MOVE,historical,945.7998,1703.0996,740876981342000
1,331,MOVE,current,945.7998,1703.0352,740876987023779
1,332,MOVE,historical,945.7998,1703.0,740876990045000
1,333,MOVE,current,945.7998,1702.9336,740876995334116
1,334,MOVE,historical,945.7998,1702.9004,740876998046000
1,335,MOVE,historical,945.7998,1702.7998,740877006465000
1,336,MOVE,current,945.7998,1702.7852,740877007726655
1,337,MOVE,historical,945.7998,1702.9004,740877015017000
1,338,MOVE,current,945.7998,1702.9121,740877016031352
1,339,MOVE,historical,945.7998,1702.7998,740877023167000
1,340,MOVE,current,945.7998,1702.7852,740877024336629
1,341,MOVE,historical,945.7998,1702.9004,740877031536000
1,342,MOVE,current,945.7998,1702.9131,740877032642392
1,343,MOVE,historical,945.7998,1702.7998,740877040255000
1,344,MOVE,current,945.7998,1702.792,740877040948549
1,345,MOVE,historical,945.7998,1702.9004,740877048491000
1,346,MOVE,current,945.7998,1702.9092,740877049255988
1,347,MOVE,historical,945.2002,1703.4004,740877056880000
1,348,MOVE,current,945.15137,1703.4404,740877057565159
1,349,MOVE,historical,943.9004,1704.2998,740877065110000
1,350,MOVE,current,943.7793,1704.3838,740877065874449
1,351,MOVE,historical,942.5996,1705.0996,740877073503000
1,352,MOVE,current,942.49414,1705.165,740877074184527
1,353,MOVE,historical,941.0996,1705.7998,740877082066000
1,354,MOVE,current,941.0244,1705.835,740877082495560
1,355,MOVE,historical,939.5,1706.5,740877090339000
1,356,MOVE,current,939.4092,1706.54,740877090808654
1,357,MOVE,historical,937.2998,1707.4004,740877098813000
1,358,MOVE,current,937.2197,1707.4326,740877099124106
1,359,MOVE,historical,934.9004,1708.2998,740877107328000
1,360,MOVE,current,934.86816,1708.3115,740877107441040
1,361,MOVE,historical,932.0,1709.2998,740877115702000
1,362,MOVE,current,931.98047,1709.3066,740877115759537
1,363,MOVE,historical,928.9004,1710.4004,740877123881000
1,364,MOVE,current,928.8252,1710.4268,740877124079403
1,365,MOVE,historical,925.7002,1711.4004,740877132747000
1,366,MOVE,current,922.3662,1712.4785,740877140723592
1,367,MOVE,historical,922.2998,1712.5,740877140882000
1,368,MOVE,current,918.9326,1713.4619,740877149042873
1,369,MOVE,historical,918.7998,1713.5,740877149364000
1,370,MOVE,current,915.3711,1714.6436,740877157363001
1,371,MOVE,historical,915.2002,1714.7002,740877157761000
1,372,MOVE,current,911.5576,1715.8496,740877165682521
1,373,MOVE,historical,911.4004,1715.9004,740877166026000
1,374,MOVE,current,907.70605,1717.2266,740877174002735
1,375,MOVE,historical,907.5,1717.2998,740877174447000
1,376,MOVE,current,903.91113,1718.4961,740877182318592
1,377,MOVE,historical,903.5996,1718.5996,740877183000000
1,378,MOVE,current,899.7617,1719.9111,740877190634338
1,379,MOVE,historical,899.5,1720.0,740877191154000
1,380,MOVE,current,897.4502,1720.7002,740877195231000
1,381,MOVE,historical,895.0996,1721.7002,740877199831000
1,382,MOVE,current,890.93164,1723.4219,740877207265996
1,383,MOVE,historical,890.5,1723.5996,740877208035000
1,384,MOVE,current,888.2002,1724.5498,740877212137000
1,385,MOVE,historical,885.4004,1725.7998,740877216731000
1,386,MOVE,current,882.8496,1726.9004,740877221079000
1,387,MOVE,historical,880.0,1728.0996,740877224931000
1,388,MOVE,current,877.2998,1729.25,740877229031000
1,389,MOVE,historical,874.7002,1730.2998,740877233529000
1,390,MOVE,current,872.0498,1731.4004,740877237828000
1,391,MOVE,historical,869.4004,1732.4004,740877241998000
1,392,MOVE,current,866.75,1733.4502,740877246232500
1,393,MOVE,historical,864.2002,1734.2998,740877250620000
1,394,MOVE,current,860.12695,1735.6035,740877257150593
1,395,MOVE,historical,859.2002,1735.9004,740877258636000
1,396,MOVE,current,856.7002,1736.7002,740877262644000
1,397,MOVE,historical,854.4004,1737.4004,740877267156000
1,398,MOVE,current,852.0,1738.1504,740877271416000
1,399,MOVE,historical,850.2998,1738.7002,740877275351000
1,400,MOVE,current,848.25,1739.3496,740877279448500
1,401,MOVE,historical,846.4004,1740.0996,740877283884000
1,402,MOVE,current,844.4502,1740.7998,740877288150500
1,403,MOVE,historical,842.7002,1741.7002,740877292345000
1,404,MOVE,current,840.8496,1742.5,740877296575500
1,405,MOVE,historical,839.2002,1743.2998,740877300719000
1,406,MOVE,current,837.4502,1744.0996,740877304906000
1,407,MOVE,historical,835.4004,1745.2002,740877308949000
1,408,MOVE,current,833.5,1746.1504,740877313064000
1,409,MOVE,historical,831.5996,1747.2998,740877317467000
1,410,MOVE,current,829.7002,1748.3496,740877321726000
1,411,MOVE,historical,827.5996,1749.4004,740877325903000
1,412,MOVE,current,825.5996,1750.4502,740877330121000
1,413,MOVE,historical,823.4004,1751.5996,740877334200000
1,414,MOVE,current,821.2998,1752.7002,740877338348500
1,415,MOVE,historical,819.2998,1753.7998,740877342646000
1,416,MOVE,current,817.25,1754.9004,740877346869000
1,417,MOVE,historical,815.2998,1755.7998,740877351130000
1,418,MOVE,current,813.2998,1756.7998,740877355372000
1,419,MOVE,historical,811.4004,1757.7998,740877359510000
1,420,MOVE,current,809.4502,1758.7998,740877363700000
1,421,MOVE,historical,807.5996,1759.5996,740877367778000
1,422,MOVE,current,805.7002,1760.5,740877371912000
1,423,MOVE,historical,803.9004,1761.5,740877376553000
1,424,MOVE,current,802.0498,1762.4502,740877380940500
1,425,MOVE,historical,800.2998,1763.0996,740877384836000
1,426,MOVE,current,798.5,1763.9004,740877388977500
1,427,MOVE,historical,796.5996,1764.7002,740877393532000
1,428,MOVE,current,794.75,1765.5,740877397880000
1,429,MOVE,historical,793.0996,1766.2002,740877401596000
1,430,MOVE,current,791.3496,1766.9502,740877405628000
1,431,MOVE,historical,789.7998,1767.7002,740877409740000
1,432,MOVE,current,788.1504,1768.4502,740877413812000
1,433,MOVE,historical,786.5,1769.0996,740877418319000
1,434,MOVE,current,784.8496,1769.7998,740877422608500
1,435,MOVE,historical,783.5996,1770.2998,740877426747000
1,436,MOVE,current,782.1504,1770.9004,740877430961000
1,437,MOVE,historical,780.5,1771.7002,740877434956000
1,438,MOVE,current,778.9502,1772.4004,740877439060500
1,439,MOVE,historical,777.5996,1773.0996,740877443407000
1,440,MOVE,current,776.1504,1773.7998,740877447632500
1,441,MOVE,historical,774.7998,1774.5996,740877451887000
1,442,MOVE,current,773.4004,1775.3496,740877456127000
1,443,MOVE,historical,772.0,1776.2002,740877460177000
1,444,MOVE,current,770.5996,1777.0,740877464322000
1,445,MOVE,historical,769.4004,1777.9004,740877468753000
1,446,MOVE,current,768.0996,1778.75,740877473041000
1,447,MOVE,historical,766.7002,1779.7002,740877477009000
1,448,MOVE,current,765.3496,1780.5996,740877481137000
1,449,MOVE,historical,764.2002,1781.4004,740877485359000
1,450,MOVE,current,762.9502,1782.25,740877489534000
1,451,MOVE,historical,761.5996,1783.2002,740877494207000
1,452,MOVE,current,760.417,1784.0195,740877498233137
1,453,MOVE,historical,759.2002,1784.9004,740877502411000
1,454,MOVE,current,758.0,1785.75,740877506513000
1,455,MOVE,historical,756.7998,1786.5,740877510757000
1,456,MOVE,current,755.6221,1787.2861,740877514854779
1,457,MOVE,historical,754.4004,1788.2002,740877519232000
1,458,MOVE,current,753.28613,1788.9893,740877523166775
1,459,MOVE,historical,752.0,1789.7002,740877527763000
1,460,MOVE,current,750.9541,1790.3535,740877531479577
1,461,MOVE,historical,749.7002,1791.0996,740877535906000
1,462,MOVE,current,748.60254,1791.7686,740877539793340
1,463,MOVE,historical,747.5,1792.4004,740877544493000
1,464,MOVE,current,746.5742,1792.9473,740877548108093
1,465,MOVE,historical,745.4004,1793.5996,740877552887000
1,466,MOVE,current,744.5156,1794.1055,740877556423272
1,467,MOVE,historical,743.2998,1794.7998,740877561043000
1,468,MOVE,current,742.34863,1795.3438,740877564739529
1,469,MOVE,historical,741.2998,1795.9004,740877569802000
1,470,MOVE,current,740.55664,1796.3086,740877573056671
1,471,MOVE,historical,739.7998,1796.7002,740877578163000
1,472,MOVE,current,739.22363,1797.0078,740877581374644
1,473,MOVE,historical,738.4004,1797.5,740877586500000
1,474,MOVE,current,737.8633,1797.8066,740877589693462
1,475,MOVE,historical,737.0996,1798.2002,740877594926000
1,476,MOVE,current,736.624,1798.456,740877598012350
1,477,MOVE,historical,736.0,1798.7998,740877603345000
1,478,MOVE,current,735.6094,1799.0127,740877606331727
1,479,MOVE,historical,735.2998,1799.2002,740877611763000
1,480,MOVE,current,735.0596,1799.3369,740877614651540
1,481,MOVE,historical,734.7998,1799.4004,740877620062000
1,482,MOVE,current,734.625,1799.4697,740877622966646
1,483,MOVE,historical,734.5996,1799.5996,740877628642000
1,484,MOVE,current,734.5381,1799.6621,740877631287404
1,485,MOVE,historical,734.4004,1799.5996,740877636753000
1,486,MOVE,current,734.3301,1799.5996,740877639602982
1,487,MOVE,historical,734.2998,1799.7002,740877645167000
1,488,MOVE,current,734.2676,1799.7324,740877647918517
1,489,MOVE,historical,735.7998,1798.7998,740877771508000
1,490,MOVE,historical,738.4004,1797.2998,740877779635000
1,491,MOVE,current,738.83594,1797.0488,740877780996995
1,492,MOVE,historical,741.4004,1795.7002,740877788628000
1,493,MOVE,current,741.63477,1795.5752,740877789330328
1,494,MOVE,historical,745.0,1793.7998,740877796699000
1,495,MOVE,current,745.43066,1793.5732,740877797663661
1,496,MOVE,historical,749.2002,1791.4004,740877805034000
1,497,MOVE,current,749.667,1791.1328,740877805961295
1,498,MOVE,historical,753.7998,1788.7002,740877813388000
1,499,MOVE,current,754.28906,1788.4131,740877814275328
1,500,MOVE,historical,758.5996,1785.7002,740877821786000
1,501,MOVE,current,759.0703,1785.4062,740877822608661
1,502,MOVE,historical,763.4004,1782.5996,740877830398000
1,503,MOVE,current,763.7031,1782.4043,740877830941994
1,504,MOVE,historical,768.0996,1779.5996,740877838680000
1,505,MOVE,current,768.4375,1779.3848,740877839275327
1,506,MOVE,historical,772.7998,1776.5996,740877847281000
1,507,MOVE,current,772.9795,1776.4854,740877847608660
1,508,MOVE,historical,777.0996,1774.0,740877855442000
1,509,MOVE,current,777.27637,1773.8936,740877855775900
1,510,MOVE,historical,781.0,1771.7002,740877863829000
1,511,MOVE,current,781.1211,1771.6279,740877864090166
1,512,MOVE,historical,784.7002,1769.7998,740877872740000
1,513,MOVE,current,788.249,1768.0732,740877880718789
1,514,MOVE,historical,788.4004,1768.0,740877881058000
1,515,MOVE,current,791.89355,1766.3496,740877889033077
1,516,MOVE,historical,792.0,1766.2998,740877889275000
1,517,MOVE,current,795.4629,1764.665,740877897347508
1,518,MOVE,historical,795.5996,1764.5996,740877897667000
1,519,MOVE,current,799.1338,1763.0186,740877905661824
1,520,MOVE,historical,799.4004,1762.9004,740877906263000
1,521,MOVE,current,803.11426,1761.1855,740877913976156
1,522,MOVE,historical,803.2998,1761.0996,740877914362000
1,523,MOVE,current,807.02344,1759.5176,740877922290440
1,524,MOVE,historical,807.2998,1759.4004,740877922879000
1,525,MOVE,current,811.07324,1757.7432,740877930604781
1,526,MOVE,historical,811.4004,1757.5996,740877931273000
1,527,MOVE,current,815.3584,1755.7588,740877938919338
1,528,MOVE,historical,815.7002,1755.5996,740877939580000
1,529,MOVE,current,819.5283,1753.8682,740877947234003
1,530,MOVE,historical,819.9004,1753.7002,740877947978000
1,531,MOVE,current,822.0,1752.75,740877952177000
1,532,MOVE,historical,824.0996,1751.5996,740877956589000
1,533,MOVE,current,826.2002,1750.5498,740877960894500
1,534,MOVE,historical,828.2002,1749.5996,740877964788000
1,535,MOVE,current,830.25,1748.5996,740877968887500
1,536,MOVE,historical,832.0996,1747.7998,740877973101000
1,537,MOVE,current,834.0498,1746.9004,740877977257500
1,538,MOVE,historical,835.5996,1746.0,740877981654000
1,539,MOVE,current,837.3496,1745.1006,740877985930500
1,540,MOVE,historical,838.7998,1744.2998,740877989855000
1,541,MOVE,current,841.3086,1743.0859,740877997121602
1,542,MOVE,historical,841.9004,1742.7998,740877998834000
1,543,MOVE,current,843.4502,1742.0498,740878003323500
1,544,MOVE,historical,844.7998,1741.4004,740878006826000
1,545,MOVE,current,846.25,1740.7002,740878010822000
1,546,MOVE,historical,847.7998,1740.2002,740878015750000
1,547,MOVE,current,849.2998,1739.5996,740878020212000
1,548,MOVE,historical,850.7002,1739.0996,740878023688000
1,549,MOVE,current,852.1504,1738.5498,740878027657000
1,550,MOVE,historical,853.5996,1738.0996,740878032181000
1,551,MOVE,current,855.0498,1737.5996,740878036427500
1,552,MOVE,historical,856.4004,1737.2002,740878040815000
1,553,MOVE,current,857.7998,1736.75,740878045132000
1,554,MOVE,historical,859.2002,1736.2998,740878049063000
1,555,MOVE,current,860.5996,1735.8496,740878053187000
1,556,MOVE,historical,862.0,1735.4004,740878057540000
1,557,MOVE,current,863.4004,1734.9502,740878061778500
1,558,MOVE,historical,864.7998,1734.4004,740878065944000
1,559,MOVE,current,866.2002,1733.9004,740878070146000
1,560,MOVE,historical,867.7002,1733.2998,740878074269000
1,561,MOVE,current,869.1504,1732.75,740878078431500
1,562,MOVE,historical,870.7002,1732.0,740878082495000
1,563,MOVE,current,872.2002,1731.3506,740878086608000
1,564,MOVE,historical,873.7002,1730.7998,740878090811000
1,565,MOVE,current,875.2002,1730.2002,740878094969000
1,566,MOVE,historical,876.7002,1729.4004,740878099302000
1,567,MOVE,current,878.2002,1728.7002,740878103547500
1,568,MOVE,historical,879.7002,1728.2002,740878107595000
1,569,MOVE,current,881.2002,1727.5996,740878111741500
1,570,MOVE,historical,882.7002,1726.9004,740878116386000
1,571,MOVE,current,884.2002,1726.25,740878120781500
1,572,MOVE,historical,885.5996,1725.5996,740878124695000
1,573,MOVE,current,887.0498,1724.9502,740878128849500
1,574,MOVE,historical,888.2998,1724.5,740878132745000
1,575,MOVE,current,889.6504,1723.9502,740878136770000
1,576,MOVE,historical,890.7998,1723.5,740878141207000
1,577,MOVE,current,892.0498,1723.0,740878145438000
1,578,MOVE,historical,893.0996,1722.5,740878149757000
1,579,MOVE,current,894.25,1722.0,740878154032000
1,580,MOVE,historical,895.5,1721.5996,740878158218000
1,581,MOVE,current,896.7002,1721.1504,740878162448500
1,582,MOVE,historical,897.7002,1720.7998,740878166612000
1,583,MOVE,current,898.7998,1720.4004,740878170809000
1,584,MOVE,historical,899.7998,1719.9004,740878174807000
1,585,MOVE,current,900.8496,1719.4502,740878178904500
1,586,MOVE,historical,901.5996,1719.2002,740878183402000
1,587,MOVE,current,902.5,1718.8496,740878187699500
1,588,MOVE,historical,903.4004,1718.5,740878191712000
1,589,MOVE,current,904.2998,1718.1504,740878195867000
1,590,MOVE,historical,905.0996,1717.7998,740878199990000
1,591,MOVE,current,905.9502,1717.4502,740878204129000
1,592,MOVE,historical,906.5,1717.4004,740878208532000
1,593,MOVE,current,907.2002,1717.2002,740878212803000
1,594,MOVE,historical,908.0996,1716.9004,740878217011000
1,595,MOVE,current,908.9004,1716.6504,740878221250500
1,596,MOVE,historical,909.9004,1716.2998,740878225354000
1,597,MOVE,current,910.7998,1716.0,740878229525500
1,598,MOVE,historical,911.5996,1715.7002,740878233654000
1,599,MOVE,current,912.4502,1715.4004,740878237804000
1,600,MOVE,historical,913.4004,1715.2002,740878242406000
1,601,MOVE,current,914.2412,1714.9668,740878246496435
1,602,MOVE,historical,915.0996,1714.7002,740878250562000
1,603,MOVE,current,915.9502,1714.4502,740878254640000
1,604,MOVE,historical,916.7998,1714.2002,740878259309000
1,605,MOVE,current,917.541,1713.9824,740878263122040
1,606,MOVE,historical,918.2998,1713.7002,740878267358000
1,607,MOVE,current,919.0498,1713.4502,740878271382500
1,608,MOVE,historical,919.7002,1713.2002,740878275931000
1,609,MOVE,current,920.32324,1712.9775,740878279748418
1,610,MOVE,historical,921.0996,1712.7998,740878284510000
1,611,MOVE,current,921.6797,1712.6348,740878288061902
1,612,MOVE,historical,922.4004,1712.2998,740878292657000
1,613,MOVE,current,922.99316,1712.0713,740878296375776
1,614,MOVE,historical,923.7998,1711.9004,740878300976000
1,615,MOVE,current,924.4248,1711.7217,740878304690028
1,616,MOVE,historical,925.0996,1711.5,740878309569000
1,617,MOVE,current,925.6201,1711.3398,740878313004465
1,618,MOVE,historical,926.4004,1711.0996,740878317976000
1,619,MOVE,current,926.917,1710.9414,740878321319088
1,620,MOVE,historical,927.7998,1710.5996,740878326158000
1,621,MOVE,current,928.39453,1710.3877,740878329632464
1,622,MOVE,historical,929.0,1710.2002,740878334608000
1,623,MOVE,current,929.4746,1710.042,740878337947392
1,624,MOVE,historical,930.2998,1709.7998,740878342997000
1,625,MOVE,current,930.80566,1709.6445,740878346263079
1,626,MOVE,historical,931.4004,1709.4004,740878351470000
1,627,MOVE,current,931.8037,1709.2529,740878354579020
1,628,MOVE,historical,932.5996,1709.0,740878359729000
1,629,MOVE,current,933.0596,1708.8467,740878362892788
1,630,MOVE,historical,933.7002,1708.7002,740878368470000
1,631,MOVE,current,934.0449,1708.6064,740878371208879
1,632,MOVE,historical,934.7002,1708.4004,740878376700000
1,633,MOVE,current,935.04297,1708.2969,740878379522801
1,634,MOVE,historical,935.5996,1708.2002,740878385400000
1,635,MOVE,current,935.85254,1708.1436,740878387838986
1,636,MOVE,historical,936.2998,1708.0,740878393513000
1,637,MOVE,current,936.52734,1707.9346,740878396153061
1,638,MOVE,historical,936.7002,1707.9004,740878402333000
1,639,MOVE,current,936.7969,1707.876,740878404469479
1,640,MOVE,historical,936.0,1708.2998,740878503571000
1,641,MOVE,historical,934.5996,1709.0996,740878511560000
1,642,MOVE,current,934.4258,1709.2002,740878512555709
1,643,MOVE,historical,933.0,1709.9004,740878519993000
1,644,MOVE,current,932.834,1709.9824,740878520866186
1,645,MOVE,historical,931.2998,1710.7002,740878528168000
1,646,MOVE,current,931.08984,1710.7988,740878529180334
1,647,MOVE,historical,929.4004,1711.5996,740878536181000
1,648,MOVE,current,929.08887,1711.748,740878537494482
1,649,MOVE,historical,927.2002,1712.5,740878544781000
1,650,MOVE,current,926.9375,1712.6074,740878545805892
1,651,MOVE,historical,924.0996,1713.5996,740878553406000
1,652,MOVE,current,923.84375,1713.6914,740878554118722
1,653,MOVE,historical,920.4004,1714.9004,740878562218000
1,654,MOVE,current,920.31055,1714.9316,740878562432188
1,655,MOVE,historical,915.7998,1716.0996,740878570235000
1,656,MOVE,current,915.50684,1716.1768,740878570745880
1,657,MOVE,historical,910.5,1717.5,740878578572000
1,658,MOVE,current,910.18945,1717.582,740878579059838
1,659,MOVE,historical,904.5,1719.2998,740878586857000
1,660,MOVE,current,904.126,1719.4121,740878587373928
1,661,MOVE,historical,898.2002,1721.5996,740878595428000
1,662,MOVE,current,898.0088,1721.6699,740878595688012
1,663,MOVE,historical,891.9004,1724.0996,740878603714000
1,664,MOVE,current,891.68066,1724.1865,740878604001987
1,665,MOVE,historical,885.7998,1726.5,740878611979000
1,666,MOVE,current,885.55176,1726.5977,740878612315729
1,667,MOVE,historical,879.7998,1729.0996,740878620449000
1,668,MOVE,current,879.6719,1729.1553,740878620629432
1,669,MOVE,historical,874.9004,1731.0,740878628822000
1,670,MOVE,current,874.8291,1731.0273,740878628943247
1,671,MOVE,historical,870.9004,1732.5996,740878637640000
1,672,MOVE,current,867.5508,1733.9795,740878645570990
1,673,MOVE,historical,867.5,1734.0,740878645691000
1,674,MOVE,current,864.13965,1735.2129,740878653884934
1,675,MOVE,historical,863.9004,1735.2998,740878654470000
1,676,MOVE,current,860.35547,1736.5127,740878662198830
1,677,MOVE,historical,860.0996,1736.5996,740878662755000
1,678,MOVE,current,856.7041,1737.6094,740878670512818
1,679,MOVE,historical,856.4004,1737.7002,740878671208000
1,680,MOVE,current,853.0088,1738.708,740878678826995
1,681,MOVE,historical,852.7002,1738.7998,740878679520000
1,682,MOVE,current,849.06055,1739.9824,740878687135833
1,683,MOVE,historical,848.7002,1740.0996,740878687891000
1,684,MOVE,current,845.2998,1741.3203,740878695442939
1,685,MOVE,historical,844.7998,1741.5,740878696552000
1,686,MOVE,current,842.8496,1742.2002,740878700882500
1,687,MOVE,historical,840.7998,1743.0996,740878704857000
1,688,MOVE,current,838.7998,1743.9004,740878709009500
1,689,MOVE,historical,836.7998,1744.9004,740878713115000
1,690,MOVE,current,834.7998,1745.7998,740878717244000
1,691,MOVE,historical,832.7002,1746.7998,740878721367000
1,692,MOVE,current,830.6504,1747.75,740878725493000
1,693,MOVE,historical,828.7002,1748.7998,740878729928000
1,694,MOVE,current,826.7002,1749.7998,740878734208500
1,695,MOVE,historical,824.5996,1751.0,740878738468000
1,696,MOVE,current,822.5498,1752.1006,740878742738000
1,697,MOVE,historical,820.7998,1753.0,740878746639000
1,698,MOVE,current,818.9004,1754.0,740878750724500
1,699,MOVE,historical,817.2002,1755.0,740878755357000
1,700,MOVE,current,815.4004,1756.0,740878759716000
1,701,MOVE,historical,813.7998,1756.9004,740878763752000
1,702,MOVE,current,812.0996,1757.8496,740878767949500
1,703,MOVE,historical,810.7002,1758.5,740878771966000
1,704,MOVE,current,809.1504,1759.2998,740878776073000
1,705,MOVE,historical,807.7002,1760.0,740878780474000
1,706,MOVE,current,806.2002,1760.75,740878784728000
1,707,MOVE,historical,804.9004,1761.2998,740878789191000
1,708,MOVE,current,803.5,1761.9502,740878793549500
1,709,MOVE,historical,801.9004,1762.5996,740878797799000
1,710,MOVE,current,800.4004,1763.25,740878802103000
1,711,MOVE,historical,798.9004,1763.9004,740878806046000
1,712,MOVE,current,797.4004,1764.5498,740878810169500
1,713,MOVE,historical,795.9004,1765.0996,740878814124000
1,714,MOVE,current,794.4004,1765.7002,740878818163000
1,715,MOVE,historical,792.7998,1766.4004,740878822309000
1,716,MOVE,current,791.25,1767.0498,740878826401500
1,717,MOVE,historical,789.7002,1767.7998,740878830842000
1,718,MOVE,current,788.1504,1768.5,740878835108500
1,719,MOVE,historical,786.7998,1769.0996,740878839350000
1,720,MOVE,current,785.3496,1769.75,740878843604000
1,721,MOVE,historical,783.7002,1770.5,740878847603000
1,722,MOVE,current,782.1504,1771.2002,740878851729500
1,723,MOVE,historical,780.7002,1772.0,740878856086000
1,724,MOVE,current,779.2002,1772.75,740878860327500
1,725,MOVE,historical,777.7998,1773.5996,740878864392000
1,726,MOVE,current,776.3496,1774.4004,740878868545000
1,727,MOVE,historical,774.9004,1775.2002,740878873250000
1,728,MOVE,current,773.4502,1776.0,740878877679000
1,729,MOVE,historical,772.0,1776.9004,740878881178000
1,730,MOVE,current,770.5498,1777.75,740878885142000
1,731,MOVE,historical,769.4004,1778.4004,740878889562000
1,732,MOVE,current,768.0996,1779.1504,740878893754000
1,733,MOVE,historical,766.9004,1780.0,740878898322000
1,734,MOVE,current,765.6504,1780.7998,740878902702000
1,735,MOVE,historical,764.5996,1781.4004,740878906706000
1,736,MOVE,current,763.4502,1782.0996,740878910898000
1,737,MOVE,historical,762.5996,1782.7002,740878914827000
1,738,MOVE,current,761.5996,1783.3496,740878918887500
1,739,MOVE,historical,760.4004,1784.0996,740878923118000
1,740,MOVE,current,759.2998,1784.7998,740878927263500
1,741,MOVE,historical,758.2998,1785.5996,740878931792000
1,742,MOVE,current,757.25,1786.3496,740878936129000
1,743,MOVE,historical,756.2998,1786.9004,740878939836000
1,744,MOVE,current,755.2998,1787.5498,740878943858000
1,745,MOVE,historical,754.2998,1788.0996,740878948304000
1,746,MOVE,current,753.2998,1788.7002,740878952538000
1,747,MOVE,historical,752.2998,1789.2998,740878956885000
1,748,MOVE,current,751.2998,1789.9004,740878961175500
1,749,MOVE,historical,750.2998,1790.5,740878965202000
1,750,MOVE,current,749.2998,1791.1006,740878969360500
1,751,MOVE,historical,748.5996,1791.5996,740878973810000
1,752,MOVE,current,747.75,1792.1504,740878978114000
1,753,MOVE,historical,747.2998,1792.4004,740878981991000
1,754,MOVE,current,746.6504,1792.7998,740878986081500
1,755,MOVE,historical,746.0996,1793.0996,740878990381000
1,756,MOVE,current,745.5,1793.4502,740878994576000
1,757,MOVE,historical,745.2002,1793.5996,740878999098000
1,758,MOVE,current,744.791,1793.8271,740879003061261
1,759,MOVE,historical,744.4004,1794.0996,740879007284000
1,760,MOVE,current,744.0,1794.3496,740879011376942
1,761,MOVE,historical,743.7998,1794.4004,740879015951000
1,762,MOVE,current,743.541,1794.5293,740879019692923
1,763,MOVE,historical,743.5996,1794.5,740879023971000
1,764,MOVE,current,743.5,1794.5498,740879027981000
1,765,MOVE,current,744.9004,1793.7998,740879116725000
1,766,MOVE,historical,747.7002,1792.2998,740879125357000
1,767,MOVE,current,748.48926,1791.877,740879127789779
1,768,MOVE,historical,751.0,1790.4004,740879133338000
1,769,MOVE,current,752.14355,1789.7412,740879136104677
1,770,MOVE,historical,754.5,1788.2002,740879142262000
1,771,MOVE,current,755.3496,1787.666,740879144428644
1,772,MOVE,historical,758.5,1785.7998,740879150346000
1,773,MOVE,current,759.6865,1785.0879,740879152743916
1,774,MOVE,historical,762.7998,1783.0996,740879158642000
1,775,MOVE,current,764.05273,1782.3135,740879161059188
1,776,MOVE,historical,767.4004,1780.2002,740879166931000
1,777,MOVE,current,768.75684,1779.3447,740879169375634
1,778,MOVE,historical,772.2002,1777.2002,740879175331000
1,779,MOVE,current,773.5488,1776.3574,740879177690960
1,780,MOVE,historical,777.2002,1774.2998,740879183733000
1,781,MOVE,current,778.55273,1773.5156,740879186006359
1,782,MOVE,historical,782.2002,1771.5,740879192181000
1,783,MOVE,current,783.4668,1770.791,740879194321696
1,784,MOVE,historical,787.2998,1768.7998,740879200551000
1,785,MOVE,current,788.5703,1768.127,740879202636331
1,786,MOVE,historical,792.4004,1766.2002,740879208951000
1,787,MOVE,current,793.61426,1765.581,740879210950931
1,788,MOVE,historical,797.2002,1764.0,740879217463000
1,789,MOVE,current,798.2168,1763.5342,740879219265577
1,790,MOVE,historical,802.2998,1761.5,740879225937000
1,791,MOVE,current,803.28906,1761.0156,740879227580001
1,792,MOVE,historical,807.2002,1759.4004,740879234490000
1,793,MOVE,current,808.0049,1759.0547,740879235894280
1,794,MOVE,historical,811.7998,1757.2998,740879242662000
1,795,MOVE,current,812.6709,1756.9023,740879244208697
1,796,MOVE,historical,816.5,1755.0,740879251014000
1,797,MOVE,current,817.3496,1754.585,740879252523167
1,798,MOVE,historical,821.2002,1752.5996,740879259690000
1,799,MOVE,current,821.8213,1752.2822,740879260837679
1,800,MOVE,historical,825.7002,1750.2002,740879268300000
1,801,MOVE,current,826.1455,1749.9629,740879269152082
1,802,MOVE,historical,829.9004,1748.0,740879276491000
1,803,MOVE,current,830.4004,1747.7383,740879277466286
1,804,MOVE,historical,833.7002,1746.0,740879284730000
1,805,MOVE,current,834.1846,1745.7451,740879285780397
1,806,MOVE,historical,837.5996,1744.2002,740879293150000
1,807,MOVE,current,838.0371,1743.998,740879294094341
1,808,MOVE,historical,841.2002,1742.5,740879301655000
1,809,MOVE,current,841.51855,1742.3496,740879302408121
1,810,MOVE,historical,844.9004,1740.9004,740879310180000
1,811,MOVE,current,845.13477,1740.7979,740879310721487
1,812,MOVE,historical,848.5,1739.2998,740879318423000
1,813,MOVE,current,848.7666,1739.1816,740879319034259
1,814,MOVE,historical,851.7998,1738.0,740879326773000
1,815,MOVE,current,852.02637,1737.9111,740879327345632
1,816,MOVE,historical,855.0996,1736.7002,740879335184000
1,817,MOVE,current,855.28613,1736.627,740879335658966
1,818,MOVE,historical,858.4004,1735.5,740879343451000
1,819,MOVE,current,858.6084,1735.4248,740879343972391
1,820,MOVE,historical,861.7998,1734.2002,740879351892000
1,821,MOVE,current,861.959,1734.1396,740879352285918
1,822,MOVE,historical,865.0,1733.0,740879360324000
1,823,MOVE,current,865.1045,1732.9609,740879360599445
1,824,MOVE,historical,868.2998,1731.5996,740879368749000
1,825,MOVE,current,868.36426,1731.5732,740879368912749
1,826,MOVE,historical,871.4004,1730.4004,740879377171000
1,827,MOVE,current,871.4199,1730.3916,740879377226333
1,828,MOVE,historical,874.5,1729.2002,740879385385000
1,829,MOVE,current,874.5586,1729.1777,740879385539740
1,830,MOVE,historical,877.5996,1727.9004,740879394968000
1,831,MOVE,current,880.4082,1726.7764,740879402158714
1,832,MOVE,historical,880.5996,1726.7002,740879402649000
1,833,MOVE,current,883.3506,1725.6562,740879410464966
1,834,MOVE,historical,883.5,1725.5996,740879410889000
1,835,MOVE,current,886.0742,1724.5889,740879418772052
1,836,MOVE,historical,886.2998,1724.5,740879419462000
1,837,MOVE,current,888.55566,1723.5977,740879427080107
1,838,MOVE,historical,888.7998,1723.5,740879427906000
1,839,MOVE,current,891.0762,1722.7715,740879435389056
1,840,MOVE,historical,891.2998,1722.7002,740879436126000
1,841,MOVE,current,892.5498,1722.2998,740879440236000
1,842,MOVE,historical,893.5996,1721.9004,740879444483000
1,843,MOVE,current,894.75,1721.5,740879448661500
1,844,MOVE,historical,895.9004,1721.0996,740879452981000
1,845,MOVE,current,897.0498,1720.7002,740879457230000
1,846,MOVE,historical,898.0996,1720.2998,740879461292000
1,847,MOVE,current,899.2002,1719.9004,740879465447500
1,848,MOVE,historical,900.2998,1719.5996,740879470386000
1,849,MOVE,current,901.96387,1719.0176,740879476944229
1,850,MOVE,historical,902.2998,1718.9004,740879478271000
1,851,MOVE,current,903.9424,1718.3818,740879485257064
1,852,MOVE,historical,904.2002,1718.2998,740879486355000
1,853,MOVE,current,905.1504,1718.0,740879490397000
1,854,MOVE,historical,905.7998,1717.7998,740879494725000
1,855,MOVE,current,906.5996,1717.5498,740879498910000
1,856,MOVE,historical,907.4004,1717.2002,740879503425000
1,857,MOVE,current,908.2002,1716.9004,740879507775000
1,858,MOVE,historical,908.9004,1716.7002,740879511874000
1,859,MOVE,current,909.6504,1716.4502,740879516098500
1,860,MOVE,historical,910.5,1716.2002,740879520575000
1,861,MOVE,current,911.2998,1715.9502,740879524925500
1,862,MOVE,historical,912.0996,1715.7002,740879528873000
1,863,MOVE,current,912.9004,1715.4502,740879533022000
1,864,MOVE,historical,913.7002,1715.2002,740879537085000
1,865,MOVE,current,914.5,1714.9502,740879541191000
1,866,MOVE,historical,915.4004,1714.7002,740879545472000
1,867,MOVE,current,916.25,1714.4502,740879549665500
1,868,MOVE,historical,916.9004,1714.2002,740879553886000
1,869,MOVE,current,917.6504,1713.9502,740879558093000
1,870,MOVE,historical,918.2998,1713.7002,740879562357000
1,871,MOVE,current,919.0,1713.4502,740879566592500
1,872,MOVE,historical,919.5996,1713.2998,740879570496000
1,873,MOVE,current,920.25,1713.0996,740879574565500
1,874,MOVE,historical,920.9004,1712.9004,740879578947000
1,875,MOVE,current,921.5498,1712.7002,740879583172500
1,876,MOVE,historical,922.2002,1712.5,740879587866000
1,877,MOVE,current,922.8496,1712.2998,740879592325500
1,878,MOVE,historical,923.4004,1712.2002,740879595849000
1,879,MOVE,current,924.0,1712.0498,740879599840500
1,880,MOVE,historical,924.7002,1711.7998,740879604267000
1,881,MOVE,current,925.3496,1711.5996,740879608476000
1,882,MOVE,historical,926.0,1711.2998,740879612724000
1,883,MOVE,current,926.6504,1711.0498,740879616952500
1,884,MOVE,historical,927.4004,1710.9004,740879621105000
1,885,MOVE,current,928.0996,1710.7002,740879625295500
1,886,MOVE,historical,928.5996,1710.5,740879629427000
1,887,MOVE,current,929.2002,1710.2998,740879633588000
1,888,MOVE,historical,929.9004,1710.0996,740879638492000
1,889,MOVE,current,930.5498,1709.9004,740879643024500
1,890,MOVE,historical,931.0,1709.7998,740879646286000
1,891,MOVE,current,931.5498,1709.6504,740879650183000
1,892,MOVE,historical,932.0,1709.4004,740879654655000
1,893,MOVE,current,932.5,1709.2002,740879658839500
1,894,MOVE,historical,933.0,1709.0996,740879662954000
1,895,MOVE,current,933.5,1708.9502,740879667103500
1,896,MOVE,historical,933.7002,1708.9004,740879671456000
1,897,MOVE,current,934.0498,1708.7998,740879675707000
1,898,MOVE,historical,934.2002,1708.7002,740879679965000
1,899,MOVE,current,934.4502,1708.5996,740879684219500
1,900,MOVE,historical,934.4004,1708.5996,740879688276000
1,901,MOVE,current,934.5,1708.5498,740879692431500
1,902,MOVE,current,933.2998,1709.2998,740879789533000
1,903,MOVE,historical,931.5996,1710.2002,740879797451000
1,904,MOVE,current,930.7959,1710.626,740879801195243
1,905,MOVE,historical,929.5,1711.2002,740879805960000
1,906,MOVE,current,928.626,1711.6162,740879809502444
1,907,MOVE,historical,927.0996,1712.2002,740879814538000
1,908,MOVE,current,926.18555,1712.581,740879817806572
1,909,MOVE,historical,924.7002,1713.2002,740879822650000
1,910,MOVE,current,923.6787,1713.626,740879826102868
1,911,MOVE,historical,922.0,1714.2998,740879831157000
1,912,MOVE,current,920.96875,1714.7197,740879834406118
1,913,MOVE,historical,919.0996,1715.2998,740879839921000
1,914,MOVE,current,918.17676,1715.6182,740879842712500
1,915,MOVE,historical,916.0996,1716.4004,740879847886000
1,916,MOVE,current,914.91797,1716.833,740879851024278
1,917,MOVE,historical,913.0996,1717.2998,740879856345000
1,918,MOVE,current,912.041,1717.6182,740879859331377
1,919,MOVE,historical,910.0996,1718.2002,740879864797000
1,920,MOVE,current,909.0908,1718.5029,740879867640490
1,921,MOVE,historical,907.0,1719.2002,740879873092000
1,922,MOVE,current,905.93066,1719.5449,740879875953084
1,923,MOVE,historical,904.0,1720.2998,740879881842000
1,924,MOVE,current,903.16895,1720.6045,740879884265644
1,925,MOVE,historical,901.0,1721.4004,740879890481000
1,926,MOVE,current,900.27246,1721.667,740879892577122
1,927,MOVE,historical,898.0996,1722.4004,740879898635000
1,928,MOVE,current,897.29785,1722.6768,740879900889848
1,929,MOVE,historical,895.0996,1723.5996,740879906839000
1,930,MOVE,current,894.2363,1723.9453,740879909201386
1,931,MOVE,historical,892.0,1724.7998,740879915209000
1,932,MOVE,current,891.1455,1725.1309,740879917515460
1,933,MOVE,historical,888.7002,1726.0996,740879923756000
1,934,MOVE,current,887.8994,1726.416,740879925830272
1,935,MOVE,historical,885.4004,1727.4004,740879932241000
1,936,MOVE,current,884.6592,1727.6914,740879934145654
1,937,MOVE,historical,882.0996,1728.7002,740879940436000
1,938,MOVE,current,881.28516,1729.0205,740879942459044
1,939,MOVE,historical,879.2002,1730.0,740879948782000
1,940,MOVE,current,878.5078,1730.3105,740879950772715
1,941,MOVE,historical,876.2998,1731.0996,740879957283000
1,942,MOVE,current,875.6846,1731.333,740879959086791
1,943,MOVE,historical,873.7998,1732.0996,740879965520000
1,944,MOVE,current,873.2295,1732.3281,740879967401015
1,945,MOVE,historical,871.4004,1733.0996,740879974069000
1,946,MOVE,current,870.9375,1733.293,740879975715714
1,947,MOVE,historical,869.0,1734.0,740879982846000
1,948,MOVE,current,868.6758,1734.1221,740879984031239
1,949,MOVE,historical,866.5996,1734.7998,740879990854000
1,950,MOVE,current,866.15234,1734.9492,740879992348074
1,951,MOVE,historical,864.2002,1735.7002,740879999607000
1,952,MOVE,current,863.9092,1735.8096,740880000668818
1,953,MOVE,historical,861.7998,1736.5,740880007869000
1,954,MOVE,current,861.4756,1736.6084,740880008986946
1,955,MOVE,historical,859.2998,1737.2998,740880016313000
1,956,MOVE,current,859.0078,1737.3936,740880017301587
1,957,MOVE,historical,857.0,1738.0,740880024789000
1,958,MOVE,current,856.7754,1738.0684,740880025616252
1,959,MOVE,historical,854.5996,1738.7002,740880033091000
1,960,MOVE,current,854.3574,1738.7705,740880033931013
1,961,MOVE,historical,852.2998,1739.4004,740880041679000
1,962,MOVE,current,852.14844,1739.4463,740880042245297
1,963,MOVE,historical,849.9004,1740.0996,740880049913000
1,964,MOVE,current,849.7119,1740.1553,740880050559632
1,965,MOVE,historical,847.5996,1740.9004,740880058403000
1,966,MOVE,current,847.47266,1740.9443,740880058874122
1,967,MOVE,historical,845.4004,1741.7002,740880066445000
1,968,MOVE,current,845.1963,1741.7744,740880067188177
1,969,MOVE,historical,843.2002,1742.5996,740880075108000
1,970,MOVE,current,843.0996,1742.6406,740880075502092
1,971,MOVE,historical,841.0,1743.5,740880083241000
1,972,MOVE,current,840.8447,1743.5635,740880083816083
1,973,MOVE,historical,838.9004,1744.4004,740880091838000
1,974,MOVE,current,838.8301,1744.4297,740880092122426
1,975,MOVE,historical,836.7998,1745.2998,740880100348000
1,976,MOVE,current,836.7803,1745.3086,740880100429496
1,977,MOVE,historical,834.7002,1746.2998,740880108501000
1,978,MOVE,current,834.6387,1746.3291,740880108737404
1,979,MOVE,historical,832.5996,1747.2998,740880117010000
1,980,MOVE,current,832.5908,1747.3047,740880117046136
1,981,MOVE,historical,830.5,1748.2998,740880125677000
1,982,MOVE,current,828.4287,1749.3848,740880133666521
1,983,MOVE,historical,828.4004,1749.4004,740880133779000
1,984,MOVE,current,826.47266,1750.4092,740880141977513
1,985,MOVE,historical,826.2998,1750.5,740880142712000
1,986,MOVE,current,824.417,1751.6299,740880150289123
1,987,MOVE,historical,824.2998,1751.7002,740880150758000
1,988,MOVE,current,822.41797,1752.6855,740880158601437
1,989,MOVE,historical,822.2002,1752.7998,740880159510000
1,990,MOVE,current,820.36914,1753.8984,740880166914488
1,991,MOVE,historical,820.2002,1754.0,740880167597000
1,992,MOVE,current,818.34766,1755.1113,740880175228155
1,993,MOVE,historical,818.2002,1755.2002,740880175837000
1,994,MOVE,current,816.459,1756.208,740880183541178
1,995,MOVE,historical,816.2998,1756.2998,740880184246000
1,996,MOVE,current,814.5156,1757.2812,740880191854131
1,997,MOVE,historical,814.2998,1757.4004,740880192774000
1,998,MOVE,current,813.2998,1757.9502,740880197038000
1,999,MOVE,historical,812.2002,1758.5,740880201277000
1,1000,MOVE,current,811.1504,1759.0498,740880205528500
1,1001,MOVE,historical,810.2998,1759.4004,740880209655000
1,1002,MOVE,current,809.3496,1759.8496,740880213844000
1,1003,MOVE,historical,808.4004,1760.2998,740880217967000
1,1004,MOVE,current,807.4502,1760.75,740880222123000
1,1005,MOVE,historical,806.7998,1761.0996,740880226222000
1,1006,MOVE,current,805.4658,1761.6006,740880233431316
1,1007,MOVE,historical,805.2002,1761.7002,740880234870000
1,1008,MOVE,current,804.4004,1762.0,740880239194000
1,1009,MOVE,historical,803.7002,1762.4004,740880243374000
1,1010,MOVE,current,802.9502,1762.75,740880247626000
1,1011,MOVE,historical,802.0996,1763.0,740880251862000
1,1012,MOVE,current,801.2998,1763.2998,740880256106000
1,1013,MOVE,historical,800.5996,1763.5996,740880260509000
1,1014,MOVE,current,799.8496,1763.9004,740880264832500
1,1015,MOVE,historical,799.0996,1764.2002,740880268919000
1,1016,MOVE,current,798.3496,1764.5,740880273124000
1,1017,MOVE,historical,797.5996,1764.9004,740880277097000
1,1018,MOVE,current,796.8496,1765.25,740880281186000
1,1019,MOVE,historical,796.0,1765.5996,740880285197000
1,1020,MOVE,current,795.2002,1765.9502,740880289247000
1,1021,MOVE,historical,794.5,1766.2002,740880293759000
1,1022,MOVE,current,793.75,1766.5,740880298040000
1,1023,MOVE,historical,793.0996,1766.7998,740880302145000
1,1024,MOVE,current,792.4004,1767.0996,740880306338000
1,1025,MOVE,historical,791.5996,1767.5,740880310314000
1,1026,MOVE,current,790.8496,1767.8506,740880314398500
1,1027,MOVE,historical,790.0996,1768.0996,740880318708000
1,1028,MOVE,current,789.3496,1768.4004,740880322905000
1,1029,MOVE,historical,788.7002,1768.7002,740880327525000
1,1030,MOVE,current,788.0,1769.0,740880331933500
1,1031,MOVE,historical,787.2002,1769.2998,740880335553000
1,1032,MOVE,current,786.4502,1769.5996,740880339567000
1,1033,MOVE,historical,785.7998,1769.9004,740880343826000
1,1034,MOVE,current,785.0996,1770.2002,740880347962500
1,1035,MOVE,historical,784.4004,1770.5,740880352485000
1,1036,MOVE,current,783.7002,1770.7998,740880356814500
1,1037,MOVE,historical,783.0996,1771.2002,740880361030000
1,1038,MOVE,current,782.4502,1771.5498,740880365302500
1,1039,MOVE,historical,781.7998,1771.7998,740880369418000
1,1040,MOVE,current,781.1504,1772.0996,740880373612000
1,1041,MOVE,historical,780.5996,1772.4004,740880378094000
1,1042,MOVE,current,780.0,1772.7002,740880382432000
1,1043,MOVE,historical,779.4004,1773.0996,740880386046000
1,1044,MOVE,current,778.7998,1773.4502,740880390022000
1,1045,MOVE,historical,778.2002,1773.7002,740880394835000
1,1046,MOVE,current,777.5996,1774.0,740880399229500
1,1047,MOVE,historical,777.0,1774.4004,740880402795000
1,1048,MOVE,current,776.4004,1774.75,740880406775000
1,1049,MOVE,historical,775.7998,1775.0996,740880411423000
1,1050,MOVE,current,775.2002,1775.4502,740880415737000
1,1051,MOVE,historical,774.5996,1775.7998,740880419696000
1,1052,MOVE,current,774.0,1776.1504,740880423832500
1,1053,MOVE,historical,773.2998,1776.5996,740880428224000
1,1054,MOVE,current,772.6504,1777.0,740880432488000
1,1055,MOVE,historical,772.0996,1777.4004,740880436453000
1,1056,MOVE,current,771.5,1777.7998,740880440567500
1,1057,MOVE,historical,770.7998,1778.0996,740880444778000
1,1058,MOVE,current,770.1504,1778.4502,740880448940500
1,1059,MOVE,historical,769.5,1779.0,740880453204000
1,1060,MOVE,current,768.8496,1779.4502,740880457417000
1,1061,MOVE,historical,768.2002,1779.7998,740880461667000
1,1062,MOVE,current,767.5498,1780.2002,740880465898500
1,1063,MOVE,historical,766.7998,1780.7002,740880470704000
1,1064,MOVE,current,766.208,1781.081,740880474525384
1,1065,MOVE,historical,765.5,1781.5,740880478693000
1,1066,MOVE,current,764.8496,1781.9004,740880482687500
1,1067,MOVE,historical,764.2002,1782.2998,740880486892000
1,1068,MOVE,current,763.5498,1782.7002,740880490991500
1,1069,MOVE,historical,762.9004,1783.2002,740880495495000
1,1070,MOVE,current,762.2998,1783.6162,740880499469059
1,1071,MOVE,historical,761.5996,1784.0996,740880503775000
1,1072,MOVE,current,760.9707,1784.5361,740880507784720
1,1073,MOVE,historical,760.2002,1785.0,740880512053000
1,1074,MOVE,current,759.5156,1785.4404,740880516101081
1,1075,MOVE,historical,758.7998,1786.0,740880520802000
1,1076,MOVE,current,758.2217,1786.4131,740880524414518
1,1077,MOVE,historical,757.4004,1786.9004,740880528968000
1,1078,MOVE,current,756.7549,1787.3145,740880532731974
1,1079,MOVE,historical,756.0,1787.7998,740880537577000
1,1080,MOVE,current,755.43555,1788.1631,740880541050632
1,1081,MOVE,historical,754.7998,1788.7002,740880545762000
1,1082,MOVE,current,754.2715,1789.0957,740880549364747
1,1083,MOVE,historical,753.5996,1789.4004,740880554132000
1,1084,MOVE,current,753.0908,1789.6973,740880557684115
1,1085,MOVE,historical,752.5,1790.0996,740880562427000
1,1086,MOVE,current,752.02637,1790.4014,740880565998524
1,1087,MOVE,historical,751.5996,1790.7998,740880571413000
1,1088,MOVE,current,751.3096,1791.0254,740880574312781
1,1089,MOVE,historical,750.7998,1791.2998,740880579238000
1,1090,MOVE,current,750.4531,1791.5166,740880582627264
1,1091,MOVE,historical,750.0996,1791.7002,740880587836000
1,1092,MOVE,current,749.8467,1791.8447,740880590941880
1,1093,MOVE,historical,749.5,1792.0996,740880596444000
1,1094,MOVE,current,749.3037,1792.2305,740880599256513
1,1095,MOVE,historical,749.0,1792.4004,740880604648000
1,1096,MOVE,current,748.82227,1792.5068,740880607571011
1,1097,MOVE,historical,748.5,1792.7002,740880612881000
1,1098,MOVE,current,748.3174,1792.8096,740880615885285
1,1099,MOVE,historical,748.0996,1792.9004,740880621237000
1,1100,MOVE,current,747.958,1792.9707,740880624199764
1,1101,MOVE,historical,747.7002,1793.2002,740880629860000
1,1102,MOVE,current,747.57715,1793.292,740880632514125
1,1103,MOVE,historical,747.2998,1793.4004,740880638402000
1,1104,MOVE,current,747.1865,1793.457,740880640828593
1,1105,MOVE,historical,746.7998,1793.7002,740880646555000
1,1106,MOVE,current,746.6416,1793.7949,740880649143175
1,1107,MOVE,historical,746.2998,1794.0,740880655205000
1,1108,MOVE,current,746.1699,1794.0781,740880657457577
1,1109,MOVE,historical,745.7998,1794.2998,740880663810000
1,1110,MOVE,current,745.68555,1794.3682,740880665772051
1,1111,MOVE,historical,745.2998,1794.5996,740880672422000
1,1112,MOVE,current,745.2031,1794.6582,740880674086481
1,1113,MOVE,historical,744.7002,1794.7998,740880680538000
1,1114,MOVE,current,744.5625,1794.8457,740880682400372
1,1115,MOVE,historical,744.2002,1795.0996,740880688774000
1,1116,MOVE,current,744.08203,1795.1709,740880690714337
1,1117,MOVE,historical,743.7002,1795.2998,740880697098000
1,1118,MOVE,current,743.584,1795.3467,740880699028773
1,1119,MOVE,historical,743.2998,1795.5996,740880705665000
1,1120,MOVE,current,743.2217,1795.6592,740880707342867
1,1121,MOVE,historical,742.9004,1795.7998,740880714180000
1,1122,MOVE,current,742.83105,1795.835,740880715657031
1,1123,MOVE,historical,742.7002,1795.9004,740880722288000
1,1124,MOVE,current,742.6582,1795.9209,740880723970823
1,1125,MOVE,historical,742.5,1796.0,740880730714000
1,1126,MOVE,current,742.4629,1796.0186,740880732284727
1,1127,MOVE,historical,742.4004,1796.0996,740880739259000
1,1128,MOVE,current,742.38477,1796.1152,740880740598902
1,1129,MOVE,historical,742.5,1796.0,740880849124000
1,1130,MOVE,historical,744.5,1794.9004,740880856900000
1,1131,MOVE,current,744.5957,1794.8467,740880857273582
1,1132,MOVE,historical,746.7998,1793.7002,740880865035000
1,1133,MOVE,current,746.88965,1793.6533,740880865352328
1,1134,MOVE,historical,748.7998,1792.5996,740880874061000
1,1135,MOVE,current,750.7168,1791.5459,740880881982328
1,1136,MOVE,historical,750.7998,1791.5,740880882326000
1,1137,MOVE,current,752.26953,1790.6182,740880890315661
1,1138,MOVE,historical,752.2998,1790.5996,740880890482000
1,1139,MOVE,current,753.70605,1789.7559,740880898648994
1,1140,MOVE,historical,753.7998,1789.7002,740880899192000
1,1141,MOVE,current,755.3076,1788.8525,740880906982327
1,1142,MOVE,historical,755.4004,1788.7998,740880907462000
1,1143,MOVE,current,756.8613,1787.8867,740880915315660
1,1144,MOVE,historical,757.0,1787.7998,740880916059000
1,1145,MOVE,current,757.7998,1787.2998,740880920357500
1,1146,MOVE,historical,758.7002,1786.7998,740880924277000
1,1147,MOVE,current,759.5498,1786.2998,740880928386000
1,1148,MOVE,historical,760.4004,1785.7002,740880932795000
1,1149,MOVE,current,761.94336,1784.792,740880940108930
1,1150,MOVE,historical,762.0996,1784.7002,740880940849000
1,1151,MOVE,current,762.9502,1784.2002,740880944876000
1,1152,MOVE,historical,763.7002,1783.7002,740880949410000
1,1153,MOVE,current,764.5,1783.2002,740880953690500
1,1154,MOVE,historical,765.2002,1782.7002,740880957846000
1,1155,MOVE,current,765.9502,1782.2002,740880962064000
1,1156,MOVE,historical,766.7002,1781.7002,740880966376000
1,1157,MOVE,current,767.4502,1781.2002,740880970641000
1,1158,MOVE,historical,768.0,1780.7998,740880974622000
1,1159,MOVE,current,768.6504,1780.3496,740880978745000
1,1160,MOVE,historical,769.2998,1779.9004,740880983102000
1,1161,MOVE,current,769.9502,1779.4502,740880987342000
1,1162,MOVE,historical,770.5,1779.0,740880991566000
1,1163,MOVE,current,771.0996,1778.5498,740880995798000
1,1164,MOVE,historical,771.9004,1778.0,740881000082000
1,1165,MOVE,current,772.5996,1777.5,740881004340000
1,1166,MOVE,historical,773.2002,1777.2002,740881008357000
1,1167,MOVE,current,773.8496,1776.7998,740881012494500
1,1168,MOVE,historical,774.5996,1776.2998,740881016917000
1,1169,MOVE,current,775.2998,1775.8496,740881021197000
1,1170,MOVE,historical,775.9004,1775.5,740881025220000
1,1171,MOVE,current,776.5498,1775.1006,740881029371500
1,1172,MOVE,historical,777.4004,1774.5996,740881033720000
1,1173,MOVE,current,778.1504,1774.1504,740881037970000
1,1174,MOVE,historical,778.9004,1773.7002,740881041969000
1,1175,MOVE,current,779.6504,1773.25,740881046093500
1,1176,MOVE,historical,780.5,1772.7998,740881050413000
1,1177,MOVE,current,781.2998,1772.3496,740881054635000
1,1178,MOVE,historical,782.2998,1771.9004,740881058595000
1,1179,MOVE,current,783.2002,1771.4502,740881062686000
1,1180,MOVE,historical,784.2002,1770.9004,740881067095000
1,1181,MOVE,current,785.1504,1770.4004,740881071345000
1,1182,MOVE,historical,786.2998,1769.9004,740881075373000
1,1183,MOVE,current,787.3496,1769.4004,740881079512000
1,1184,MOVE,historical,788.5996,1768.7998,740881083925000
1,1185,MOVE,current,789.75,1768.25,740881088201000
1,1186,MOVE,historical,791.0996,1767.5996,740881092293000
1,1187,MOVE,current,792.3496,1767.0,740881096477000
1,1188,MOVE,historical,793.5,1766.5,740881100711000
1,1189,MOVE,current,794.7002,1765.9502,740881104920000
1,1190,MOVE,historical,796.0996,1765.2002,740881109392000
1,1191,MOVE,current,797.4004,1764.5498,740881113732500
1,1192,MOVE,historical,798.7998,1763.9004,740881117509000
1,1193,MOVE,current,800.1504,1763.25,740881121567500
1,1194,MOVE,historical,801.5,1762.5996,740881125991000
1,1195,MOVE,current,802.8496,1761.9502,740881130232000
1,1196,MOVE,historical,804.2002,1761.4004,740881134399000
1,1197,MOVE,current,805.5498,1760.7998,740881138603000
1,1198,MOVE,historical,806.7002,1760.2002,740881142673000
1,1199,MOVE,current,807.9502,1759.5996,740881146810000
1,1200,MOVE,historical,809.2998,1759.0996,740881151112000
1,1201,MOVE,current,810.5996,1758.5498,740881155331500
1,1202,MOVE,historical,811.7002,1758.0,740881159383000
1,1203,MOVE,current,812.9004,1757.4502,740881163518500
1,1204,MOVE,historical,814.2002,1757.0,740881167916000
1,1205,MOVE,current,815.4502,1756.5,740881172182500
1,1206,MOVE,historical,816.5,1755.9004,740881176571000
1,1207,MOVE,current,817.6504,1755.3496,740881180898500
1,1208,MOVE,historical,818.9004,1754.7998,740881184770000
1,1209,MOVE,current,820.0996,1754.25,740881188869500
1,1210,MOVE,historical,821.2998,1753.7002,740881193129000
1,1211,MOVE,current,822.5,1753.1504,740881197308500
1,1212,MOVE,historical,823.7002,1752.5996,740881201709000
1,1213,MOVE,current,824.9004,1752.0498,740881205999000
1,1214,MOVE,historical,826.2998,1751.4004,740881210281000
1,1215,MOVE,current,827.5342,1750.8301,740881214349376
1,1216,MOVE,historical,828.7002,1750.2998,740881218571000
1,1217,MOVE,current,829.8828,1749.7578,740881222658072
1,1218,MOVE,historical,831.0996,1749.0996,740881226701000
1,1219,MOVE,current,832.2998,1748.5,740881230766000
1,1220,MOVE,historical,833.5996,1747.9004,740881235280000
1,1221,MOVE,current,834.7656,1747.3398,740881239281093
1,1222,MOVE,historical,836.0,1746.7002,740881243574000
1,1223,MOVE,current,837.1621,1746.1191,740881247590397
1,1224,MOVE,historical,838.4004,1745.4004,740881252128000
1,1225,MOVE,current,839.458,1744.8271,740881255899848
1,1226,MOVE,historical,840.7002,1744.2998,740881260384000
1,1227,MOVE,current,841.7656,1743.79,740881264210847
1,1228,MOVE,historical,843.0996,1743.0,740881268791000
1,1229,MOVE,current,844.16504,1742.4229,740881272523279
1,1230,MOVE,historical,845.5,1741.9004,740881277503000
1,1231,MOVE,current,846.41895,1741.4785,740881280837159
1,1232,MOVE,historical,847.7998,1740.7002,740881285530000
1,1233,MOVE,current,848.8379,1740.1582,740881289152432
1,1234,MOVE,historical,850.2002,1739.5996,740881294249000
1,1235,MOVE,current,851.08594,1739.1934,740881297469072
1,1236,MOVE,historical,852.5996,1738.5,740881302892000
1,1237,MOVE,current,853.4043,1738.1318,740881305787264
1,1238,MOVE,historical,854.9004,1737.5,740881310826000
1,1239,MOVE,current,855.84863,1737.0879,740881314098193
1,1240,MOVE,historical,857.2002,1736.5996,740881319163000
1,1241,MOVE,current,858.09766,1736.249,740881322418337
1,1242,MOVE,historical,859.4004,1735.7002,740881328385000
1,1243,MOVE,current,859.9619,1735.4707,740881330738894
1,1244,MOVE,historical,861.7002,1734.7998,740881335890000
1,1245,MOVE,current,862.66895,1734.4209,740881339051204
1,1246,MOVE,historical,863.9004,1734.0,740881344495000
1,1247,MOVE,current,864.63477,1733.7334,740881347367119
1,1248,MOVE,historical,866.0996,1733.0996,740881352785000
1,1249,MOVE,current,866.86914,1732.7852,740881355684152
1,1250,MOVE,historical,868.0996,1732.2998,740881361239000
1,1251,MOVE,current,868.7529,1732.0391,740881363997021
1,1252,MOVE,historical,870.2002,1731.5,740881369752000
1,1253,MOVE,current,870.83105,1731.2598,740881372309983
1,1254,MOVE,historical,872.0996,1730.7998,740881378281000
1,1255,MOVE,current,872.6221,1730.6074,740881380623330
1,1256,MOVE,historical,874.0,1730.0,740881386609000
1,1257,MOVE,current,874.53125,1729.7764,740881388936313
1,1258,MOVE,historical,875.7998,1729.2998,740881395166000
1,1259,MOVE,current,876.2344,1729.1309,740881397232249
1,1260,MOVE,historical,877.5996,1728.5996,740881403207000
1,1261,MOVE,current,878.12305,1728.3965,740881405544407
1,1262,MOVE,historical,879.4004,1727.9004,740881411692000
1,1263,MOVE,current,879.85254,1727.7236,740881413823980
1,1264,MOVE,historical,881.2998,1727.2002,740881420247000
1,1265,MOVE,current,881.70996,1727.0488,740881422092186
1,1266,MOVE,historical,883.2002,1726.5,740881428473000
1,1267,MOVE,current,883.6387,1726.3389,740881430370261
1,1268,MOVE,historical,885.2002,1725.7002,740881437083000
1,1269,MOVE,current,885.5654,1725.5537,740881438655619
1,1270,MOVE,historical,887.0,1724.9004,740881445442000
1,1271,MOVE,current,887.3242,1724.7559,740881446946673
1,1272,MOVE,historical,888.9004,1724.2002,740881453842000
1,1273,MOVE,current,889.2168,1724.083,740881455242001
1,1274,MOVE,historical,890.5996,1723.4004,740881462092000
1,1275,MOVE,current,890.8994,1723.2588,740881463546877
1,1276,MOVE,historical,892.2998,1722.7998,740881471440000
1,1277,MOVE,current,892.375,1722.7734,740881471853937
1,1278,MOVE,historical,894.0,1722.0996,740881479065000
1,1279,MOVE,current,894.2451,1721.999,740881480162810
1,1280,MOVE,historical,895.7002,1721.4004,740881487353000
1,1281,MOVE,current,895.9297,1721.3057,740881488472392
1,1282,MOVE,historical,897.4004,1720.7998,740881495639000
1,1283,MOVE,current,897.63477,1720.7168,740881496783786
1,1284,MOVE,historical,899.0996,1720.2002,740881504361000
1,1285,MOVE,current,899.24316,1720.1494,740881505097222
1,1286,MOVE,historical,900.7002,1719.7002,740881512775000
1,1287,MOVE,current,900.8213,1719.6621,740881513412981
1,1288,MOVE,historical,902.2002,1719.2002,740881521200000
1,1289,MOVE,current,902.2949,1719.169,740881521731536
1,1290,MOVE,historical,903.5996,1718.7998,740881529412000
1,1291,MOVE,current,903.708,1718.7695,740881530047080
1,1292,MOVE,historical,905.0996,1718.2998,740881537992000
1,1293,MOVE,current,905.16504,1718.2783,740881538365906
1,1294,MOVE,historical,906.7002,1717.7998,740881546217000
1,1295,MOVE,current,906.792,1717.7715,740881546689305
1,1296,MOVE,historical,908.0996,1717.4004,740881554491000
1,1297,MOVE,current,908.18945,1717.374,740881555017927
1,1298,MOVE,historical,909.5996,1717.0,740881562912000
1,1299,MOVE,current,909.6787,1716.9795,740881563353727
1,1300,MOVE,historical,911.0996,1716.5996,740881571342000
1,1301,MOVE,current,911.16113,1716.584,740881571682936
1,1302,MOVE,historical,912.5,1716.2002,740881580200000
1,1303,MOVE,historical,914.0,1715.9004,740881588101000
1,1304,MOVE,current,914.04004,1715.8916,740881588312312
1,1305,MOVE,historical,915.4004,1715.5996,740881596938000
1,1306,MOVE,historical,916.7998,1715.2002,740881604894000
1,1307,MOVE,current,916.80664,1715.1982,740881604928899
1,1308,MOVE,historical,918.2002,1714.7998,740881613581000
1,1309,MOVE,current,919.34375,1714.5137,740881621546511
1,1310,MOVE,historical,919.4004,1714.5,740881621939000
1,1311,MOVE,current,920.5127,1714.1289,740881629861005
1,1312,MOVE,historical,920.5996,1714.0996,740881630481000
1,1313,MOVE,current,921.2002,1713.9004,740881634752000
1,1314,MOVE,historical,921.7998,1713.7998,740881639063000
1,1315,MOVE,current,922.8926,1713.4355,740881646493265
1,1316,MOVE,historical,923.0,1713.4004,740881647223000
1,1317,MOVE,current,924.00195,1713.127,740881654810023
1,1318,MOVE,historical,924.0996,1713.0996,740881655554000
1,1319,MOVE,current,924.6504,1712.9502,740881659719500
1,1320,MOVE,historical,925.2002,1712.7998,740881664079000
1,1321,MOVE,current,925.75,1712.6504,740881668341500
1,1322,MOVE,historical,926.2998,1712.5,740881672678000
1,1323,MOVE,current,926.8496,1712.3506,740881676977500
1,1324,MOVE,historical,927.0996,1712.2002,740881680811000
1,1325,MOVE,current,927.72363,1712.0215,740881688106751
1,1326,MOVE,historical,927.7998,1712.0,740881689004000
1,1327,MOVE,current,928.0625,1711.9121,740881696428455
1,1328,MOVE,historical,928.0996,1711.9004,740881697498000
1,1329,MOVE,current,928.25,1711.8496,740881701745000
1,1330,MOVE,historical,928.2002,1711.9004,740881705964000
1,1331,MOVE,current,928.25,1711.9004,740881710197000
1,1332,MOVE,current,926.7002,1712.7998,740881815408000
1,1333,MOVE,historical,925.0,1713.7998,740881823919000
1,1334,MOVE,current,924.1504,1714.2998,740881828174500
1,1335,MOVE,historical,923.0,1714.7002,740881832053000
1,1336,MOVE,current,922.0,1715.1504,740881836120000
1,1337,MOVE,historical,920.9004,1715.5996,740881840405000
1,1338,MOVE,current,919.8496,1716.0498,740881844581000
1,1339,MOVE,historical,918.7002,1716.5,740881849236000
1,1340,MOVE,current,917.5996,1716.9502,740881853651500
1,1341,MOVE,historical,916.5,1717.2998,740881857260000
1,1342,MOVE,current,915.4004,1717.7002,740881861272000
1,1343,MOVE,historical,914.2002,1718.0,740881865844000
1,1344,MOVE,current,913.0498,1718.3506,740881870136000
1,1345,MOVE,historical,911.5996,1718.7998,740881874254000
1,1346,MOVE,current,910.2998,1719.2002,740881878459000
1,1347,MOVE,historical,909.0996,1719.5996,740881883297000
1,1348,MOVE,current,907.8594,1719.9971,740881887785327
1,1349,MOVE,historical,906.2998,1720.5,740881890960000
1,1350,MOVE,current,904.9004,1720.9502,740881894791500
1,1351,MOVE,historical,903.2002,1721.7002,740881899363000
1,1352,MOVE,current,901.6504,1722.2998,740881903564500
1,1353,MOVE,historical,899.9004,1722.9004,740881907741000
1,1354,MOVE,current,898.25,1723.5,740881911930000
1,1355,MOVE,historical,896.5996,1724.2002,740881916160000
1,1356,MOVE,current,894.9502,1724.8496,740881920369500
1,1357,MOVE,historical,893.0,1725.7002,740881924784000
1,1358,MOVE,current,891.2002,1726.4502,740881929096000
1,1359,MOVE,historical,889.0996,1727.2998,740881933206000
1,1360,MOVE,current,887.1504,1728.0996,740881937417000
1,1361,MOVE,historical,885.2002,1728.9004,740881941492000
1,1362,MOVE,current,883.25,1729.7002,740881945635000
1,1363,MOVE,historical,881.2998,1730.5996,740881949665000
1,1364,MOVE,current,879.3496,1731.4502,740881953751500
1,1365,MOVE,historical,877.7002,1732.0996,740881958085000
1,1366,MOVE,current,875.9004,1732.8496,740881962295000
1,1367,MOVE,historical,874.2998,1733.4004,740881966538000
1,1368,MOVE,current,872.6094,1734.0469,740881970741503
1,1369,MOVE,historical,871.0996,1734.5996,740881974958000
1,1370,MOVE,current,869.542,1735.1846,740881979056746
1,1371,MOVE,historical,868.0996,1735.7002,740881983479000
1,1372,MOVE,current,866.7295,1736.2021,740881987371914
1,1373,MOVE,historical,865.2002,1736.7002,740881992091000
1,1374,MOVE,current,863.98926,1737.1172,740881995687079
1,1375,MOVE,historical,862.2998,1737.7002,740882000346000
1,1376,MOVE,current,861.0156,1738.1426,740882004002289
1,1377,MOVE,historical,859.4004,1738.7002,740882008921000
1,1378,MOVE,current,858.251,1739.0957,740882012317421
1,1379,MOVE,historical,856.2998,1739.5996,740882017066000
1,1380,MOVE,current,854.9424,1739.9941,740882020632441
1,1381,MOVE,historical,853.2998,1740.5,740882025420000
1,1382,MOVE,current,852.0322,1740.8809,740882028950127
1,1383,MOVE,historical,850.4004,1741.2998,740882033981000
1,1384,MOVE,current,849.28613,1741.6074,740882037268408
1,1385,MOVE,historical,847.5996,1742.2002,740882042250000
1,1386,MOVE,current,846.47266,1742.5625,740882045580093
1,1387,MOVE,historical,845.0996,1743.2002,740882051111000
1,1388,MOVE,current,844.3164,1743.5137,740882053887865
1,1389,MOVE,historical,842.7002,1744.0996,740882059012000
1,1390,MOVE,current,841.73145,1744.4629,740882062201230
1,1391,MOVE,historical,840.2998,1745.0996,740882067663000
1,1392,MOVE,current,839.51074,1745.4287,740882070509470
1,1393,MOVE,historical,837.7998,1746.0996,740882075826000
1,1394,MOVE,current,836.88184,1746.4668,740882078822530
1,1395,MOVE,historical,835.4004,1747.2002,740882084399000
1,1396,MOVE,current,834.63477,1747.5508,740882087131340
1,1397,MOVE,historical,832.7998,1748.2998,740882093018000
1,1398,MOVE,current,832.06836,1748.6094,740882095444146
1,1399,MOVE,historical,830.4004,1749.4004,740882101124000
1,1400,MOVE,current,829.6211,1749.7568,740882103753714
1,1401,MOVE,historical,828.0,1750.7002,740882109849000
1,1402,MOVE,current,827.3906,1751.0303,740882112064581
1,1403,MOVE,historical,825.5996,1752.0,740882117835000
1,1404,MOVE,current,824.83594,1752.4141,740882120376386
1,1405,MOVE,historical,823.0,1753.5,740882126895000
1,1406,MOVE,current,822.48535,1753.7969,740882128688610
1,1407,MOVE,historical,820.5,1755.0,740882134676000
1,1408,MOVE,current,819.7529,1755.4482,740882137000966
1,1409,MOVE,historical,818.0,1756.2998,740882142950000
1,1410,MOVE,current,817.28613,1756.6709,740882145313281
1,1411,MOVE,historical,815.4004,1757.7002,740882151593000
1,1412,MOVE,current,814.7881,1758.0293,740882153625599
1,1413,MOVE,historical,812.7998,1759.0,740882160232000
1,1414,MOVE,current,812.28613,1759.2568,740882161939217
1,1415,MOVE,historical,810.2998,1760.2998,740882168688000
1,1416,MOVE,current,809.8369,1760.541,740882170253945
1,1417,MOVE,historical,807.7002,1761.5,740882176786000
1,1418,MOVE,current,807.1279,1761.7646,740882178568861
1,1419,MOVE,historical,805.2998,1762.5996,740882185246000
1,1420,MOVE,current,804.83496,1762.8125,740882186883638
1,1421,MOVE,historical,802.7998,1763.7002,740882193877000
1,1422,MOVE,current,802.417,1763.8682,740882195198309
1,1423,MOVE,historical,800.2998,1764.7998,740882202469000
1,1424,MOVE,current,799.9961,1764.9336,740882203513411
1,1425,MOVE,historical,797.7998,1765.9004,740882210518000
1,1426,MOVE,current,797.3926,1766.0791,740882211828810
1,1427,MOVE,historical,795.4004,1767.0,740882218994000
1,1428,MOVE,current,795.0742,1767.1494,740882220144492
1,1429,MOVE,historical,792.9004,1768.0,740882227282000
1,1430,MOVE,current,792.5449,1768.1426,740882228460490
1,1431,MOVE,historical,790.4004,1769.0996,740882235497000
1,1432,MOVE,current,790.01074,1769.2715,740882236776655
1,1433,MOVE,historical,788.0996,1770.0996,740882243913000
1,1434,MOVE,current,787.77734,1770.2402,740882245092874
1,1435,MOVE,historical,785.7998,1771.2002,740882252568000
1,1436,MOVE,current,785.57715,1771.3066,740882253405538
1,1437,MOVE,historical,783.5996,1772.2998,740882260849000
1,1438,MOVE,current,783.36914,1772.415,740882261718251
1,1439,MOVE,historical,781.2998,1773.4004,740882270049000
1,1440,MOVE,historical,779.0,1774.5996,740882277507000
1,1441,MOVE,current,778.7422,1774.7344,740882278343716
1,1442,MOVE,historical,776.7998,1775.7002,740882285900000
1,1443,MOVE,current,776.60156,1775.7988,740882286656624
1,1444,MOVE,historical,774.5,1777.0,740882294877000
1,1445,MOVE,current,774.47656,1777.0137,740882294969640
1,1446,MOVE,historical,772.2998,1778.2998,740882302682000
1,1447,MOVE,current,772.13086,1778.4004,740882303282591
1,1448,MOVE,historical,770.0,1779.7002,740882311170000
1,1449,MOVE,current,769.8867,1779.7686,740882311588420
1,1450,MOVE,historical,767.7998,1781.2002,740882319589000
1,1451,MOVE,current,767.7207,1781.2539,740882319894036
1,1452,MOVE,historical,765.4004,1782.7002,740882327968000
1,1453,MOVE,current,765.333,1782.7412,740882328200371
1,1454,MOVE,historical,763.2998,1784.2002,740882337055000
1,1455,MOVE,current,761.3711,1785.4541,740882344816299
1,1456,MOVE,historical,761.2998,1785.5,740882345101000
1,1457,MOVE,current,759.3369,1786.8086,740882353125571
1,1458,MOVE,historical,759.2002,1786.9004,740882353686000
1,1459,MOVE,current,757.36816,1788.1533,740882361435495
1,1460,MOVE,historical,757.2998,1788.2002,740882361723000
1,1461,MOVE,current,755.7129,1789.1338,740882369746451
1,1462,MOVE,historical,755.5996,1789.2002,740882370315000
1,1463,MOVE,current,754.2998,1790.1289,740882378058279
1,1464,MOVE,historical,754.2002,1790.2002,740882378650000
1,1465,MOVE,current,753.0879,1790.9414,740882386370943
1,1466,MOVE,historical,753.0,1791.0,740882386978000
1,1467,MOVE,current,752.4004,1791.4004,740882391142000
1,1468,MOVE,historical,751.9004,1791.5996,740882395717000
1,1469,MOVE,current,751.0078,1792.2246,740882402998741
1,1470,MOVE,historical,750.9004,1792.2998,740882403875000
1,1471,MOVE,current,750.0908,1792.75,740882411313234
1,1472,MOVE,historical,750.0,1792.7998,740882412147000
1,1473,MOVE,current,749.5498,1793.0498,740882416283000
1,1474,MOVE,historical,749.0996,1793.2998,740882420719000
1,1475,MOVE,current,748.38184,1793.749,740882427944294
1,1476,MOVE,historical,748.2998,1793.7998,740882428763000
1,1477,MOVE,current,747.9004,1794.0498,740882432785000
1,1478,MOVE,historical,747.5996,1794.2002,740882437574000
1,1479,MOVE,current,747.25,1794.4004,740882441979500
1,1480,MOVE,historical,746.9004,1794.5996,740882446095000
1,1481,MOVE,current,746.5498,1794.7998,740882450355500
1,1482,MOVE,historical,746.2002,1795.0,740882454198000
1,1483,MOVE,current,745.8496,1795.2002,740882458249500
1,1484,MOVE,historical,745.7002,1795.2998,740882462889000
1,1485,MOVE,current,745.4502,1795.4502,740882467234500
1,1486,MOVE,historical,745.2998,1795.5,740882471385000
1,1487,MOVE,current,745.0996,1795.6006,740882475633000
1,1488,MOVE,historical,745.0,1795.7002,740882479546000
1,1489,MOVE,current,744.8496,1795.7998,740882483626500
1,1490,MOVE,historical,744.7998,1795.7998,740882487942000
1,1491,MOVE,current,744.7002,1795.8496,740882492140000
1,1492,MOVE,historical,744.7002,1795.7998,740882496420000
1,1493,MOVE,current,744.6504,1795.7998,740882500659000
1,1494,MOVE,current,746.2998,1794.9004,740882572561000
1,1495,MOVE,historical,749.5996,1792.7002,740882580628000
1,1496,MOVE,current,751.25,1791.5996,740882584661500
1,1497,MOVE,historical,753.2002,1790.5996,740882588967000
1,1498,MOVE,current,755.0,1789.5498,740882593136500
1,1499,MOVE,historical,757.5996,1787.5996,740882597148000
1,1500,MOVE,current,759.7998,1786.0996,740882601238500
1,1501,MOVE,historical,761.5996,1784.9004,740882605546000
1,1502,MOVE,current,763.5996,1783.5498,740882609745000
1,1503,MOVE,historical,764.9004,1782.5996,740882613839000
1,1504,MOVE,current,766.5498,1781.4502,740882617985500
1,1505,MOVE,historical,768.0,1780.5996,740882622386000
1,1506,MOVE,current,769.5498,1779.5996,740882626659500
1,1507,MOVE,historical,771.4004,1778.5996,740882630698000
1,1508,MOVE,current,773.0996,1777.5996,740882634854000
1,1509,MOVE,historical,774.5996,1776.5996,740882639178000
1,1510,MOVE,current,776.2002,1775.5996,740882643418000
1,1511,MOVE,historical,777.5996,1774.9004,740882647543000
1,1512,MOVE,current,779.0996,1774.0498,740882651725500
1,1513,MOVE,historical,780.7998,1773.0,740882655922000
1,1514,MOVE,current,782.4004,1772.0498,740882660111500
1,1515,MOVE,historical,783.7002,1771.2998,740882664383000
1,1516,MOVE,current,785.1504,1770.4502,740882668613500
1,1517,MOVE,historical,786.5996,1769.9004,740882672974000
1,1518,MOVE,current,788.0498,1769.2002,740882677269500
1,1519,MOVE,historical,789.4004,1768.5996,740882681444000
1,1520,MOVE,current,790.7998,1767.9502,740882685679000
1,1521,MOVE,historical,792.0996,1767.4004,740882689724000
1,1522,MOVE,current,793.4502,1766.7998,740882693864000
1,1523,MOVE,historical,794.4004,1766.2998,740882698070000
1,1524,MOVE,current,795.5498,1765.75,740882702243000
1,1525,MOVE,historical,796.5996,1765.2998,740882706489000
1,1526,MOVE,current,797.68164,1764.8086,740882710628549
1,1527,MOVE,historical,798.7998,1764.4004,740882714928000
1,1528,MOVE,current,799.8467,1763.9717,740882718943068
1,1529,MOVE,historical,800.9004,1763.4004,740882723444000
1,1530,MOVE,current,801.8408,1762.9521,740882727257863
1,1531,MOVE,historical,802.9004,1762.5,740882731679000
1,1532,MOVE,current,803.8457,1762.0742,740882735572791
1,1533,MOVE,historical,805.0,1761.5,740882740429000
1,1534,MOVE,current,805.8301,1761.1045,740882743887733
1,1535,MOVE,historical,807.0996,1760.5,740882748684000
1,1536,MOVE,current,807.9951,1760.0742,740882752202814
1,1537,MOVE,historical,809.2998,1759.4004,740882757161000
1,1538,MOVE,current,810.1719,1758.9639,740882760518578
1,1539,MOVE,historical,811.2998,1758.2998,740882765470000
1,1540,MOVE,current,812.1094,1757.8545,740882768834431
1,1541,MOVE,historical,813.4004,1757.2998,740882773832000
1,1542,MOVE,current,814.2334,1756.9033,740882777150426
1,1543,MOVE,historical,815.5,1756.2998,740882782116000
1,1544,MOVE,current,816.3496,1755.8955,740882785466512
1,1545,MOVE,historical,817.4004,1755.4004,740882790750000
1,1546,MOVE,current,818.0674,1755.084,740882793783186
1,1547,MOVE,historical,819.4004,1754.4004,740882799238000
1,1548,MOVE,current,820.0742,1754.0625,740882802100158
1,1549,MOVE,historical,821.2002,1753.5,740882807185000
1,1550,MOVE,current,821.9326,1753.1338,740882810417639
1,1551,MOVE,historical,823.0,1752.7002,740882815657000
1,1552,MOVE,current,823.6543,1752.4092,740882818735075
1,1553,MOVE,historical,824.7002,1751.9004,740882824166000
1,1554,MOVE,current,825.27637,1751.6289,740882827051628
1,1555,MOVE,historical,826.5,1751.0,740882832602000
1,1556,MOVE,current,827.08887,1750.706,740882835360723
1,1557,MOVE,historical,828.4004,1750.0,740882840925000
1,1558,MOVE,current,829.0283,1749.6699,740882843675971
1,1559,MOVE,historical,830.4004,1749.0,740882849241000
1,1560,MOVE,current,831.06055,1748.6699,740882851985577
1,1561,MOVE,historical,832.5996,1747.9004,740882857994000
1,1562,MOVE,current,833.1738,1747.6133,740882860278795
1,1563,MOVE,historical,834.9004,1746.7998,740882866144000
1,1564,MOVE,current,835.5908,1746.4697,740882868592527
1,1565,MOVE,historical,837.2998,1745.5996,740882874682000
1,1566,MOVE,current,837.917,1745.291,740882876878346
1,1567,MOVE,historical,840.2002,1744.2002,740882883191000
1,1568,MOVE,current,840.88184,1743.8711,740882885190525
1,1569,MOVE,historical,843.2002,1742.7998,740882891534000
1,1570,MOVE,current,843.8994,1742.4736,740882893478912
1,1571,MOVE,historical,846.5,1741.4004,740882899606000
1,1572,MOVE,current,847.38574,1741.0244,740882901773299
1,1573,MOVE,historical,849.7002,1740.0,740882908124000
1,1574,MOVE,current,850.43164,1739.6797,740882910072236
1,1575,MOVE,historical,853.0,1738.7998,740882916637000
1,1576,MOVE,current,853.6738,1738.5547,740882918374742
1,1577,MOVE,historical,856.2002,1737.5996,740882925001000
1,1578,MOVE,current,856.8428,1737.3594,740882926680177
1,1579,MOVE,historical,859.4004,1736.4004,740882933519000
1,1580,MOVE,current,859.95215,1736.1934,740882934987673
1,1581,MOVE,historical,862.5996,1735.2998,740882941815000
1,1582,MOVE,current,863.1719,1735.1035,740882943296858
1,1583,MOVE,historical,865.5996,1734.2998,740882950168000
1,1584,MOVE,current,866.1172,1734.1279,740882951607504
1,1585,MOVE,historical,868.7002,1733.2002,740882958772000
1,1586,MOVE,current,869.1133,1733.0537,740882959919549
1,1587,MOVE,historical,871.7002,1732.0996,740882967050000
1,1588,MOVE,current,872.1289,1731.9424,740882968233050
1,1589,MOVE,historical,874.5996,1731.0,740882975864000
1,1590,MOVE,current,874.8252,1730.915,740882976547990
1,1591,MOVE,historical,877.5,1729.7998,740882983701000
1,1592,MOVE,current,877.93066,1729.6221,740882984864618
1,1593,MOVE,historical,880.4004,1728.5996,740882992408000
1,1594,MOVE,current,880.6582,1728.4932,740882993183030
1,1595,MOVE,historical,883.0996,1727.5,740883001033000
1,1596,MOVE,current,883.2471,1727.4404,740883001503291
1,1597,MOVE,historical,885.7998,1726.4004,740883009295000
1,1598,MOVE,current,885.97363,1726.3291,740883009825770
1,1599,MOVE,historical,888.2002,1725.5,740883017705000
1,1600,MOVE,current,888.32715,1725.4521,740883018150813
1,1601,MOVE,historical,890.2998,1724.7002,740883025892000
1,1602,MOVE,current,890.4492,1724.6436,740883026474078
1,1603,MOVE,historical,892.2002,1724.0,740883034327000
1,1604,MOVE,current,892.30664,1723.9609,740883034800628
1,1605,MOVE,historical,894.0,1723.2998,740883042659000
1,1606,MOVE,current,894.0996,1723.2617,740883043118434
1,1607,MOVE,historical,895.5996,1722.7002,740883051055000
1,1608,MOVE,current,895.6719,1722.6729,740883051431523
1,1609,MOVE,historical,897.0996,1722.0996,740883059499000
1,1610,MOVE,current,897.14355,1722.083,740883059744765
1,1611,MOVE,historical,898.7002,1721.5,740883067764000
1,1612,MOVE,current,898.75684,1721.4785,740883068058396
1,1613,MOVE,historical,900.0996,1721.0,740883076650000
1,1614,MOVE,current,901.45215,1720.4199,740883084672025
1,1615,MOVE,historical,901.5,1720.4004,740883084954000
1,1616,MOVE,historical,902.9004,1719.9004,740883092918000
1,1617,MOVE,current,902.91113,1719.8965,740883092980387
1,1618,MOVE,historical,904.2998,1719.4004,740883101650000
1,1619,MOVE,current,905.4385,1718.9258,740883109599404
1,1620,MOVE,historical,905.5,1718.9004,740883110030000
1,1621,MOVE,current,906.7158,1718.5264,740883117909924
1,1622,MOVE,historical,906.7998,1718.5,740883118456000
1,1623,MOVE,current,908.0029,1718.0371,740883126221192
1,1624,MOVE,historical,908.0996,1718.0,740883126848000
1,1625,MOVE,current,909.3008,1717.5381,740883134533241
1,1626,MOVE,historical,909.4004,1717.5,740883135167000
1,1627,MOVE,current,910.59375,1717.1328,740883142846016
1,1628,MOVE,historical,910.7002,1717.0996,740883143532000
1,1629,MOVE,current,911.8867,1716.6436,740883151152090
1,1630,MOVE,historical,912.0,1716.5996,740883151878000
1,1631,MOVE,current,913.04785,1716.251,740883159459342
1,1632,MOVE,historical,913.2002,1716.2002,740883160557000
1,1633,MOVE,current,913.7998,1716.0,740883164896500
1,1634,MOVE,historical,914.5,1715.7998,740883168886000
1,1635,MOVE,current,915.1504,1715.5996,740883173050500
1,1636,MOVE,historical,915.7002,1715.4004,740883177285000
1,1637,MOVE,current,916.2998,1715.2002,740883181484500
1,1638,MOVE,historical,916.9004,1715.0,740883185666000
1,1639,MOVE,current,917.5,1714.7998,740883189856500
1,1640,MOVE,historical,918.0,1714.5996,740883194384000
1,1641,MOVE,current,918.5498,1714.4004,740883198743000
1,1642,MOVE,historical,919.0996,1714.2998,740883202416000
1,1643,MOVE,current,919.6504,1714.1504,740883206432000
1,1644,MOVE,historical,920.0996,1713.9004,740883210929000
1,1645,MOVE,current,920.5996,1713.7002,740883215185500
1,1646,MOVE,historical,921.0996,1713.5996,740883219285000
1,1647,MOVE,current,921.5996,1713.4502,740883223463000
1,1648,MOVE,historical,922.0,1713.2998,740883227784000
1,1649,MOVE,current,922.4502,1713.1504,740883232033500
1,1650,MOVE,historical,922.9004,1713.0996,740883236591000
1,1651,MOVE,current,923.3496,1713.0,740883240994500
1,1652,MOVE,historical,923.7998,1712.7998,740883244713000
1,1653,MOVE,current,924.25,1712.6504,740883248774000
1,1654,MOVE,historical,924.7002,1712.5996,740883252802000
1,1655,MOVE,current,925.1504,1712.5,740883256846500
1,1656,MOVE,historical,925.5996,1712.4004,740883261121000
1,1657,MOVE,current,926.0498,1712.2998,740883265280500
1,1658,MOVE,historical,926.4004,1712.2002,740883269664000
1,1659,MOVE,current,926.7998,1712.0996,740883273935500
1,1660,MOVE,historical,927.2998,1712.0,740883278039000
1,1661,MOVE,current,927.75,1711.9004,740883282226500
1,1662,MOVE,historical,928.0,1711.7998,740883286590000
1,1663,MOVE,current,928.3496,1711.7002,740883290865500
1,1664,MOVE,historical,928.7002,1711.5996,740883294809000
1,1665,MOVE,current,929.0498,1711.5,740883298918500
1,1666,MOVE,historical,929.2002,1711.4004,740883303140000
1,1667,MOVE,current,929.4502,1711.2998,740883307305500
1,1668,MOVE,historical,929.7002,1711.2998,740883311845000
1,1669,MOVE,current,929.9502,1711.25,740883316197500
1,1670,MOVE,historical,929.9004,1711.2998,740883320101000
1,1671,MOVE,current,930.0,1711.2998,740883324229000
1,1672,MOVE,current,929.5,1711.5,740883413028000
1,1673,MOVE,historical,927.7002,1712.5,740883420963000
1,1674,MOVE,current,926.7998,1713.0,740883424930500
1,1675,MOVE,historical,925.4004,1713.5,740883429472000
1,1676,MOVE,current,924.25,1714.0,740883433726500
1,1677,MOVE,historical,922.9004,1714.5,740883437735000
1,1678,MOVE,current,921.6504,1715.0,740883441866500
1,1679,MOVE,historical,920.4004,1715.5,740883446518000
1,1680,MOVE,current,919.2949,1715.9424,740883450398813
1,1681,MOVE,historical,917.7998,1716.5,740883454683000
1,1682,MOVE,current,916.5166,1716.9932,740883458712170
1,1683,MOVE,historical,915.2998,1717.2998,740883463034000
1,1684,MOVE,current,914.1045,1717.6826,740883467026022
1,1685,MOVE,historical,912.7002,1718.2998,740883471745000
1,1686,MOVE,current,911.62695,1718.7129,740883475340268
1,1687,MOVE,historical,910.0,1719.2002,740883479864000
1,1688,MOVE,current,908.73926,1719.6201,740883483654196
1,1689,MOVE,historical,907.5,1720.0996,740883488470000
1,1690,MOVE,current,906.4834,1720.4658,740883491968104
1,1691,MOVE,historical,904.7998,1721.0,740883496900000
1,1692,MOVE,current,903.7168,1721.3613,740883500282035
1,1693,MOVE,historical,902.4004,1721.7998,740883505221000
1,1694,MOVE,current,901.42676,1722.124,740883508596116
1,1695,MOVE,historical,900.0996,1722.5996,740883513513000
1,1696,MOVE,current,899.1572,1722.9277,740883516910351
1,1697,MOVE,historical,897.9004,1723.4004,740883522034000
1,1698,MOVE,current,897.0762,1723.6992,740883525224716
1,1699,MOVE,historical,895.5,1724.2998,740883530455000
1,1700,MOVE,current,894.6211,1724.6299,740883533539480
1,1701,MOVE,historical,892.7998,1725.2998,740883538640000
1,1702,MOVE,current,891.73926,1725.6924,740883541854562
1,1703,MOVE,historical,890.0,1726.4004,740883547756000
1,1704,MOVE,current,889.2588,1726.6914,740883550170122
1,1705,MOVE,historical,887.0,1727.5996,740883555399000
1,1706,MOVE,current,885.78906,1728.084,740883558483397
1,1707,MOVE,historical,883.9004,1728.7998,740883563978000
1,1708,MOVE,current,882.8799,1729.1943,740883566799885
1,1709,MOVE,historical,880.5996,1730.0996,740883572202000
1,1710,MOVE,current,879.43164,1730.5605,740883575113415
1,1711,MOVE,historical,877.2998,1731.4004,740883580584000
1,1712,MOVE,current,876.18066,1731.8408,740883583426923
1,1713,MOVE,historical,874.2002,1732.5996,740883589432000
1,1714,MOVE,current,873.3916,1732.9131,740883591740508
1,1715,MOVE,historical,871.2002,1733.7998,740883597539000
1,1716,MOVE,current,870.26953,1734.1719,740883600054046
1,1717,MOVE,historical,868.2998,1734.9004,740883606297000
1,1718,MOVE,current,867.61426,1735.1602,740883608367661
1,1719,MOVE,historical,865.5,1735.9004,740883614494000
1,1720,MOVE,current,864.7529,1736.167,740883616681205
1,1721,MOVE,historical,863.0996,1736.7002,740883622744000
1,1722,MOVE,current,862.4453,1736.918,740883624994725
1,1723,MOVE,historical,860.5996,1737.5996,740883631219000
1,1724,MOVE,current,859.9834,1737.8223,740883633307872
1,1725,MOVE,historical,858.2002,1738.2998,740883639436000
1,1726,MOVE,current,857.5615,1738.4863,740883641621403
1,1727,MOVE,historical,855.7998,1739.0,740883648697000
1,1728,MOVE,current,855.4795,1739.0938,740883649933824
1,1729,MOVE,historical,853.2998,1739.7998,740883656444000
1,1730,MOVE,current,852.71875,1739.9863,740883658246389
1,1731,MOVE,historical,850.9004,1740.5,740883664872000
1,1732,MOVE,current,850.4199,1740.6406,740883666559184
1,1733,MOVE,historical,848.2998,1741.2998,740883673275000
1,1734,MOVE,current,847.80566,1741.4521,740883674872149
1,1735,MOVE,historical,845.7998,1742.2998,740883681639000
1,1736,MOVE,current,845.3379,1742.4844,740883683184112
1,1737,MOVE,historical,843.4004,1743.2002,740883690137000
1,1738,MOVE,current,843.0166,1743.3438,740883691494873
1,1739,MOVE,historical,840.7998,1744.2998,740883698350000
1,1740,MOVE,current,840.33887,1744.4951,740883699805784
1,1741,MOVE,historical,838.4004,1745.4004,740883707113000
1,1742,MOVE,current,838.125,1745.5264,740883708116779
1,1743,MOVE,historical,835.7998,1746.5996,740883715311000
1,1744,MOVE,current,835.4453,1746.7637,740883716428021
1,1745,MOVE,historical,833.2998,1747.9004,740883723700000
1,1746,MOVE,current,832.99023,1748.0605,740883724739447
1,1747,MOVE,historical,830.7002,1749.2002,740883732247000
1,1748,MOVE,current,830.4551,1749.3223,740883733051072
1,1749,MOVE,historical,828.0996,1750.5,740883740815000
1,1750,MOVE,current,827.9336,1750.583,740883741362988
1,1751,MOVE,historical,825.4004,1751.9004,740883749040000
1,1752,MOVE,current,825.1914,1752.0078,740883749674934
1,1753,MOVE,historical,822.7002,1753.4004,740883757407000
1,1754,MOVE,current,822.5127,1753.5039,740883757986903
1,1755,MOVE,historical,819.9004,1755.0,740883765791000
1,1756,MOVE,current,819.73047,1755.0967,740883766298981
1,1757,MOVE,historical,817.2002,1756.4004,740883774295000
1,1758,MOVE,current,817.0996,1756.4521,740883774611337
1,1759,MOVE,historical,814.5996,1757.7998,740883782465000
1,1760,MOVE,current,814.4541,1757.8789,740883782924411
1,1761,MOVE,historical,812.0,1759.0996,740883791076000
1,1762,MOVE,current,811.9512,1759.124,740883791238006
1,1763,MOVE,historical,809.2998,1760.2998,740883799212000
1,1764,MOVE,current,809.1875,1760.3506,740883799552448
1,1765,MOVE,historical,806.5,1761.5996,740883807689000
1,1766,MOVE,current,806.4414,1761.627,740883807867149
1,1767,MOVE,historical,804.0,1762.7002,740883816108000
1,1768,MOVE,current,803.97754,1762.71,740883816182259
1,1769,MOVE,historical,801.5,1763.9004,740883824800000
1,1770,MOVE,current,799.2803,1764.9619,740883832813728
1,1771,MOVE,historical,799.2002,1765.0,740883833103000
1,1772,MOVE,current,796.9951,1766.0547,740883841130088
1,1773,MOVE,historical,796.9004,1766.0996,740883841475000
1,1774,MOVE,current,794.8379,1766.9443,740883849438496
1,1775,MOVE,historical,794.7002,1767.0,740883849969000
1,1776,MOVE,current,792.8154,1767.8076,740883857746523
1,1777,MOVE,historical,792.5996,1767.9004,740883858634000
1,1778,MOVE,current,790.8496,1768.6367,740883866055203
1,1779,MOVE,historical,790.7002,1768.7002,740883866689000
1,1780,MOVE,current,789.0459,1769.3438,740883874364429
1,1781,MOVE,historical,788.9004,1769.4004,740883875040000
1,1782,MOVE,current,787.3301,1770.0459,740883882674184
1,1783,MOVE,historical,787.2002,1770.0996,740883883309000
1,1784,MOVE,current,785.64453,1770.7402,740883890984475
1,1785,MOVE,historical,785.5,1770.7998,740883891699000
1,1786,MOVE,current,783.97363,1771.5186,740883899295474
1,1787,MOVE,historical,783.7998,1771.5996,740883900162000
1,1788,MOVE,current,782.9502,1772.0,740883904393500
1,1789,MOVE,historical,782.0,1772.5,740883908683000
1,1790,MOVE,current,781.0996,1772.9502,740883912943500
1,1791,MOVE,historical,780.2002,1773.4004,740883917042000
1,1792,MOVE,current,779.2998,1773.8496,740883921221500
1,1793,MOVE,historical,778.5,1774.2998,740883925372000
1,1794,MOVE,current,777.6504,1774.75,740883929537000
1,1795,MOVE,historical,776.9004,1775.2998,740883934222000
1,1796,MOVE,current,776.0996,1775.7998,740883938647000
1,1797,MOVE,historical,775.2002,1776.2998,740883942336000
1,1798,MOVE,current,774.3496,1776.7998,740883946393000
1,1799,MOVE,historical,773.5,1777.4004,740883950962000
1,1800,MOVE,current,772.6504,1777.9502,740883955275000
1,1801,MOVE,historical,771.9004,1778.5,740883959101000
1,1802,MOVE,current,771.0996,1779.0498,740883963170500
1,1803,MOVE,historical,770.4004,1779.5,740883967556000
1,1804,MOVE,current,769.6504,1780.0,740883971783500
1,1805,MOVE,historical,769.0,1780.5,740883976037000
1,1806,MOVE,current,768.2998,1781.0,740883980277500
1,1807,MOVE,historical,767.7998,1781.2998,740883984450000
1,1808,MOVE,current,767.2002,1781.7002,740883988656500
1,1809,MOVE,historical,766.5996,1782.0996,740883992903000
1,1810,MOVE,current,766.0,1782.5,740883997129500
1,1811,MOVE,historical,765.7002,1782.7998,740884001180000
1,1812,MOVE,current,765.25,1783.1504,740884005318500
1,1813,MOVE,historical,765.0996,1783.2998,740884009338000
1,1814,MOVE,current,764.7998,1783.5498,740884013417000
1,1815,MOVE,historical,764.5996,1783.5996,740884018066000
1,1816,MOVE,current,764.3496,1783.75,740884022430000
1,1817,MOVE,historical,764.2998,1783.7998,740884026654000
1,1818,MOVE,current,764.1504,1783.9004,740884030948000
1,1819,MOVE,current,765.5996,1782.9004,740884169264000
1,1820,MOVE,historical,768.0,1781.2002,740884177984000
1,1821,MOVE,current,769.12305,1780.4043,740884182063328
1,1822,MOVE,historical,770.5,1779.5,740884186067000
1,1823,MOVE,current,771.75,1778.6504,740884190108500
1,1824,MOVE,historical,773.0996,1777.7998,740884194370000
1,1825,MOVE,current,774.4004,1776.9502,740884198521500
1,1826,MOVE,historical,775.9004,1776.0996,740884202876000
1,1827,MOVE,current,777.2783,1775.2637,740884207063327
1,1828,MOVE,historical,778.4004,1774.5996,740884211179000
1,1829,MOVE,current,779.6504,1773.8496,740884215330500
1,1830,MOVE,historical,780.7998,1773.2998,740884219677000
1,1831,MOVE,current,781.89453,1772.707,740884223553693
1,1832,MOVE,historical,783.0996,1772.0,740884228164000
1,1833,MOVE,current,784.1035,1771.4326,740884231867261
1,1834,MOVE,historical,785.5,1770.7998,740884236562000
1,1835,MOVE,current,786.5342,1770.2832,740884240181214
1,1836,MOVE,historical,787.9004,1769.5996,740884244904000
1,1837,MOVE,current,788.92773,1769.0859,740884248476060
1,1838,MOVE,historical,790.5996,1768.4004,740884253429000
1,1839,MOVE,current,791.66113,1767.9287,740884256778734
1,1840,MOVE,historical,793.5,1767.0,740884261859000
1,1841,MOVE,current,794.61035,1766.4639,740884265086556
1,1842,MOVE,historical,796.5,1765.5996,740884270636000
1,1843,MOVE,current,797.44434,1765.1592,740884273397357
1,1844,MOVE,historical,799.7998,1764.0,740884278589000
1,1845,MOVE,current,801.09375,1763.373,740884281707966
1,1846,MOVE,historical,803.4004,1762.2998,740884287039000
1,1847,MOVE,current,804.6699,1761.7002,740884290020494
1,1848,MOVE,historical,807.2998,1760.5,740884295266000
1,1849,MOVE,current,808.7529,1759.8291,740884298331247
1,1850,MOVE,historical,811.2002,1758.5996,740884303663000
1,1851,MOVE,current,812.5879,1757.9238,740884306651065
1,1852,MOVE,historical,815.2002,1756.5996,740884311965000
1,1853,MOVE,current,816.64453,1755.8779,740884314962191
1,1854,MOVE,historical,818.7002,1754.9004,740884320786000
1,1855,MOVE,current,819.6885,1754.4199,740884323276176
1,1856,MOVE,historical,822.0996,1753.2002,740884329108000
1,1857,MOVE,current,823.1133,1752.6934,740884331587697
1,1858,MOVE,historical,825.2002,1751.7002,740884337344000
1,1859,MOVE,current,826.16406,1751.2334,740884339905966
1,1860,MOVE,historical,828.0,1750.2998,740884345970000
1,1861,MOVE,current,828.7295,1749.9355,740884348217866
1,1862,MOVE,historical,830.2998,1749.0996,740884354172000
1,1863,MOVE,current,830.96387,1748.7539,740884356537803
1,1864,MOVE,historical,832.5,1748.0996,740884362647000
1,1865,MOVE,current,833.07324,1747.8398,740884364856189
1,1866,MOVE,historical,834.5996,1747.0996,740884371012000
1,1867,MOVE,current,835.1416,1746.8418,740884373168672
1,1868,MOVE,historical,836.5996,1746.0996,740884379626000
1,1869,MOVE,current,837.0322,1745.8838,740884381485567
1,1870,MOVE,historical,838.5996,1745.0996,740884387982000
1,1871,MOVE,current,839.03516,1744.8818,740884389801461
1,1872,MOVE,historical,840.5996,1744.0996,740884396445000
1,1873,MOVE,current,840.9951,1743.9023,740884398117450
1,1874,MOVE,historical,842.7002,1743.0996,740884404572000
1,1875,MOVE,current,843.18066,1742.8711,740884406433526
1,1876,MOVE,historical,845.0996,1742.0996,740884413205000
1,1877,MOVE,current,845.5293,1741.9209,740884414749730
1,1878,MOVE,historical,847.5,1741.0,740884422093000
1,1879,MOVE,current,847.7627,1740.8799,740884423065887
1,1880,MOVE,historical,849.9004,1740.0,740884429885000
1,1881,MOVE,current,850.3613,1739.8076,740884431382273
1,1882,MOVE,historical,852.0996,1739.0996,740884438517000
1,1883,MOVE,current,852.40137,1738.9766,740884439699015
1,1884,MOVE,historical,854.5,1738.2002,740884447158000
1,1885,MOVE,current,854.7383,1738.1104,740884448016254
1,1886,MOVE,historical,856.9004,1737.4004,740884455368000
1,1887,MOVE,current,857.18164,1737.3066,740884456330283
1,1888,MOVE,historical,859.2998,1736.5,740884463627000
1,1889,MOVE,current,859.5957,1736.3896,740884464644074
1,1890,MOVE,historical,861.5996,1735.7002,740884472237000
1,1891,MOVE,current,861.79297,1735.6328,740884472957847
1,1892,MOVE,historical,864.0,1734.7998,740884480907000
1,1893,MOVE,current,864.1006,1734.7617,740884481271611
1,1894,MOVE,historical,866.2998,1734.0,740884489088000
1,1895,MOVE,current,866.43945,1733.9512,740884489585287
1,1896,MOVE,historical,868.5996,1733.0996,740884497175000
1,1897,MOVE,current,868.80566,1733.0195,740884497899241
1,1898,MOVE,historical,870.9004,1732.2998,740884505733000
1,1899,MOVE,current,871.0293,1732.2549,740884506213140
1,1900,MOVE,historical,873.0996,1731.4004,740884514200000
1,1901,MOVE,current,873.1846,1731.3652,740884514527191
1,1902,MOVE,historical,875.4004,1730.5,740884522270000
1,1903,MOVE,current,875.5625,1730.4365,740884522841129
1,1904,MOVE,historical,877.7998,1729.5996,740884530694000
1,1905,MOVE,current,877.93164,1729.5508,740884531155077
1,1906,MOVE,historical,880.2002,1728.7002,740884539740000
1,1907,MOVE,historical,882.5996,1727.7998,740884547524000
1,1908,MOVE,current,882.6797,1727.7705,740884547783070
1,1909,MOVE,historical,884.9004,1726.9004,740884556340000
1,1910,MOVE,historical,887.2002,1726.0,740884564289000
1,1911,MOVE,current,887.23535,1725.9863,740884564410747
1,1912,MOVE,historical,889.2998,1725.2002,740884573041000
1,1913,MOVE,current,891.2529,1724.419,740884581037790
1,1914,MOVE,historical,891.2998,1724.4004,740884581232000
1,1915,MOVE,current,892.8789,1723.75,740884589351476
1,1916,MOVE,historical,893.0,1723.7002,740884589973000
1,1917,MOVE,current,894.4785,1723.1455,740884597665283
1,1918,MOVE,historical,894.5996,1723.0996,740884598297000
1,1919,MOVE,current,896.28613,1722.4443,740884605979102
1,1920,MOVE,historical,896.4004,1722.4004,740884606498000
1,1921,MOVE,current,897.7969,1721.9346,740884614293017
1,1922,MOVE,historical,897.9004,1721.9004,740884614869000
1,1923,MOVE,current,899.28613,1721.3457,740884622607092
1,1924,MOVE,historical,899.4004,1721.2998,740884623245000
1,1925,MOVE,current,900.67285,1720.8457,740884630921015
1,1926,MOVE,historical,900.7998,1720.7998,740884631689000
1,1927,MOVE,current,902.083,1720.4336,740884639235116
1,1928,MOVE,historical,902.2002,1720.4004,740884639922000
1,1929,MOVE,current,902.9004,1720.2002,740884644038500
1,1930,MOVE,historical,903.5,1719.9004,740884648728000
1,1931,MOVE,current,904.1504,1719.6504,740884653131000
1,1932,MOVE,historical,904.7002,1719.5,740884656806000
1,1933,MOVE,current,905.2998,1719.2998,740884660845000
1,1934,MOVE,historical,906.0,1719.0996,740884665179000
1,1935,MOVE,current,907.0332,1718.8418,740884672495392
1,1936,MOVE,historical,907.2002,1718.7998,740884673675000
1,1937,MOVE,current,908.3799,1718.4629,740884680811369
1,1938,MOVE,historical,908.5996,1718.4004,740884682146000
1,1939,MOVE,current,909.2998,1718.2002,740884686381500
1,1940,MOVE,historical,909.7998,1718.0,740884690614000
1,1941,MOVE,current,910.4004,1717.7998,740884694848000
1,1942,MOVE,historical,911.0,1717.7002,740884699274000
1,1943,MOVE,current,911.5996,1717.5498,740884703604000
1,1944,MOVE,historical,912.2002,1717.2998,740884707307000
1,1945,MOVE,current,912.7998,1717.0996,740884711323500
1,1946,MOVE,historical,913.4004,1717.0,740884716038000
1,1947,MOVE,current,914.0,1716.8506,740884720403500
1,1948,MOVE,historical,914.5996,1716.7002,740884724498000
1,1949,MOVE,current,915.2002,1716.5498,740884728728000
1,1950,MOVE,historical,915.7002,1716.4004,740884732827000
1,1951,MOVE,current,916.25,1716.25,740884736991500
1,1952,MOVE,historical,916.9004,1716.0,740884740995000
1,1953,MOVE,current,917.5,1715.7998,740884745079000
1,1954,MOVE,historical,918.0,1715.7002,740884749173000
1,1955,MOVE,current,918.5498,1715.5498,740884753262000
1,1956,MOVE,historical,919.0996,1715.4004,740884757713000
1,1957,MOVE,current,919.6504,1715.25,740884761983000
1,1958,MOVE,historical,920.2002,1715.0996,740884766109000
1,1959,MOVE,current,920.75,1714.9502,740884770307000
1,1960,MOVE,historical,921.2002,1714.7998,740884774674000
1,1961,MOVE,current,921.7002,1714.6504,740884778956500
1,1962,MOVE,historical,922.2002,1714.5,740884783284000
1,1963,MOVE,current,922.7002,1714.3506,740884787589000
1,1964,MOVE,historical,923.0996,1714.2002,740884791306000
1,1965,MOVE,current,923.5498,1714.0498,740884795317000
1,1966,MOVE,historical,924.2002,1714.0,740884799817000
1,1967,MOVE,current,924.75,1713.9004,740884804072500
1,1968,MOVE,historical,925.0,1713.7002,740884808295000
1,1969,MOVE,current,925.4004,1713.5498,740884812534000
1,1970,MOVE,historical,925.7998,1713.5,740884816723000
1,1971,MOVE,current,926.2002,1713.4004,740884820937000
1,1972,MOVE,historical,926.7002,1713.2998,740884825104000
1,1973,MOVE,current,927.1504,1713.2002,740884829294500
1,1974,MOVE,historical,927.4004,1713.0996,740884833424000
1,1975,MOVE,current,927.75,1713.0,740884837584000
1,1976,MOVE,historical,928.0996,1712.9004,740884842070000
1,1977,MOVE,current,928.4502,1712.7998,740884846393000
1,1978,MOVE,historical,928.7998,1712.7002,740884850644000
1,1979,MOVE,current,929.1504,1712.5996,740884854931000
1,1980,MOVE,historical,929.2002,1712.5996,740884858628000
1,1981,MOVE,current,929.4004,1712.5498,740884862620000
1,1982,MOVE,historical,929.5,1712.5,740884867055000
1,1983,MOVE,current,929.6504,1712.4502,740884871268500
1,1984,MOVE,historical,929.7998,1712.4004,740884875339000
1,1985,MOVE,current,929.9502,1712.3496,740884879481000
1,1986,MOVE,historical,930.0,1712.4004,740884883786000
1,1987,MOVE,current,930.0996,1712.4004,740884888009500
1,1988,MOVE,current,928.9004,1712.7998,740885010665000
1,1989,MOVE,historical,926.7002,1713.5996,740885018408000
1,1990,MOVE,current,925.7588,1713.9424,740885021721995
1,1991,MOVE,historical,924.2998,1714.4004,740885026612000
1,1992,MOVE,current,923.29297,1714.7354,740885030055328
1,1993,MOVE,historical,921.7002,1715.2002,740885035142000
1,1994,MOVE,current,920.70996,1715.5049,740885038388661
1,1995,MOVE,historical,918.9004,1716.0996,740885043537000
1,1996,MOVE,current,917.8506,1716.4375,740885046683324
1,1997,MOVE,historical,916.0996,1717.0,740885051977000
1,1998,MOVE,current,915.09863,1717.3223,740885054996328
1,1999,MOVE,historical,913.0,1717.9004,740885060841000
1,2000,MOVE,current,912.1299,1718.1523,740885063329661
1,2001,MOVE,historical,909.5996,1718.9004,740885068732000
1,2002,MOVE,current,908.3369,1719.2715,740885071662994
1,2003,MOVE,historical,906.0996,1720.0,740885077346000
1,2004,MOVE,current,905.02344,1720.3389,740885079996327
1,2005,MOVE,historical,902.4004,1721.2998,740885085391000
1,2006,MOVE,current,901.0488,1721.7744,740885088329660
1,2007,MOVE,historical,898.7002,1722.7002,740885094158000
1,2008,MOVE,current,897.7168,1723.0723,740885096486841
1,2009,MOVE,historical,895.0,1724.0996,740885102478000
1,2010,MOVE,current,893.9668,1724.4912,740885104800612
1,2011,MOVE,historical,891.4004,1725.5,740885110792000
1,2012,MOVE,current,890.39453,1725.8916,740885113114990
1,2013,MOVE,historical,887.5,1726.9004,740885119286000
1,2014,MOVE,current,886.5156,1727.2529,740885121430345
1,2015,MOVE,historical,883.7998,1728.4004,740885127547000
1,2016,MOVE,current,882.8154,1728.7988,740885129744336
1,2017,MOVE,historical,880.2998,1729.7998,740885135999000
1,2018,MOVE,current,879.4463,1730.1416,740885138061397
1,2019,MOVE,historical,877.2002,1731.0996,740885145008000
1,2020,MOVE,current,876.7295,1731.2969,740885146374573
1,2021,MOVE,historical,874.2998,1732.0996,740885153150000
1,2022,MOVE,current,873.75684,1732.2871,740885154674630
1,2023,MOVE,historical,871.7002,1733.0996,740885161353000
1,2024,MOVE,current,871.1846,1733.2979,740885162979219
1,2025,MOVE,historical,869.4004,1734.0,740885169675000
1,2026,MOVE,current,868.95605,1734.1738,740885171282151
1,2027,MOVE,historical,867.0996,1734.7998,740885178250000
1,2028,MOVE,current,866.74023,1734.9248,740885179590289
1,2029,MOVE,historical,864.7002,1735.7002,740885186453000
1,2030,MOVE,current,864.27637,1735.8594,740885187902326
1,2031,MOVE,historical,862.2002,1736.5,740885195021000
1,2032,MOVE,current,861.85254,1736.6113,740885196210734
1,2033,MOVE,historical,859.4004,1737.2998,740885203497000
1,2034,MOVE,current,859.0586,1737.3975,740885204529124
1,2035,MOVE,historical,856.5,1738.2002,740885211714000
1,2036,MOVE,current,856.1045,1738.3232,740885212835452
1,2037,MOVE,historical,853.4004,1739.0996,740885220392000
1,2038,MOVE,current,853.1279,1739.1787,740885221154690
1,2039,MOVE,historical,850.4004,1740.0,740885228863000
1,2040,MOVE,current,850.1885,1740.0635,740885229460318
1,2041,MOVE,historical,847.5996,1741.0,740885237119000
1,2042,MOVE,current,847.3779,1741.0791,740885237772650
1,2043,MOVE,historical,844.9004,1742.0,740885245667000
1,2044,MOVE,current,844.7676,1742.0488,740885246085635
1,2045,MOVE,historical,842.0996,1743.0996,740885253951000
1,2046,MOVE,current,841.94824,1743.1592,740885254399184
1,2047,MOVE,historical,839.4004,1744.2998,740885262137000
1,2048,MOVE,current,839.20996,1744.3848,740885262713506
1,2049,MOVE,historical,836.7002,1745.5,740885270701000
1,2050,MOVE,current,836.5967,1745.5459,740885271028566
1,2051,MOVE,historical,834.0,1746.7998,740885279166000
1,2052,MOVE,current,833.94336,1746.8271,740885279344452
1,2053,MOVE,historical,831.2002,1748.2002,740885287283000
1,2054,MOVE,current,831.06934,1748.2656,740885287661701
1,2055,MOVE,historical,828.4004,1749.7002,740885295812000
1,2056,MOVE,current,828.3447,1749.7295,740885295980345
1,2057,MOVE,historical,825.5996,1751.2002,740885304617000
1,2058,MOVE,current,822.8496,1752.6221,740885312620293
1,2059,MOVE,historical,822.7002,1752.7002,740885313057000
1,2060,MOVE,current,820.1094,1754.1396,740885320935126
1,2061,MOVE,historical,820.0,1754.2002,740885321268000
1,2062,MOVE,current,817.43945,1755.6221,740885329249811
1,2063,MOVE,historical,817.2998,1755.7002,740885329685000
1,2064,MOVE,current,814.6758,1757.1064,740885337564379
1,2065,MOVE,historical,814.5,1757.2002,740885338091000
1,2066,MOVE,current,811.95605,1758.5625,740885345878947
1,2067,MOVE,historical,811.7002,1758.7002,740885346663000
1,2068,MOVE,current,809.19336,1759.9072,740885354193579
1,2069,MOVE,historical,809.0,1760.0,740885354774000
1,2070,MOVE,current,806.7041,1761.1943,740885362508205
1,2071,MOVE,historical,806.5,1761.2998,740885363194000
1,2072,MOVE,current,804.3877,1762.3105,740885370822953
1,2073,MOVE,historical,804.2002,1762.4004,740885371500000
1,2074,MOVE,current,802.22266,1763.3887,740885379138036
1,2075,MOVE,historical,802.0,1763.5,740885380000000
1,2076,MOVE,current,800.2051,1764.3076,740885387453363
1,2077,MOVE,historical,800.0,1764.4004,740885388304000
1,2078,MOVE,current,799.0,1764.8496,740885392456000
1,2079,MOVE,historical,798.0,1765.2998,740885397257000
1,2080,MOVE,current,797.0,1765.75,740885401733500
1,2081,MOVE,historical,796.0996,1766.0996,740885405438000
1,2082,MOVE,current,794.4883,1766.7783,740885412400322
1,2083,MOVE,historical,794.2002,1766.9004,740885413644000
1,2084,MOVE,current,793.25,1767.2998,740885417747000
1,2085,MOVE,historical,792.2998,1767.5996,740885422167000
1,2086,MOVE,current,790.7197,1768.2656,740885429032732
1,2087,MOVE,historical,790.4004,1768.4004,740885430422000
1,2088,MOVE,current,789.4502,1768.7998,740885434549500
1,2089,MOVE,historical,788.4004,1769.2002,740885439028000
1,2090,MOVE,current,787.4004,1769.5996,740885443331000
1,2091,MOVE,historical,786.5996,1770.0996,740885447515000
1,2092,MOVE,current,785.7002,1770.5498,740885451758500
1,2093,MOVE,historical,784.9004,1770.9004,740885455606000
1,2094,MOVE,current,784.0498,1771.2998,740885459651500
1,2095,MOVE,historical,783.4004,1771.7002,740885464090000
1,2096,MOVE,current,782.6504,1772.0996,740885468332000
1,2097,MOVE,historical,781.7002,1772.5996,740885472909000
1,2098,MOVE,current,780.8496,1773.0498,740885477318500
1,2099,MOVE,historical,780.2002,1773.5,740885480869000
1,2100,MOVE,current,779.4502,1773.9502,740885484849000
1,2101,MOVE,historical,778.7998,1774.2998,740885489279000
1,2102,MOVE,current,778.0996,1774.7002,740885493484000
1,2103,MOVE,historical,777.4004,1775.0996,740885497902000
1,2104,MOVE,current,776.7002,1775.5,740885502213500
1,2105,MOVE,historical,776.2998,1775.7998,740885505903000
1,2106,MOVE,current,775.75,1776.1504,740885509903500
1,2107,MOVE,historical,775.2002,1776.5,740885514804000
1,2108,MOVE,current,774.6504,1776.8506,740885519254500
1,2109,MOVE,historical,774.4004,1777.0,740885522906000
1,2110,MOVE,current,774.0,1777.25,740885526957000
1,2111,MOVE,historical,773.7002,1777.4004,740885531506000
1,2112,MOVE,current,773.3496,1777.5996,740885535806000
1,2113,MOVE,historical,773.0996,1777.7998,740885539828000
1,2114,MOVE,current,772.7998,1778.0,740885543989000
1,2115,MOVE,historical,772.5,1778.2998,740885547970000
1,2116,MOVE,current,772.2002,1778.5498,740885552041000
1,2117,MOVE,historical,771.7998,1778.7002,740885556437000
1,2118,MOVE,current,771.4502,1778.9004,740885560670500
1,2119,MOVE,historical,771.2002,1779.0996,740885565047000
1,2120,MOVE,current,770.9004,1779.2998,740885569352000
1,2121,MOVE,historical,770.7002,1779.4004,740885573538000
1,2122,MOVE,current,770.4502,1779.5498,740885577783500
1,2123,MOVE,historical,770.0996,1779.7998,740885581633000
1,2124,MOVE,current,769.7998,1780.0,740885585680500
1,2125,MOVE,historical,769.5,1780.2002,740885590083000
1,2126,MOVE,current,769.2002,1780.4004,740885594308000
1,2127,MOVE,historical,769.0,1780.5,740885598483000
1,2128,MOVE,current,768.75,1780.6504,740885602683000
1,2129,MOVE,historical,768.5,1780.7998,740885606742000
1,2130,MOVE,current,768.25,1780.9502,740885610871500
1,2131,MOVE,historical,768.0996,1781.0996,740885615192000
1,2132,MOVE,current,767.9004,1781.25,740885619417000
1,2133,MOVE,historical,767.7998,1781.2998,740885623804000
1,2134,MOVE,current,767.6504,1781.4004,740885628110000
1,2135,MOVE,historical,767.5,1781.5,740885632157000
1,2136,MOVE,current,767.3496,1781.6006,740885636333500
1,2137,MOVE,historical,767.2998,1781.5996,740885640633000
1,2138,MOVE,current,767.2002,1781.6504,740885644871000
1,2139,MOVE,historical,767.2002,1781.7002,740885649023000
1,2140,MOVE,current,767.1504,1781.75,740885653218000
1,2141,MOVE,current,767.5996,1781.4004,740885783333000
1,2142,MOVE,historical,769.9004,1779.7998,740885791870000
1,2143,MOVE,current,770.69727,1779.2451,740885794829328
1,2144,MOVE,historical,772.4004,1778.0996,740885800243000
1,2145,MOVE,current,773.2715,1777.5068,740885803162661
1,2146,MOVE,historical,774.9004,1776.5,740885809136000
1,2147,MOVE,current,775.5635,1776.0752,740885811495994
1,2148,MOVE,historical,777.5996,1774.7002,740885817543000
1,2149,MOVE,current,778.31836,1774.2207,740885819779365
1,2150,MOVE,historical,780.4004,1773.0996,740885825589000
1,2151,MOVE,current,781.2715,1772.6016,740885828094328
1,2152,MOVE,historical,783.5996,1771.2998,740885834269000
1,2153,MOVE,current,784.3955,1770.8525,740885836427661
1,2154,MOVE,historical,786.9004,1769.7002,740885842390000
1,2155,MOVE,current,787.8633,1769.2324,740885844760994
1,2156,MOVE,historical,790.2998,1768.0996,740885850816000
1,2157,MOVE,current,791.2197,1767.667,740885853094327
1,2158,MOVE,historical,794.0,1766.4004,740885859808000
1,2159,MOVE,current,794.666,1766.0938,740885861427660
1,2160,MOVE,historical,797.7998,1764.5996,740885867537000
1,2161,MOVE,current,798.7822,1764.1348,740885869534278
1,2162,MOVE,historical,801.4004,1762.9004,740885875961000
1,2163,MOVE,current,802.209,1762.5176,740885877853406
1,2164,MOVE,historical,805.0,1761.2998,740885884463000
1,2165,MOVE,current,805.72363,1760.9785,740885886172685
1,2166,MOVE,historical,808.5,1759.5996,740885892633000
1,2167,MOVE,current,809.2959,1759.2129,740885894491745
1,2168,MOVE,historical,812.0996,1758.0,740885901182000
1,2169,MOVE,current,812.78613,1757.6953,740885902810487
1,2170,MOVE,historical,815.5,1756.2998,740885909374000
1,2171,MOVE,current,816.22754,1755.9365,740885911127580
1,2172,MOVE,historical,818.5996,1754.7998,740885917917000
1,2173,MOVE,current,819.1543,1754.5322,740885919444488
1,2174,MOVE,historical,821.4004,1753.4004,740885926723000
1,2175,MOVE,current,821.73047,1753.2354,740885927761298
1,2176,MOVE,historical,823.9004,1752.2002,740885935047000
1,2177,MOVE,current,824.20996,1752.0518,740885936078037
1,2178,MOVE,historical,826.4004,1751.0996,740885943218000
1,2179,MOVE,current,826.75977,1750.9414,740885944394709
1,2180,MOVE,historical,828.5996,1750.0996,740885951689000
1,2181,MOVE,current,828.86523,1749.9795,740885952711203
1,2182,MOVE,historical,831.0,1749.0,740885960268000
1,2183,MOVE,current,831.2129,1748.9023,740885961027778
1,2184,MOVE,historical,833.0,1748.0,740885968493000
1,2185,MOVE,current,833.20703,1747.8965,740885969344238
1,2186,MOVE,historical,834.9004,1747.0,740885976961000
1,2187,MOVE,current,835.05664,1746.917,740885977660623
1,2188,MOVE,historical,837.0,1746.0,740885985188000
1,2189,MOVE,current,837.2012,1745.9043,740885985976944
1,2190,MOVE,historical,839.2002,1744.9004,740885993666000
1,2191,MOVE,current,839.3633,1744.8184,740885994296669
1,2192,MOVE,historical,841.5996,1743.7002,740886002088000
1,2193,MOVE,current,841.751,1743.625,740886002617168
1,2194,MOVE,historical,844.2998,1742.5,740886010434000
1,2195,MOVE,current,844.4619,1742.4287,740886010933271
1,2196,MOVE,historical,847.0,1741.2998,740886018878000
1,2197,MOVE,current,847.11914,1741.2471,740886019249291
1,2198,MOVE,historical,849.7998,1740.0996,740886027289000
1,2199,MOVE,current,849.8916,1740.0605,740886027565145
1,2200,MOVE,historical,852.7002,1739.0,740886036201000
1,2201,MOVE,historical,855.5,1738.0,740886044096000
1,2202,MOVE,current,855.5332,1737.9883,740886044189131
1,2203,MOVE,historical,858.2002,1737.0,740886052834000
1,2204,MOVE,current,860.81055,1736.0332,740886060806897
1,2205,MOVE,historical,860.9004,1736.0,740886061080000
1,2206,MOVE,current,863.4092,1735.1318,740886069116672
1,2207,MOVE,historical,863.5,1735.0996,740886069407000
1,2208,MOVE,current,865.83496,1734.166,740886077426663
1,2209,MOVE,historical,866.0,1734.0996,740886077993000
1,2210,MOVE,current,868.1211,1733.2695,740886085737329
1,2211,MOVE,historical,868.2998,1733.2002,740886086389000
1,2212,MOVE,current,870.3906,1732.3818,740886094048685
1,2213,MOVE,historical,870.5996,1732.2998,740886094814000
1,2214,MOVE,current,872.42285,1731.5713,740886102360739
1,2215,MOVE,historical,872.5996,1731.5,740886103093000
1,2216,MOVE,current,874.41797,1730.7725,740886110673486
1,2217,MOVE,historical,874.5996,1730.7002,740886111432000
1,2218,MOVE,current,875.5996,1730.2998,740886115601500
1,2219,MOVE,historical,876.2998,1730.0,740886120317000
1,2220,MOVE,current,877.72656,1729.5547,740886127300439
1,2221,MOVE,historical,877.9004,1729.5,740886128151000
1,2222,MOVE,current,878.7002,1729.25,740886132068000
1,2223,MOVE,historical,879.4004,1728.9004,740886136476000
1,2224,MOVE,current,880.1504,1728.5996,740886140638500
1,2225,MOVE,historical,881.0,1728.2998,740886145161000
1,2226,MOVE,current,882.33984,1727.7979,740886152245036
1,2227,MOVE,historical,882.5996,1727.7002,740886153621000
1,2228,MOVE,current,883.4004,1727.4004,740886157851000
1,2229,MOVE,historical,884.0,1727.0996,740886161984000
1,2230,MOVE,current,884.7002,1726.7998,740886166165500
1,2231,MOVE,historical,885.4004,1726.5996,740886170358000
1,2232,MOVE,current,886.0996,1726.3496,740886174545000
1,2233,MOVE,historical,886.5996,1726.0996,740886178807000
1,2234,MOVE,current,887.2002,1725.8496,740886183031500
1,2235,MOVE,historical,887.9004,1725.5,740886187259000
1,2236,MOVE,current,888.5498,1725.2002,740886191485000
1,2237,MOVE,historical,889.2002,1725.0,740886195478000
1,2238,MOVE,current,889.8496,1724.75,740886199587500
1,2239,MOVE,historical,890.4004,1724.5,740886204291000
1,2240,MOVE,current,891.0,1724.25,740886208697500
1,2241,MOVE,historical,891.5,1724.0,740886212377000
1,2242,MOVE,current,892.0498,1723.75,740886216420000
1,2243,MOVE,historical,892.7998,1723.5,740886220840000
1,2244,MOVE,current,893.4502,1723.25,740886225071500
1,2245,MOVE,historical,894.2002,1723.0,740886229306000
1,2246,MOVE,current,894.9004,1722.75,740886233539000
1,2247,MOVE,historical,895.5,1722.5996,740886237584000
1,2248,MOVE,current,896.1504,1722.4004,740886241723000
1,2249,MOVE,historical,896.7998,1722.0996,740886245937000
1,2250,MOVE,current,897.4502,1721.8496,740886250113500
1,2251,MOVE,historical,898.0996,1721.5996,740886254356000
1,2252,MOVE,current,898.75,1721.3496,740886258565500
1,2253,MOVE,historical,899.5,1721.0996,740886262851000
1,2254,MOVE,current,900.2002,1720.8496,740886267098500
1,2255,MOVE,historical,900.7998,1720.7002,740886271919000
1,2256,MOVE,current,901.4502,1720.5,740886276453000
1,2257,MOVE,historical,902.0996,1720.2002,740886279789000
1,2258,MOVE,current,902.75,1719.9502,740886283724000
1,2259,MOVE,historical,903.2998,1719.7002,740886288208000
1,2260,MOVE,current,903.9004,1719.4502,740886292417500
1,2261,MOVE,historical,904.5,1719.2998,740886296578000
1,2262,MOVE,current,905.0996,1719.0996,740886300763000
1,2263,MOVE,historical,905.7002,1719.0,740886304778000
1,2264,MOVE,current,906.2998,1718.8506,740886308878000
1,2265,MOVE,historical,906.7998,1718.5996,740886313235000
1,2266,MOVE,current,907.3496,1718.4004,740886317463500
1,2267,MOVE,historical,908.0,1718.2002,740886321576000
1,2268,MOVE,current,908.5996,1718.0,740886325746500
1,2269,MOVE,historical,909.2002,1717.9004,740886330272000
1,2270,MOVE,current,909.7998,1717.75,740886334620000
1,2271,MOVE,historical,910.2998,1717.5,740886338376000
1,2272,MOVE,current,910.8496,1717.2998,740886342428000
1,2273,MOVE,historical,911.5,1717.0996,740886346909000
1,2274,MOVE,current,912.0996,1716.9004,740886351175500
1,2275,MOVE,historical,912.5996,1716.7998,740886355098000
1,2276,MOVE,current,913.1504,1716.6504,740886359192500
1,2277,MOVE,historical,913.7002,1716.5,740886363450000
1,2278,MOVE,current,914.25,1716.3506,740886367626000
1,2279,MOVE,historical,914.7002,1716.2002,740886372170000
1,2280,MOVE,current,915.2002,1716.0498,740886376530000
1,2281,MOVE,historical,915.7002,1715.9004,740886380565000
1,2282,MOVE,current,916.2002,1715.75,740886384762500
1,2283,MOVE,historical,916.7002,1715.7002,740886389146000
1,2284,MOVE,current,917.19434,1715.6016,740886393387598
1,2285,MOVE,historical,917.7002,1715.4004,740886397386000
1,2286,MOVE,current,918.2002,1715.25,740886401506000
1,2287,MOVE,historical,918.5996,1715.0996,740886405527000
1,2288,MOVE,current,919.0498,1714.9502,740886409597500
1,2289,MOVE,historical,919.4004,1714.9004,740886414205000
1,2290,MOVE,current,919.7803,1714.8047,740886418329863
1,2291,MOVE,historical,920.2002,1714.7002,740886422402000
1,2292,MOVE,current,920.5996,1714.5996,740886426500500
1,2293,MOVE,historical,920.9004,1714.5,740886430965000
1,2294,MOVE,current,921.22656,1714.4072,740886434958949
1,2295,MOVE,historical,921.5996,1714.2998,740886439294000
1,2296,MOVE,current,921.9346,1714.2041,740886443273965
1,2297,MOVE,historical,922.2002,1714.0996,740886447617000
1,2298,MOVE,current,922.4863,1714.0049,740886451589098
1,2299,MOVE,historical,922.7002,1714.0,740886455972000
1,2300,MOVE,current,922.93555,1713.9531,740886459903654
1,2301,MOVE,historical,923.2002,1713.7998,740886464830000
1,2302,MOVE,current,923.3916,1713.7236,740886468218927
1,2303,MOVE,historical,923.5,1713.7002,740886472910000
1,2304,MOVE,current,923.63477,1713.6553,740886476534502
1,2305,MOVE,historical,923.9004,1713.5996,740886481458000
1,2306,MOVE,current,924.0586,1713.5605,740886484850179
1,2307,MOVE,historical,924.0996,1713.5,740886489749000
1,2308,MOVE,current,924.1826,1713.459,740886493165947
1,2309,MOVE,historical,922.5996,1714.2002,740886624975000
1,2310,MOVE,historical,920.2998,1715.2002,740886632743000
1,2311,MOVE,current,919.7549,1715.4365,740886634583995
1,2312,MOVE,historical,917.4004,1716.2998,740886641215000
1,2313,MOVE,current,916.8174,1716.5215,740886642917328
1,2314,MOVE,historical,914.0,1717.4004,740886649454000
1,2315,MOVE,current,913.2588,1717.6396,740886651250661
1,2316,MOVE,historical,910.5996,1718.5,740886657702000
1,2317,MOVE,current,909.8242,1718.751,740886659583994
1,2318,MOVE,historical,906.9004,1719.7002,740886666598000
1,2319,MOVE,current,906.35156,1719.8779,740886667917327
1,2320,MOVE,historical,902.7002,1721.2002,740886674624000
1,2321,MOVE,current,901.84863,1721.5039,740886676250660
1,2322,MOVE,historical,898.7998,1722.7002,740886683244000
1,2323,MOVE,current,898.19336,1722.9336,740886684583993
1,2324,MOVE,historical,895.4004,1724.0,740886691793000
1,2325,MOVE,current,895.02734,1724.1426,740886692730176
1,2326,MOVE,historical,892.2998,1725.2002,740886699934000
1,2327,MOVE,current,891.876,1725.3643,740886701048751
1,2328,MOVE,historical,888.7002,1726.7002,740886708537000
1,2329,MOVE,current,888.35547,1726.8438,740886709359885
1,2330,MOVE,historical,885.0996,1728.2998,740886716871000
1,2331,MOVE,current,884.751,1728.4551,740886717680036
1,2332,MOVE,historical,881.4004,1729.9004,740886725320000
1,2333,MOVE,current,881.10645,1730.0264,740886725989221
1,2334,MOVE,historical,877.9004,1731.4004,740886733654000
1,2335,MOVE,current,877.626,1731.5176,740886734306568
1,2336,MOVE,historical,874.7002,1732.7002,740886741977000
1,2337,MOVE,current,874.4531,1732.7998,740886742618992
1,2338,MOVE,historical,871.5996,1733.9004,740886750301000
1,2339,MOVE,current,871.3633,1733.9912,740886750935553
1,2340,MOVE,historical,868.7998,1735.0,740886758961000
1,2341,MOVE,current,868.7051,1735.0371,740886759254246
1,2342,MOVE,historical,866.2998,1735.9004,740886767027000
1,2343,MOVE,current,866.1338,1735.96,740886767562706
1,2344,MOVE,historical,863.7002,1736.7998,740886775514000
1,2345,MOVE,current,863.5879,1736.8389,740886775881435
1,2346,MOVE,historical,861.0,1737.7002,740886783876000
1,2347,MOVE,current,860.8965,1737.7344,740886784196334
1,2348,MOVE,historical,858.2998,1738.5,740886792369000
1,2349,MOVE,current,858.25586,1738.5137,740886792509357
1,2350,MOVE,historical,855.5,1739.4004,740886800882000
1,2351,MOVE,current,852.77344,1740.1787,740886809135971
1,2352,MOVE,historical,852.7002,1740.2002,740886809357000
1,2353,MOVE,current,849.94336,1741.1504,740886817450647
1,2354,MOVE,historical,849.7998,1741.2002,740886817872000
1,2355,MOVE,current,846.88086,1742.1416,740886825765319
1,2356,MOVE,historical,846.7002,1742.2002,740886826254000
1,2357,MOVE,current,843.8174,1743.2568,740886834079851
1,2358,MOVE,historical,843.7002,1743.2998,740886834399000
1,2359,MOVE,current,840.71094,1744.5537,740886842394300
1,2360,MOVE,historical,840.5996,1744.5996,740886842691000
1,2361,MOVE,current,837.72266,1745.8066,740886850708817
1,2362,MOVE,historical,837.5,1745.9004,740886851328000
1,2363,MOVE,current,834.8291,1747.1465,740886859023305
1,2364,MOVE,historical,834.5,1747.2998,740886859971000
1,2365,MOVE,current,833.0,1748.0,740886864292500
1,2366,MOVE,historical,831.4004,1748.7998,740886868045000
1,2367,MOVE,current,828.9072,1750.1357,740886875651993
1,2368,MOVE,historical,828.5996,1750.2998,740886876588000
1,2369,MOVE,current,827.2002,1751.0498,740886880859500
1,2370,MOVE,historical,825.7002,1751.7998,740886884950000
1,2371,MOVE,current,824.25,1752.5498,740886889131000
1,2372,MOVE,historical,823.0,1753.2002,740886893234000
1,2373,MOVE,current,820.7012,1754.5264,740886900594916
1,2374,MOVE,historical,820.4004,1754.7002,740886901560000
1,2375,MOVE,current,819.0996,1755.4502,740886905723000
1,2376,MOVE,historical,817.7998,1756.2002,740886910005000
1,2377,MOVE,current,816.5,1756.9502,740886914227500
1,2378,MOVE,historical,815.2002,1757.5996,740886918510000
1,2379,MOVE,current,813.01465,1758.6924,740886925535335
1,2380,MOVE,historical,812.5996,1758.9004,740886926867000
1,2381,MOVE,current,811.2998,1759.5498,740886931045500
1,2382,MOVE,historical,810.0,1760.2998,740886935569000
1,2383,MOVE,current,808.7002,1761.0,740886939920000
1,2384,MOVE,historical,807.2998,1761.5996,740886943822000
1,2385,MOVE,current,805.9502,1762.25,740886947948500
1,2386,MOVE,historical,804.7998,1762.9004,740886952076000
1,2387,MOVE,current,803.5498,1763.5498,740886956203000
1,2388,MOVE,historical,802.2998,1764.0996,740886960822000
1,2389,MOVE,current,801.0498,1764.7002,740886965195000
1,2390,MOVE,historical,800.0996,1765.0996,740886969144000
1,2391,MOVE,current,799.0,1765.5996,740886973305000
1,2392,MOVE,historical,798.0996,1766.0,740886977529000
1,2393,MOVE,current,797.0996,1766.4502,740886981721500
1,2394,MOVE,historical,796.4004,1766.7998,740886985847000
1,2395,MOVE,current,795.5498,1767.2002,740886990006000
1,2396,MOVE,historical,794.5,1767.5996,740886994171000
1,2397,MOVE,current,793.5498,1768.0,740886998333000
1,2398,MOVE,historical,792.9004,1768.2002,740887002505000
1,2399,MOVE,current,792.0996,1768.5,740887006672000
1,2400,MOVE,historical,791.4004,1768.7998,740887010901000
1,2401,MOVE,current,790.6504,1769.0996,740887015099000
1,2402,MOVE,historical,790.0996,1769.4004,740887019355000
1,2403,MOVE,current,789.4502,1769.7002,740887023582000
1,2404,MOVE,historical,788.7998,1769.9004,740887028114000
1,2405,MOVE,current,788.1504,1770.1504,740887032493500
1,2406,MOVE,historical,787.7998,1770.2998,740887036244000
1,2407,MOVE,current,787.2998,1770.5,740887040309000
1,2408,MOVE,historical,786.9004,1770.7998,740887044685000
1,2409,MOVE,current,786.4502,1771.0498,740887048905500
1,2410,MOVE,historical,785.9004,1771.2998,740887053068000
1,2411,MOVE,current,785.4004,1771.5498,740887057259500
1,2412,MOVE,historical,784.7998,1771.7998,740887061367000
1,2413,MOVE,current,784.25,1772.0498,740887065516500
1,2414,MOVE,historical,783.7002,1772.4004,740887070402000
1,2415,MOVE,current,783.1504,1772.7002,740887074919500
1,2416,MOVE,historical,782.5,1773.0996,740887078185000
1,2417,MOVE,current,781.9004,1773.4502,740887082076500
1,2418,MOVE,historical,781.2998,1773.7002,740887086909000
1,2419,MOVE,current,780.7002,1774.0,740887091271000
1,2420,MOVE,historical,780.0,1774.4004,740887095098000
1,2421,MOVE,current,779.3496,1774.75,740887099192500
1,2422,MOVE,historical,778.7002,1775.0996,740887103279000
1,2423,MOVE,current,778.0498,1775.4502,740887107369500
1,2424,MOVE,historical,777.5,1775.7998,740887111781000
1,2425,MOVE,current,776.9004,1776.1504,740887116032000
1,2426,MOVE,historical,776.4004,1776.4004,740887120079000
1,2427,MOVE,current,775.8496,1776.7002,740887124228000
1,2428,MOVE,historical,775.4004,1777.0996,740887128679000
1,2429,MOVE,current,774.9004,1777.4502,740887132979000
1,2430,MOVE,historical,774.5,1777.5996,740887137212000
1,2431,MOVE,current,774.0498,1777.8496,740887141478500
1,2432,MOVE,historical,773.5996,1778.0996,740887145607000
1,2433,MOVE,current,773.1504,1778.3496,740887149804500
1,2434,MOVE,historical,772.7002,1778.5996,740887154344000
1,2435,MOVE,current,772.292,1778.8262,740887158302314
1,2436,MOVE,historical,771.9004,1779.0996,740887162246000
1,2437,MOVE,current,771.5,1779.3496,740887166197000
1,2438,MOVE,historical,771.2002,1779.5,740887170813000
1,2439,MOVE,current,770.8633,1779.6924,740887174936421
1,2440,MOVE,historical,770.5996,1779.9004,740887178893000
1,2441,MOVE,current,770.2998,1780.0996,740887182933000
1,2442,MOVE,historical,770.0996,1780.2002,740887187843000
1,2443,MOVE,current,769.8916,1780.3252,740887191572980
1,2444,MOVE,historical,769.5,1780.5996,740887195800000
1,2445,MOVE,current,769.2002,1780.7998,740887199778500
1,2446,MOVE,historical,768.9004,1780.9004,740887204281000
1,2447,MOVE,current,768.62305,1781.0391,740887208201715
1,2448,MOVE,historical,768.4004,1781.2998,740887212786000
1,2449,MOVE,current,768.18066,1781.4756,740887216516002
1,2450,MOVE,historical,767.9004,1781.5996,740887221156000
1,2451,MOVE,current,767.68066,1781.7314,740887224830054
1,2452,MOVE,historical,767.2998,1782.0,740887229427000
1,2453,MOVE,current,767.0303,1782.1797,740887233143993
1,2454,MOVE,historical,766.7998,1782.2998,740887238023000
1,2455,MOVE,current,766.6006,1782.4199,740887241457971
1,2456,MOVE,historical,766.4004,1782.5996,740887247878000
1,2457,MOVE,current,766.32324,1782.6572,740887249771968
1,2458,MOVE,historical,766.2002,1782.7002,740887254660000
1,2459,MOVE,current,766.0996,1782.75,740887258051000
1,2460,MOVE,historical,766.0,1782.7998,740887263161000
1,2461,MOVE,current,765.9238,1782.8379,740887266400025
1,2462,MOVE,historical,766.0,1782.9004,740887271513000
1,2463,MOVE,current,766.0,1782.9385,740887274713650
1,2464,MOVE,historical,766.5996,1782.4004,740887372768000
1,2465,MOVE,historical,768.2002,1781.2002,740887381447000
1,2466,MOVE,current,768.4492,1781.0137,740887382797970
1,2467,MOVE,historical,769.7002,1780.2002,740887390054000
1,2468,MOVE,current,769.88477,1780.0771,740887391112191
1,2469,MOVE,historical,770.9004,1779.2998,740887397827000
1,2470,MOVE,current,771.1455,1779.1162,740887399416841
1,2471,MOVE,historical,772.2002,1778.5,740887405886000
1,2472,MOVE,current,772.4971,1778.3174,740887407726762
1,2473,MOVE,historical,773.2998,1777.7002,740887414308000
1,2474,MOVE,current,773.52637,1777.5352,740887416040491
1,2475,MOVE,historical,774.4004,1777.0,740887422967000
1,2476,MOVE,current,774.5762,1776.8877,740887424352116
1,2477,MOVE,historical,775.4004,1776.4004,740887431582000
1,2478,MOVE,current,775.5254,1776.3242,740887432664298
1,2479,MOVE,historical,776.2998,1775.7998,740887439815000
1,2480,MOVE,current,776.42676,1775.7148,740887440977048
1,2481,MOVE,historical,777.0,1775.2998,740887448204000
1,2482,MOVE,current,777.08984,1775.2354,740887449283222
1,2483,MOVE,historical,777.9004,1774.7998,740887456824000
1,2484,MOVE,current,777.98047,1774.7559,740887457591080
1,2485,MOVE,historical,778.7002,1774.2998,740887465327000
1,2486,MOVE,current,778.7539,1774.2666,740887465899891
1,2487,MOVE,historical,779.7002,1773.7002,740887473552000
1,2488,MOVE,current,779.7803,1773.6523,740887474209579
1,2489,MOVE,historical,780.7998,1773.0,740887482023000
1,2490,MOVE,current,780.86426,1772.959,740887482519873
1,2491,MOVE,historical,782.0996,1772.2998,740887490208000
1,2492,MOVE,current,782.1992,1772.2471,740887490830592
1,2493,MOVE,historical,783.4004,1771.5996,740887498692000
1,2494,MOVE,current,783.46875,1771.5625,740887499141639
1,2495,MOVE,historical,784.7998,1770.9004,740887506876000
1,2496,MOVE,current,784.89844,1770.8506,740887507452758
1,2497,MOVE,historical,786.2002,1770.2998,740887515381000
1,2498,MOVE,current,786.2627,1770.2734,740887515764045
1,2499,MOVE,historical,787.5,1769.7002,740887523881000
1,2500,MOVE,current,787.5293,1769.6865,740887524075374
1,2501,MOVE,historical,789.0,1769.0,740887532230000
1,2502,MOVE,current,789.02734,1768.9873,740887532382267
1,2503,MOVE,historical,790.4004,1768.4004,740887540931000
1,2504,MOVE,current,791.65137,1767.8223,740887548995174
1,2505,MOVE,historical,791.7002,1767.7998,740887549311000
1,2506,MOVE,current,792.9463,1767.3203,740887557299951
1,2507,MOVE,historical,793.0,1767.2998,740887557643000
1,2508,MOVE,current,794.21875,1766.7373,740887565601375
1,2509,MOVE,historical,794.2998,1766.7002,740887566130000
1,2510,MOVE,current,795.5215,1766.2305,740887573911976
1,2511,MOVE,historical,795.5996,1766.2002,740887574412000
1,2512,MOVE,current,796.25,1765.9502,740887578553000
1,2513,MOVE,historical,797.0996,1765.5996,740887583355000
1,2514,MOVE,current,798.36523,1764.9678,740887590537455
1,2515,MOVE,historical,798.5,1764.9004,740887591302000
1,2516,MOVE,current,799.9697,1764.2568,740887598852560
1,2517,MOVE,historical,800.0996,1764.2002,740887599520000
1,2518,MOVE,current,801.55566,1763.5635,740887607168973
1,2519,MOVE,historical,801.7002,1763.5,740887607930000
1,2520,MOVE,current,803.33594,1762.7725,740887615481645
1,2521,MOVE,historical,803.5,1762.7002,740887616238000
1,2522,MOVE,current,804.4004,1762.2998,740887620392000
1,2523,MOVE,historical,805.4004,1761.7998,740887624871000
1,2524,MOVE,current,807.2617,1761.002,740887632108460
1,2525,MOVE,historical,807.5,1760.9004,740887633034000
1,2526,MOVE,current,808.5498,1760.4502,740887637115500
1,2527,MOVE,historical,809.7998,1759.9004,740887641728000
1,2528,MOVE,current,810.9502,1759.4004,740887646075000
1,2529,MOVE,historical,812.2002,1758.7998,740887650049000
1,2530,MOVE,current,814.624,1757.6299,740887657053961
1,2531,MOVE,historical,815.0996,1757.4004,740887658430000
1,2532,MOVE,current,816.5498,1756.7002,740887662620500
1,2533,MOVE,historical,818.2998,1755.7998,740887667022000
1,2534,MOVE,current,819.9004,1755.0,740887671318000
1,2535,MOVE,historical,821.2998,1754.4004,740887675239000
1,2536,MOVE,current,822.7998,1753.7002,740887679347500
1,2537,MOVE,historical,824.2002,1752.9004,740887683755000
1,2538,MOVE,current,825.6504,1752.1504,740887688013000
1,2539,MOVE,historical,827.0,1751.4004,740887692053000
1,2540,MOVE,current,828.4004,1750.6504,740887696202000
1,2541,MOVE,historical,829.9004,1750.0,740887700578000
1,2542,MOVE,current,831.3496,1749.2998,740887704840500
1,2543,MOVE,historical,832.7002,1748.5,740887709080000
1,2544,MOVE,current,834.0996,1747.75,740887713331000
1,2545,MOVE,historical,835.5,1747.0,740887717756000
1,2546,MOVE,current,836.9004,1746.25,740887722094000
1,2547,MOVE,historical,838.2002,1745.5996,740887725778000
1,2548,MOVE,current,839.5498,1744.9004,740887729789000
1,2549,MOVE,historical,841.2002,1744.0996,740887734151000
1,2550,MOVE,current,842.7002,1743.3496,740887738337500
1,2551,MOVE,historical,844.0996,1742.7998,740887742412000
1,2552,MOVE,current,845.5498,1742.1504,740887746542500
1,2553,MOVE,historical,847.0996,1741.4004,740887750806000
1,2554,MOVE,current,848.5996,1740.7002,740887755003000
1,2555,MOVE,historical,849.7998,1740.2002,740887759115000
1,2556,MOVE,current,851.1504,1739.5996,740887763269500
1,2557,MOVE,historical,852.2002,1739.2998,740887767587000
1,2558,MOVE,current,853.4004,1738.8496,740887771823000
1,2559,MOVE,historical,854.2998,1738.5,740887776118000
1,2560,MOVE,current,855.3496,1738.1006,740887780383500
1,2561,MOVE,historical,855.7998,1738.0996,740887784778000
1,2562,MOVE,current,856.5498,1737.9004,740887789108000
1,2563,MOVE,historical,857.0,1737.7002,740887793087000
1,2564,MOVE,current,857.5996,1737.5,740887797241500
1,2565,MOVE,historical,857.7002,1737.5,740887801484000
1,2566,MOVE,current,858.0498,1737.4004,740887805682500
1,2567,MOVE,historical,858.2998,1737.4004,740887809923000
1,2568,MOVE,current,858.5996,1737.3496,740887814142500
1,2569,MOVE,historical,859.0,1737.2998,740887818103000
1,2570,MOVE,current,859.3496,1737.25,740887822193000
1,2571,MOVE,historical,859.5,1737.2002,740887826424000
1,2572,MOVE,current,859.75,1737.1504,740887830584500
1,2573,MOVE,historical,860.0996,1737.2002,740887834769000
1,2574,MOVE,current,860.4004,1737.2002,740887838941500
1,2575,MOVE,historical,860.7998,1737.2002,740887843165000
1,2576,MOVE,current,861.1504,1737.2002,740887847363000
1,2577,MOVE,historical,860.9004,1737.2002,740887851689000
1,2578,MOVE,current,860.9502,1737.2002,740887855951000
1,2579,UP,current,860.9004,1737.2002,740887876742000
2,2580,DOWN,current,969.7998,1708.5,740890331681000
2,2581,MOVE,historical,962.2998,1709.7002,740890441104000
2,2582,MOVE,historical,951.0996,1712.2998,740890449073000
2,2583,MOVE,current,948.81934,1712.8291,740890450695659
2,2584,MOVE,historical,937.2998,1716.4004,740890457617000
2,2585,MOVE,current,935.2842,1716.999,740890458865328
2,2586,MOVE,historical,913.5,1724.5996,740890465852000
2,2587,MOVE,current,909.6084,1725.9414,740890467198661
2,2588,MOVE,historical,893.7002,1730.7002,740890474495000
2,2589,MOVE,current,891.3242,1731.4316,740890475531994
2,2590,MOVE,historical,876.7998,1735.4004,740890482536000
2,2591,MOVE,current,874.00586,1736.1768,740890483865327
2,2592,MOVE,historical,861.5996,1740.5,740890490947000
2,2593,MOVE,current,859.3379,1741.2588,740890492198660
2,2594,MOVE,historical,848.0,1745.9004,740890499252000
2,2595,MOVE,current,846.17285,1746.626,740890500368049
2,2596,MOVE,historical,835.4004,1751.4004,740890507857000
2,2597,MOVE,current,834.1904,1751.9277,740890508683374
2,2598,MOVE,historical,823.7002,1756.4004,740890516303000
2,2599,MOVE,current,822.7363,1756.8115,740890516998895
2,2600,MOVE,historical,813.5996,1760.2998,740890524703000
2,2601,MOVE,current,812.86523,1760.584,740890525314160
2,2602,MOVE,historical,805.2002,1763.4004,740890532920000
2,2603,MOVE,current,804.4756,1763.667,740890533628885
2,2604,MOVE,historical,798.0996,1765.9004,740890541431000
2,2605,MOVE,current,797.6719,1766.0508,740890541943628
2,2606,MOVE,historical,792.0,1768.2002,740890549805000
2,2607,MOVE,current,791.6699,1768.3242,740890550258382
2,2608,MOVE,historical,786.4004,1770.7002,740890558134000
2,2609,MOVE,current,786.1045,1770.832,740890558573247
2,2610,MOVE,historical,781.5996,1773.0996,740890566560000
2,2611,MOVE,current,781.4131,1773.1934,740890566888230
2,2612,MOVE,historical,777.0996,1775.5,740890575106000
2,2613,MOVE,current,777.0488,1775.5273,740890575202780
2,2614,MOVE,historical,773.4004,1777.5996,740890583542000
2,2615,MOVE,current,770.0635,1779.3662,740890591831124
2,2616,MOVE,historical,770.0,1779.4004,740890591989000
2,2617,MOVE,current,767.3506,1781.0684,740890600144861
2,2618,MOVE,historical,767.2998,1781.0996,740890600300000
2,2619,MOVE,current,764.8916,1782.582,740890608458362
2,2620,MOVE,historical,764.7002,1782.7002,740890609107000
2,2621,MOVE,current,762.6387,1784.0742,740890616771794
2,2622,MOVE,historical,762.5996,1784.0996,740890616917000
2,2623,MOVE,current,760.9238,1785.2168,740890625084412
2,2624,MOVE,historical,760.7998,1785.2998,740890625690000
2,2625,MOVE,current,759.9004,1785.9004,740890630076500
2,2626,MOVE,historical,759.2998,1786.2002,740890634242000
2,2627,MOVE,current,758.19336,1786.7539,740890641709309
2,2628,MOVE,historical,758.0996,1786.7998,740890642337000
2,2629,MOVE,current,757.5,1787.0996,740890646384500
2,2630,MOVE,historical,757.4004,1787.0996,740890651159000
2,2631,MOVE,current,757.3096,1787.1904,740890658334487
2,2632,MOVE,historical,757.2998,1787.2002,740890659054000
2,2633,MOVE,current,757.11914,1787.29,740890666647135
2,2634,MOVE,historical,757.0996,1787.2998,740890667443000
2,2635,MOVE,current,757.0,1787.3496,740890671637500
2,2636,MOVE,historical,757.0,1787.2998,740890675988000
2,2637,MOVE,current,756.9502,1787.2998,740890680260500
2,2638,MOVE,historical,757.0,1787.2002,740890684671000
2,2639,MOVE,current,757.0,1787.1504,740890689012500
2,2640,MOVE,historical,757.0,1787.0996,740890692665000
2,2641,MOVE,current,757.0,1787.0498,740890696662000
2,2642,MOVE,historical,757.0,1787.0,740890701164000
2,2643,MOVE,current,757.0,1786.9502,740890705413500
2,2644,MOVE,historical,757.0,1786.9004,740890709475000
2,2645,MOVE,current,757.0,1786.8496,740890713630500
2,2646,MOVE,historical,757.0,1786.7998,740890717921000
2,2647,MOVE,current,757.0,1786.75,740890722144000
2,2648,MOVE,historical,757.0,1786.7002,740890726686000
2,2649,MOVE,current,757.0,1786.6504,740890731068500
2,2650,MOVE,historical,757.0,1786.5996,740890734811000
2,2651,MOVE,current,757.0,1786.5498,740890738873500
2,2652,MOVE,historical,759.5,1785.0,740890743045000
2,2653,MOVE,current,760.75,1784.2002,740890747162000
2,2654,MOVE,historical,763.5,1782.2998,740890751699000
2,2655,MOVE,current,765.5,1780.9502,740890756026000
2,2656,MOVE,historical,768.2002,1779.4004,740890760278000
2,2657,MOVE,current,770.5498,1777.9502,740890764567500
2,2658,MOVE,historical,773.5,1776.0996,740890768729000
2,2659,MOVE,current,776.1504,1774.4502,740890772954500
2,2660,MOVE,historical,779.2998,1772.7002,740890776916000
2,2661,MOVE,current,782.2002,1771.0,740890781009500
2,2662,MOVE,historical,785.9004,1769.0996,740890785290000
2,2663,MOVE,current,789.2002,1767.2998,740890789477000
2,2664,MOVE,historical,793.0,1765.5,740890793576000
2,2665,MOVE,current,796.5498,1763.7002,740890797719000
2,2666,MOVE,historical,800.5,1761.7002,740890802187000
2,2667,MOVE,current,804.25,1759.7998,740890806492500
2,2668,MOVE,historical,808.2002,1758.0,740890810622000
2,2669,MOVE,current,812.0498,1756.1504,740890814839500
2,2670,MOVE,historical,815.9004,1754.2998,740890819308000
2,2671,MOVE,current,819.75,1752.4502,740890823651000
2,2672,MOVE,historical,823.2002,1750.5996,740890827404000
2,2673,MOVE,current,826.8496,1748.75,740890831452000
2,2674,MOVE,historical,831.0,1746.7998,740890836102000
2,2675,MOVE,current,834.9004,1744.9004,740890840451000
2,2676,MOVE,historical,837.4004,1743.7002,740890843931000
2,2677,MOVE,current,840.5996,1742.1504,740890847845500
2,2678,MOVE,historical,843.4004,1741.0,740890852567000
2,2679,MOVE,current,846.4004,1739.6504,740890856885000
2,2680,MOVE,historical,849.0996,1738.5996,740890860863000
2,2681,MOVE,current,851.9502,1737.4004,740890865011000
2,2682,MOVE,historical,854.2002,1736.7002,740890869303000
2,2683,MOVE,current,856.75,1735.75,740890873523000
2,2684,MOVE,historical,859.0,1734.9004,740890877764000
2,2685,MOVE,current,861.4004,1734.0,740890881994500
2,2686,MOVE,historical,863.9004,1733.0,740890885961000
2,2687,MOVE,current,866.3496,1732.0498,740890890059500
2,2688,MOVE,historical,868.2998,1731.4004,740890894676000
2,2689,MOVE,current,870.5,1730.5996,740890899033500
2,2690,MOVE,historical,872.7002,1729.7002,740890902781000
2,2691,MOVE,current,874.9004,1728.8496,740890906833500
2,2692,MOVE,historical,877.2002,1727.9004,740890911231000
2,2693,MOVE,current,879.4502,1727.0,740890915456000
2,2694,MOVE,historical,881.5996,1726.2002,740890919819000
2,2695,MOVE,current,883.7998,1725.3496,740890924113000
2,2696,MOVE,historical,885.5996,1724.5996,740890928318000
2,2697,MOVE,current,887.5996,1723.7998,740890932567500
2,2698,MOVE,historical,889.2998,1723.2002,740890936619000
2,2699,MOVE,current,891.1504,1722.5,740890940769500
2,2700,MOVE,historical,892.7002,1721.9004,740890944871000
2,2701,MOVE,current,894.4004,1721.25,740890948997000
2,2702,MOVE,historical,896.0,1720.7002,740890953280000
2,2703,MOVE,current,897.6504,1720.0996,740890957484500
2,2704,MOVE,historical,899.0996,1719.5,740890961752000
2,2705,MOVE,current,900.6133,1718.9141,740890965887442
2,2706,MOVE,historical,901.7998,1718.5,740890970609000
2,2707,MOVE,current,902.89453,1718.0947,740890974198536
2,2708,MOVE,historical,904.2998,1717.5996,740890978809000
2,2709,MOVE,current,905.4287,1717.1934,740890982510570
2,2710,MOVE,historical,906.7998,1716.7002,740890987181000
2,2711,MOVE,current,907.8877,1716.3086,740890990823481
2,2712,MOVE,historical,909.2002,1715.9004,740890995744000
2,2713,MOVE,current,910.15137,1715.583,740890999137318
2,2714,MOVE,historical,911.4004,1715.2002,740891003732000
2,2715,MOVE,current,912.4248,1714.874,740891007451426
2,2716,MOVE,historical,913.7002,1714.4004,740891012228000
2,2717,MOVE,current,914.6572,1714.0664,740891015765535
2,2718,MOVE,historical,915.5996,1713.7998,740891020668000
2,2719,MOVE,current,916.36816,1713.5576,740891024080181
2,2720,MOVE,historical,917.5996,1713.0996,740891029121000
2,2721,MOVE,current,918.375,1712.8291,740891032395685
2,2722,MOVE,historical,919.0996,1712.7002,740891037540000
2,2723,MOVE,current,919.66504,1712.5488,740891040711968
2,2724,MOVE,historical,919.5996,1712.5,740891045835000
2,2725,MOVE,current,919.79297,1712.4229,740891049028880
2,2726,MOVE,historical,919.5996,1712.4004,740891054139000
2,2727,MOVE,current,919.5996,1712.3613,740891057346813
2,2728,MOVE,historical,919.5996,1712.2998,740891062910000
2,2729,MOVE,current,919.5996,1712.2686,740891065665362
2,2730,MOVE,historical,919.5996,1712.2002,740891070849000
2,2731,MOVE,current,919.5996,1712.1602,740891073978787
2,2732,MOVE,historical,919.5996,1712.0996,740891079385000
2,2733,MOVE,current,919.5996,1712.0654,740891082298257
2,2734,MOVE,historical,914.0,1714.2002,740891087922000
2,2735,MOVE,current,912.23145,1714.8633,740891090618257
2,2736,MOVE,historical,903.7002,1718.0,740891096377000
2,2737,MOVE,current,900.5869,1719.1484,740891098932657
2,2738,MOVE,historical,890.7998,1723.0996,740891104809000
2,2739,MOVE,current,887.06836,1724.5752,740891107247974
2,2740,MOVE,historical,871.2998,1730.7002,740891112989000
2,2741,MOVE,current,865.16504,1733.0908,740891115562439
2,2742,MOVE,historical,856.9004,1736.0996,740891121487000
2,2743,MOVE,current,852.84766,1737.6191,740891123878209
2,2744,MOVE,historical,845.2002,1740.5996,740891130180000
2,2745,MOVE,current,842.4912,1741.6416,740891132192751
2,2746,MOVE,historical,834.4004,1745.7002,740891138235000
2,2747,MOVE,current,831.35156,1747.1396,740891140508979
2,2748,MOVE,historical,824.0,1750.9004,740891146927000
2,2749,MOVE,current,821.7285,1752.0361,740891148825630
2,2750,MOVE,historical,814.2002,1755.7002,740891155026000
2,2751,MOVE,current,811.63965,1756.9541,740891157142035
2,2752,MOVE,historical,805.0996,1759.7998,740891163733000
2,2753,MOVE,current,803.2969,1760.6123,740891165458222
2,2754,MOVE,historical,797.2998,1763.2002,740891171923000
2,2755,MOVE,current,795.5371,1763.9688,740891173774171
2,2756,MOVE,historical,790.5996,1766.0996,740891180679000
2,2757,MOVE,current,789.5205,1766.5674,740891182090026
2,2758,MOVE,historical,784.7002,1768.7002,740891188862000
2,2759,MOVE,current,783.5918,1769.1885,740891190399033
2,2760,MOVE,historical,779.4004,1771.4004,740891197198000
2,2761,MOVE,current,778.43945,1771.8896,740891198708838
2,2762,MOVE,historical,774.2002,1774.5,740891205417000
2,2763,MOVE,current,773.1865,1775.1045,740891207019355
2,2764,MOVE,historical,769.4004,1777.5996,740891214116000
2,2765,MOVE,current,768.7295,1778.0332,740891215330501
2,2766,MOVE,historical,765.0,1780.5,740891222289000
2,2767,MOVE,current,764.2715,1780.9805,740891223642266
2,2768,MOVE,historical,760.9004,1783.2002,740891230727000
2,2769,MOVE,current,760.3037,1783.5928,740891231954477
2,2770,MOVE,historical,757.0996,1785.7002,740891239530000
2,2771,MOVE,current,756.7822,1785.9092,740891240266996
2,2772,MOVE,historical,753.7998,1787.7998,740891247517000
2,2773,MOVE,current,753.3613,1788.0791,740891248579555
2,2774,MOVE,historical,750.7998,1789.7002,740891255997000
2,2775,MOVE,current,750.4834,1789.9004,740891256892053
2,2776,MOVE,historical,748.2998,1791.0996,740891264792000
2,2777,MOVE,current,748.1826,1791.166,740891265204564
2,2778,MOVE,historical,745.7998,1792.5996,740891272864000
2,2779,MOVE,current,745.59766,1792.7217,740891273516787
2,2780,MOVE,historical,744.0996,1793.7002,740891281312000
2,2781,MOVE,current,743.9961,1793.7676,740891281829126
2,2782,MOVE,historical,742.5996,1794.7002,740891289536000
2,2783,MOVE,current,742.48926,1794.7734,740891290141537
2,2784,MOVE,historical,741.5,1795.4004,740891298103000
2,2785,MOVE,current,741.4551,1795.4287,740891298454784
2,2786,MOVE,historical,740.7998,1795.9004,740891306361000
2,2787,MOVE,current,740.7656,1795.9248,740891306769327
2,2788,MOVE,historical,740.2998,1796.0996,740891314925000
2,2789,MOVE,current,740.291,1796.1035,740891315085095
2,2790,MOVE,historical,740.0,1796.2998,740891323661000
2,2791,MOVE,historical,739.7002,1796.5,740891331578000
2,2792,MOVE,current,739.6953,1796.5029,740891331704462
2,2793,MOVE,historical,739.5996,1796.5,740891340061000
2,2794,MOVE,current,739.5996,1796.4023,740891348329573
2,2795,MOVE,historical,739.5996,1796.4004,740891348514000
2,2796,MOVE,current,739.5996,1796.3066,740891356639431
2,2797,MOVE,historical,739.5996,1796.2998,740891357189000
2,2798,MOVE,current,739.5996,1796.208,740891364950212
2,2799,MOVE,historical,739.5996,1796.2002,740891365612000
2,2800,MOVE,current,739.5996,1796.1084,740891373261891
2,2801,MOVE,historical,739.5996,1796.0996,740891373977000
2,2802,MOVE,current,739.5996,1796.0098,740891381574394
2,2803,MOVE,historical,739.5996,1796.0,740891382351000
2,2804,MOVE,current,739.5996,1795.9082,740891389887822
2,2805,MOVE,historical,739.5996,1795.9004,740891390545000
2,2806,MOVE,current,739.5996,1795.8096,740891398202304
2,2807,MOVE,historical,739.5996,1795.7998,740891399058000
2,2808,MOVE,current,739.5996,1795.75,740891403314500
2,2809,MOVE,historical,741.0,1795.0996,740891407529000
2,2810,MOVE,current,744.97363,1792.8926,740891414834268
2,2811,MOVE,historical,745.5,1792.5996,740891415802000
2,2812,MOVE,current,747.75,1791.3496,740891419938500
2,2813,MOVE,historical,750.5996,1789.5996,740891424352000
2,2814,MOVE,current,753.1504,1788.0996,740891428627000
2,2815,MOVE,historical,756.2998,1786.0996,740891432858000
2,2816,MOVE,current,759.1504,1784.3496,740891437111000
2,2817,MOVE,historical,762.5996,1782.2998,740891441439000
2,2818,MOVE,current,768.2793,1778.876,740891448086505
2,2819,MOVE,historical,769.4004,1778.2002,740891449398000
2,2820,MOVE,current,772.7998,1776.1504,740891453377500
2,2821,MOVE,historical,776.9004,1774.0,740891458182000
2,2822,MOVE,current,780.6504,1771.9004,740891462574000
2,2823,MOVE,historical,785.0,1769.7002,740891466543000
2,2824,MOVE,current,789.0498,1767.5498,740891470723500
2,2825,MOVE,historical,793.2998,1765.2998,740891474798000
2,2826,MOVE,current,797.4502,1763.0996,740891478925500
2,2827,MOVE,historical,802.0,1761.0,740891482909000
2,2828,MOVE,current,808.6885,1757.7334,740891489663279
2,2829,MOVE,historical,810.5996,1756.7998,740891491594000
2,2830,MOVE,current,814.9004,1754.7002,740891495936500
2,2831,MOVE,historical,818.7998,1752.7998,740891499944000
2,2832,MOVE,current,822.9004,1750.7998,740891504119000
2,2833,MOVE,historical,826.5,1749.0996,740891508672000
2,2834,MOVE,current,830.3496,1747.25,740891513036000
2,2835,MOVE,historical,833.9004,1745.4004,740891516888000
2,2836,MOVE,current,837.5996,1743.5498,740891520996000
2,2837,MOVE,historical,840.5,1742.4004,740891525019000
2,2838,MOVE,current,843.7998,1740.9004,740891529084500
2,2839,MOVE,historical,846.7002,1739.9004,740891533669000
2,2840,MOVE,current,849.7998,1738.6504,740891537994000
2,2841,MOVE,historical,852.4004,1737.5996,740891542079000
2,2842,MOVE,current,855.25,1736.4502,740891546284000
2,2843,MOVE,historical,857.5996,1735.7002,740891550275000
2,2844,MOVE,current,860.2002,1734.75,740891554373000
2,2845,MOVE,historical,862.5996,1734.0,740891558573000
2,2846,MOVE,current,865.0996,1733.1504,740891562722000
2,2847,MOVE,historical,867.4004,1732.2002,740891567109000
2,2848,MOVE,current,869.7998,1731.2998,740891571377000
2,2849,MOVE,historical,871.9004,1730.5,740891575603000
2,2850,MOVE,current,874.1504,1729.6504,740891579850000
2,2851,MOVE,historical,876.4004,1728.5996,740891583824000
2,2852,MOVE,current,878.6504,1727.6504,740891587934500
2,2853,MOVE,historical,880.7002,1726.7998,740891592758000
2,2854,MOVE,current,882.8496,1725.9004,740891597225000
2,2855,MOVE,historical,884.7998,1725.4004,740891601235000
2,2856,MOVE,current,886.8496,1724.7002,740891605473500
2,2857,MOVE,historical,888.7002,1724.0,740891609149000
2,2858,MOVE,current,890.6504,1723.2998,740891613106000
2,2859,MOVE,historical,892.0996,1722.7002,740891617535000
2,2860,MOVE,current,893.7998,1722.0498,740891621728000
2,2861,MOVE,historical,895.4004,1721.4004,740891626292000
2,2862,MOVE,current,897.0498,1720.75,740891630670500
2,2863,MOVE,historical,898.2002,1720.4004,740891634267000
2,2864,MOVE,current,899.5996,1719.9004,740891638254500
2,2865,MOVE,historical,901.0,1719.4004,740891642743000
2,2866,MOVE,current,902.4004,1718.9004,740891646981000
2,2867,MOVE,historical,903.7002,1718.5,740891651339000
2,2868,MOVE,current,905.0498,1718.0498,740891655637000
2,2869,MOVE,historical,906.4004,1717.7002,740891659608000
2,2870,MOVE,current,907.75,1717.2998,740891663742500
2,2871,MOVE,historical,909.0,1717.0,740891668255000
2,2872,MOVE,current,910.291,1716.6523,740891672549441
2,2873,MOVE,historical,911.2998,1716.2998,740891676676000
2,2874,MOVE,current,912.44434,1715.9512,740891680866870
2,2875,MOVE,historical,913.5,1715.5996,740891684804000
2,2876,MOVE,current,914.5996,1715.25,740891688868000
2,2877,MOVE,historical,915.0996,1715.0996,740891693715000
2,2878,MOVE,current,915.7803,1714.8877,740891697504015
2,2879,MOVE,historical,915.7002,1714.9004,740891701668000
2,2880,MOVE,current,916.0,1714.7998,740891705644500
2,2881,MOVE,historical,915.7002,1714.7998,740891709943000
2,2882,MOVE,current,915.7002,1714.75,740891714080500
2,2883,MOVE,historical,915.7002,1714.7002,740891718515000
2,2884,MOVE,current,915.7002,1714.6543,740891722453163
2,2885,MOVE,historical,915.7002,1714.5996,740891726665000
2,2886,MOVE,current,915.7002,1714.5498,740891730740000
2,2887,MOVE,historical,915.7002,1714.5,740891735310000
2,2888,MOVE,current,915.7002,1714.457,740891739065017
2,2889,MOVE,historical,911.5,1716.4004,740891743842000
2,2890,MOVE,current,909.7656,1717.1846,740891747366231
2,2891,MOVE,historical,901.0996,1720.2998,740891752263000
2,2892,MOVE,current,896.8926,1721.8779,740891755669709
2,2893,MOVE,historical,888.0,1725.2002,740891760530000
2,2894,MOVE,current,882.5488,1727.2393,740891763970136
2,2895,MOVE,historical,869.9004,1731.9004,740891768961000
2,2896,MOVE,current,862.791,1734.5312,740891772272400
2,2897,MOVE,historical,856.2002,1736.9004,740891777261000
2,2898,MOVE,current,850.72656,1738.8975,740891780576939
2,2899,MOVE,historical,844.4004,1741.7002,740891785861000
2,2900,MOVE,current,840.25195,1743.3877,740891788883905
2,2901,MOVE,historical,833.4004,1746.7002,740891794081000
2,2902,MOVE,current,829.2451,1748.5889,740891797185495
2,2903,MOVE,historical,823.0996,1751.7002,740891802592000
2,2904,MOVE,current,819.59375,1753.4023,740891805489640
2,2905,MOVE,historical,813.5996,1756.2998,740891810956000
2,2906,MOVE,current,810.38184,1757.8584,740891813789255
2,2907,MOVE,historical,804.5,1760.5,740891819319000
2,2908,MOVE,current,801.4824,1761.8926,740891822092184
2,2909,MOVE,historical,796.7002,1764.0996,740891827587000
2,2910,MOVE,current,794.0469,1765.3252,740891830399770
2,2911,MOVE,historical,790.0,1767.0,740891836311000
2,2912,MOVE,current,788.16113,1767.7959,740891838705917
2,2913,MOVE,historical,783.7998,1769.7002,740891844680000
2,2914,MOVE,current,782.0713,1770.4531,740891847013319
2,2915,MOVE,historical,778.2002,1772.4004,740891852787000
2,2916,MOVE,current,776.4463,1773.2461,740891855326335
2,2917,MOVE,historical,772.7002,1775.2998,740891861502000
2,2918,MOVE,current,771.3467,1776.0137,740891863645727
2,2919,MOVE,historical,767.7002,1778.4004,740891870381000
2,2920,MOVE,current,766.80664,1778.9541,740891871967138
2,2921,MOVE,historical,762.9004,1781.5,740891878360000
2,2922,MOVE,current,761.73926,1782.25,740891880289591
2,2923,MOVE,historical,758.5996,1784.2998,740891886921000
2,2924,MOVE,current,757.75,1784.8535,740891888613886
2,2925,MOVE,historical,754.5996,1786.7002,740891895245000
2,2926,MOVE,current,753.7881,1787.1875,740891896935170
2,2927,MOVE,historical,751.2002,1788.9004,740891903503000
2,2928,MOVE,current,750.47754,1789.3672,740891905257893
2,2929,MOVE,historical,748.0996,1790.9004,740891911788000
2,2930,MOVE,current,747.43066,1791.332,740891913578046
2,2931,MOVE,historical,745.2002,1792.7002,740891920444000
2,2932,MOVE,current,744.7129,1793.0029,740891921899299
2,2933,MOVE,historical,743.0,1794.0,740891928573000
2,2934,MOVE,current,742.5547,1794.2627,740891930217877
2,2935,MOVE,historical,741.0996,1795.0996,740891936985000
2,2936,MOVE,current,740.749,1795.3027,740891938537221
2,2937,MOVE,historical,739.9004,1795.9004,740891945716000
2,2938,MOVE,current,739.74316,1796.0049,740891946857128
2,2939,MOVE,historical,738.9004,1796.5,740891953912000
2,2940,MOVE,current,738.7451,1796.5928,740891955177862
2,2941,MOVE,historical,738.0,1797.0,740891962204000
2,2942,MOVE,current,737.8594,1797.0781,740891963499766
2,2943,MOVE,historical,737.5,1797.2998,740891970562000
2,2944,MOVE,current,737.4248,1797.3457,740891971823100
2,2945,MOVE,historical,737.0996,1797.5996,740891979007000
2,2946,MOVE,current,737.0459,1797.6406,740891980143262
2,2947,MOVE,historical,737.0,1797.5996,740891987391000
2,2948,MOVE,current,736.9873,1797.5996,740891988464203
2,2949,MOVE,historical,737.0,1797.5,740891995697000
2,2950,MOVE,current,737.0,1797.4873,740891996780997
2,2951,MOVE,historical,737.0,1797.4004,740892004153000
2,2952,MOVE,current,737.0,1797.3887,740892005097750
2,2953,MOVE,historical,737.0,1797.2998,740892012778000
2,2954,MOVE,current,737.0,1797.293,740892013414639
2,2955,MOVE,historical,737.0,1797.2002,740892020945000
2,2956,MOVE,current,737.0,1797.1904,740892021731514
2,2957,MOVE,historical,737.0,1797.0996,740892029430000
2,2958,MOVE,current,737.0,1797.0928,740892030048137
2,2959,MOVE,historical,737.0,1797.0,740892037865000
2,2960,MOVE,current,737.0,1796.9941,740892038364674
2,2961,MOVE,historical,737.0,1796.9004,740892046118000
2,2962,MOVE,current,737.0,1796.8936,740892046681042
2,2963,MOVE,historical,737.0,1796.7998,740892054680000
2,2964,MOVE,current,737.0,1796.7959,740892054997407
2,2965,MOVE,historical,737.0,1796.7002,740892063220000
2,2966,MOVE,current,737.0,1796.6992,740892063313356
2,2967,MOVE,historical,740.7002,1795.0,740892071522000
2,2968,MOVE,current,740.74805,1794.9785,740892071628886
2,2969,MOVE,historical,745.5996,1792.4004,740892079895000
2,2970,MOVE,current,745.625,1792.3867,740892079936960
2,2971,MOVE,historical,751.2002,1789.2002,740892088400000
2,2972,MOVE,current,757.2832,1785.4717,740892096553964
2,2973,MOVE,historical,757.4004,1785.4004,740892096710000
2,2974,MOVE,current,763.9424,1781.3965,740892104863360
2,2975,MOVE,historical,764.0996,1781.2998,740892105060000
2,2976,MOVE,current,770.7744,1777.3682,740892113173184
2,2977,MOVE,historical,771.4004,1777.0,740892113933000
2,2978,MOVE,current,778.73047,1772.8652,740892121483606
2,2979,MOVE,historical,779.2002,1772.5996,740892121967000
2,2980,MOVE,current,786.8496,1768.5889,740892129794627
2,2981,MOVE,historical,787.4004,1768.2998,740892130358000
2,2982,MOVE,current,795.2666,1764.458,740892138106255
2,2983,MOVE,historical,796.0,1764.0996,740892138829000
2,2984,MOVE,current,803.9502,1760.2617,740892146418867
2,2985,MOVE,historical,804.7002,1759.9004,740892147135000
2,2986,MOVE,current,812.5205,1756.2627,740892154732540
2,2987,MOVE,historical,813.2998,1755.9004,740892155490000
2,2988,MOVE,current,820.5996,1752.3408,740892163047358
2,2989,MOVE,historical,821.2998,1752.0,740892163772000
2,2990,MOVE,current,825.2998,1750.0498,740892167913000
2,2991,MOVE,historical,829.0,1748.2002,740892172504000
2,2992,MOVE,current,832.8496,1746.2998,740892176870000
2,2993,MOVE,historical,835.7998,1744.9004,740892181009000
2,2994,MOVE,current,839.2002,1743.25,740892185261500
2,2995,MOVE,historical,842.4004,1742.0,740892189367000
2,2996,MOVE,current,847.27344,1740.1514,740892196317246
2,2997,MOVE,historical,848.2002,1739.7998,740892197638000
2,2998,MOVE,current,851.0996,1738.7002,740892201773500
2,2999,MOVE,historical,853.5,1737.7998,740892206365000
2,3000,MOVE,current,856.1504,1736.7998,740892210728500
2,3001,MOVE,historical,858.2998,1736.0996,740892214643000
2,3002,MOVE,current,860.7002,1735.25,740892218782000
2,3003,MOVE,historical,862.9004,1734.4004,740892222926000
2,3004,MOVE,current,865.2002,1733.5498,740892227067500
2,3005,MOVE,historical,867.0996,1732.7998,740892231276000
2,3006,MOVE,current,869.2002,1732.0,740892235451000
2,3007,MOVE,historical,871.9004,1731.0,740892239717000
2,3008,MOVE,current,874.2998,1730.1006,740892243937500
2,3009,MOVE,historical,876.2002,1729.2998,740892248254000
2,3010,MOVE,current,878.3496,1728.4502,740892252522500
2,3011,MOVE,historical,880.2002,1727.7998,740892256575000
2,3012,MOVE,current,882.2002,1727.0498,740892260735500
2,3013,MOVE,historical,883.9004,1726.2998,740892264837000
2,3014,MOVE,current,885.75,1725.5498,740892268968000
2,3015,MOVE,historical,887.5,1725.0,740892273667000
2,3016,MOVE,current,889.2998,1724.3506,740892278082000
2,3017,MOVE,historical,891.0,1723.7998,740892281860000
2,3018,MOVE,current,892.75,1723.2002,740892285956500
2,3019,MOVE,historical,894.0996,1722.5996,740892290054000
2,3020,MOVE,current,895.6504,1722.0,740892294151000
2,3021,MOVE,historical,897.0996,1721.5996,740892298744000
2,3022,MOVE,current,898.5996,1721.0996,740892303089000
2,3023,MOVE,historical,899.7998,1720.7002,740892307138000
2,3024,MOVE,current,901.1504,1720.25,740892311335000
2,3025,MOVE,historical,902.0,1720.0,740892315618000
2,3026,MOVE,current,903.0996,1719.6504,740892319858000
2,3027,MOVE,historical,903.5,1719.5,740892324155000
2,3028,MOVE,current,904.25,1719.25,740892328423500
2,3029,MOVE,historical,903.7998,1719.4004,740892332185000
2,3030,MOVE,current,903.9502,1719.3496,740892336200000
2,3031,MOVE,historical,903.7998,1719.2998,740892340828000
2,3032,MOVE,current,903.7998,1719.25,740892345149500
2,3033,MOVE,current,903.7002,1719.2998,740892365611000
2,3034,MOVE,historical,895.5996,1722.7998,740892374362000
2,3035,MOVE,current,891.5498,1724.5498,740892378737500
2,3036,MOVE,historical,883.7002,1727.0996,740892382741000
2,3037,MOVE,current,877.75,1729.25,740892386930500
2,3038,MOVE,historical,870.7002,1731.7002,740892391046000
2,3039,MOVE,current,864.2002,1734.0,740892395198500
2,3040,MOVE,historical,858.2002,1736.0996,740892399596000
2,3041,MOVE,current,851.9502,1738.2998,740892403871000
2,3042,MOVE,historical,846.0,1740.7998,740892407672000
2,3043,MOVE,current,839.9004,1743.1504,740892411710000
2,3044,MOVE,historical,834.7002,1745.7998,740892416295000
2,3045,MOVE,current,829.0498,1748.2998,740892420606500
2,3046,MOVE,historical,824.5,1751.0996,740892424898000
2,3047,MOVE,current,819.43945,1753.7295,740892429165911
2,3048,MOVE,historical,814.7002,1756.0996,740892433358000
2,3049,MOVE,current,809.93164,1758.5332,740892437474683
2,3050,MOVE,historical,805.2998,1760.2002,740892441393000
2,3051,MOVE,current,800.5996,1762.25,740892445410500
2,3052,MOVE,historical,797.2998,1763.7002,740892450047000
2,3053,MOVE,current,793.5576,1765.3369,740892454095243
2,3054,MOVE,historical,790.7002,1766.7002,740892458316000
2,3055,MOVE,current,787.4346,1768.1846,740892462406707
2,3056,MOVE,historical,785.0,1769.2002,740892466680000
2,3057,MOVE,current,782.24805,1770.4072,740892470718685
2,3058,MOVE,historical,780.2998,1771.5996,740892475321000
2,3059,MOVE,current,778.2822,1772.6309,740892479031093
2,3060,MOVE,historical,775.0996,1774.5,740892483641000
2,3061,MOVE,current,772.78613,1775.791,740892487343927
2,3062,MOVE,historical,770.0996,1777.2998,740892492366000
2,3063,MOVE,current,768.21387,1778.3564,740892495657330
2,3064,MOVE,historical,765.2998,1780.2998,740892500500000
2,3065,MOVE,current,763.25195,1781.5801,740892503971253
2,3066,MOVE,historical,761.0,1783.0,740892508705000
2,3067,MOVE,current,759.12305,1784.1787,740892512285848
2,3068,MOVE,historical,757.4004,1785.4004,740892517409000
2,3069,MOVE,current,756.0801,1786.2803,740892520601218
2,3070,MOVE,historical,754.0,1787.5,740892525525000
2,3071,MOVE,current,752.5791,1788.3779,740892528917529
2,3072,MOVE,historical,750.9004,1789.4004,740892533995000
2,3073,MOVE,current,749.71387,1790.127,740892537234740
2,3074,MOVE,historical,748.2002,1791.0,740892542303000
2,3075,MOVE,current,747.14355,1791.626,740892545553127
2,3076,MOVE,historical,746.0996,1792.2998,740892550778000
2,3077,MOVE,current,745.333,1792.7744,740892553872345
2,3078,MOVE,historical,744.5,1793.2998,740892559433000
2,3079,MOVE,current,743.99023,1793.6191,740892562192162
2,3080,MOVE,historical,743.2002,1794.2002,740892567394000
2,3081,MOVE,current,742.6914,1794.5518,740892570507164
2,3082,MOVE,historical,742.2998,1794.7998,740892576299000
2,3083,MOVE,current,742.04395,1794.9707,740892578827881
2,3084,MOVE,historical,741.7002,1795.2002,740892584321000
2,3085,MOVE,current,741.48926,1795.3408,740892587143303
2,3086,MOVE,historical,741.2998,1795.4004,740892592856000
2,3087,MOVE,current,741.17773,1795.4609,740892595465513
2,3088,MOVE,historical,741.0,1795.5996,740892601280000
2,3089,MOVE,current,740.91113,1795.6592,740892603781413
2,3090,MOVE,historical,740.9004,1795.5996,740892609708000
2,3091,MOVE,current,740.8711,1795.5996,740892612104629
2,3092,MOVE,current,742.5,1794.7002,740892685102000
2,3093,MOVE,historical,746.5996,1792.4004,740892693784000
2,3094,MOVE,current,747.30176,1792.0059,740892695270506
2,3095,MOVE,historical,751.2998,1789.5996,740892702055000
2,3096,MOVE,current,752.16895,1789.083,740892703583427
2,3097,MOVE,historical,756.5996,1786.4004,740892710652000
2,3098,MOVE,current,757.36914,1785.9355,740892711899786
2,3099,MOVE,historical,762.5,1782.7002,740892718840000
2,3100,MOVE,current,763.49023,1782.0791,740892720213574
2,3101,MOVE,historical,768.9004,1778.7998,740892727079000
2,3102,MOVE,current,770.02734,1778.1133,740892728529832
2,3103,MOVE,historical,775.7002,1774.9004,740892735669000
2,3104,MOVE,current,776.63086,1774.3662,740892736844256
2,3105,MOVE,historical,783.2002,1770.7998,740892744383000
2,3106,MOVE,current,783.86816,1770.4346,740892745158904
2,3107,MOVE,historical,791.0996,1766.7002,740892752464000
2,3108,MOVE,current,792.0869,1766.1875,740892753473682
2,3109,MOVE,historical,799.4004,1762.5996,740892760864000
2,3110,MOVE,current,800.3135,1762.1484,740892761788584
2,3111,MOVE,historical,807.7002,1758.5996,740892770350000
2,3112,MOVE,historical,815.7998,1754.7002,740892778033000
2,3113,MOVE,current,816.20703,1754.5039,740892778418735
2,3114,MOVE,historical,824.2002,1750.5996,740892786120000
2,3115,MOVE,current,824.8379,1750.2891,740892786733905
2,3116,MOVE,historical,831.0996,1747.2998,740892794521000
2,3117,MOVE,current,831.5293,1747.0947,740892795043864
2,3118,MOVE,historical,837.0996,1744.4004,740892802876000
2,3119,MOVE,current,837.44336,1744.2344,740892803354410
2,3120,MOVE,historical,843.0,1741.9004,740892811385000
2,3121,MOVE,current,843.1904,1741.8193,740892811660288
2,3122,MOVE,historical,848.2998,1739.7998,740892819649000
2,3123,MOVE,current,848.5039,1739.7197,740892819966594
2,3124,MOVE,historical,853.0996,1738.0996,740892828183000
2,3125,MOVE,current,853.1504,1738.082,740892828273050
2,3126,MOVE,historical,857.5996,1736.4004,740892836634000
2,3127,MOVE,current,861.8711,1734.8467,740892844887481
2,3128,MOVE,historical,862.0,1734.7998,740892845137000
2,3129,MOVE,current,866.1455,1733.3867,740892853195265
2,3130,MOVE,historical,866.4004,1733.2998,740892853690000
2,3131,MOVE,current,870.42676,1731.8955,740892861502454
2,3132,MOVE,historical,870.7002,1731.7998,740892862032000
2,3133,MOVE,current,872.8496,1731.0498,740892866203000
2,3134,MOVE,historical,874.7002,1730.4004,740892870870000
2,3135,MOVE,current,878.23047,1729.0068,740892878111114
2,3136,MOVE,historical,878.5,1728.9004,740892878664000
2,3137,MOVE,current,881.89355,1727.5244,740892886415280
2,3138,MOVE,historical,882.2002,1727.4004,740892887116000
2,3139,MOVE,current,885.41895,1726.1123,740892894720965
2,3140,MOVE,historical,885.7002,1726.0,740892895386000
2,3141,MOVE,current,888.7119,1724.6309,740892903030000
2,3142,MOVE,historical,889.0,1724.5,740892903762000
2,3143,MOVE,current,891.7041,1723.4531,740892911341121
2,3144,MOVE,historical,892.0996,1723.2998,740892912450000
2,3145,MOVE,current,893.6504,1722.7002,740892916794000
2,3146,MOVE,historical,894.9004,1722.2002,740892921407000
2,3147,MOVE,current,896.2998,1721.6504,740892925885500
2,3148,MOVE,historical,897.5,1721.4004,740892929133000
2,3149,MOVE,current,898.7998,1721.0,740892932996000
2,3150,MOVE,historical,899.2998,1720.7002,740892937633000
2,3151,MOVE,current,900.2002,1720.3496,740892941883000
2,3152,MOVE,historical,900.2998,1720.5,740892946374000
2,3153,MOVE,current,900.7998,1720.4004,740892950744500
2,3154,MOVE,historical,894.5,1723.2998,740892987881000
2,3155,MOVE,current,886.17676,1726.5977,740892994440452
2,3156,MOVE,historical,883.9004,1727.5,740892996235000
2,3157,MOVE,current,878.5996,1729.6006,740893000412000
2,3158,MOVE,historical,872.0,1731.7002,740893004652000
2,3159,MOVE,current,866.0498,1733.7998,740893008860500
2,3160,MOVE,historical,859.7002,1735.7998,740893013487000
2,3161,MOVE,current,853.5498,1737.8496,740893017904500
2,3162,MOVE,historical,848.2002,1740.2998,740893021527000
2,3163,MOVE,current,842.4502,1742.5498,740893025547000
2,3164,MOVE,historical,837.2998,1745.2002,740893030781000
2,3165,MOVE,current,831.8496,1747.6504,740893035408000
2,3166,MOVE,historical,826.9004,1750.2002,740893038588000
2,3167,MOVE,current,821.7002,1752.7002,740893042491500
2,3168,MOVE,historical,816.9004,1755.0996,740893046616000
2,3169,MOVE,current,811.9004,1757.5498,740893050630000
2,3170,MOVE,historical,807.5,1759.5996,740893055224000
2,3171,MOVE,current,802.7998,1761.8496,740893059528000
2,3172,MOVE,historical,799.4004,1763.0,740893063715000
2,3173,MOVE,current,795.3496,1764.7002,740893067960500
2,3174,MOVE,historical,792.4004,1765.9004,740893072291000
2,3175,MOVE,current,788.9004,1767.3496,740893076579000
2,3176,MOVE,historical,786.0996,1768.5,740893080498000
2,3177,MOVE,current,782.9502,1769.7998,740893084601500
2,3178,MOVE,historical,780.7998,1771.0996,740893089081000
2,3179,MOVE,current,778.1504,1772.4004,740893093372500
2,3180,MOVE,historical,775.4004,1774.0996,740893097148000
2,3181,MOVE,current,772.7002,1775.5996,740893101181500
2,3182,MOVE,historical,770.2998,1777.0996,740893105645000
2,3183,MOVE,current,767.75,1778.5996,740893109893500
2,3184,MOVE,historical,765.5,1780.2002,740893114126000
2,3185,MOVE,current,763.0996,1781.75,740893118366500
2,3186,MOVE,historical,761.0,1782.9004,740893122549000
2,3187,MOVE,current,758.75,1784.25,740893126760500
2,3188,MOVE,historical,756.7998,1785.4004,740893131367000
2,3189,MOVE,current,754.7002,1786.6504,740893135776000
2,3190,MOVE,historical,752.7998,1787.7998,740893139275000
2,3191,MOVE,current,750.7998,1789.0,740893143229000
2,3192,MOVE,historical,749.0,1790.2002,740893147657000
2,3193,MOVE,current,747.0996,1791.4004,740893151848000
2,3194,MOVE,historical,745.9004,1792.0996,740893155947000
2,3195,MOVE,current,744.3496,1793.0498,740893160092000
2,3196,MOVE,historical,743.0996,1793.7002,740893164403000
2,3197,MOVE,current,741.7002,1794.5,740893168631000
2,3198,MOVE,historical,740.9004,1795.0996,740893172775000
2,3199,MOVE,current,739.7998,1795.7998,740893176961000
2,3200,MOVE,historical,738.9004,1796.2998,740893181240000
2,3201,MOVE,current,737.9004,1796.9004,740893185472500
2,3202,MOVE,historical,737.2998,1797.4004,740893189808000
2,3203,MOVE,current,736.5029,1797.9482,740893194077641
2,3204,MOVE,historical,735.9004,1798.2998,740893198020000
2,3205,MOVE,current,735.2002,1798.75,740893202126000
2,3206,MOVE,historical,734.7998,1799.0,740893206504000
2,3207,MOVE,current,734.2539,1799.3477,740893210712619
2,3208,MOVE,historical,734.0,1799.5,740893214844000
2,3209,MOVE,current,733.5996,1799.75,740893219014000
2,3210,MOVE,historical,733.5,1799.7998,740893223534000
2,3211,MOVE,current,733.2803,1799.9316,740893227347770
2,3212,MOVE,historical,733.2998,1799.9004,740893231651000
2,3213,MOVE,current,733.2012,1799.9492,740893235665426
2,3214,MOVE,historical,733.2002,1800.0,740893248280000
2,3215,MOVE,current,733.1758,1800.0244,740893252300382
2,3216,MOVE,historical,733.0996,1800.0996,740893256883000
2,3217,MOVE,current,733.05664,1800.1436,740893260618620
2,3218,MOVE,current,736.2998,1798.0,740893332874000
2,3219,MOVE,historical,740.7998,1795.4004,740893341156000
2,3220,MOVE,current,742.2324,1794.5723,740893343791777
2,3221,MOVE,historical,746.0996,1792.2002,740893349573000
2,3222,MOVE,current,747.69727,1791.2363,740893352108997
2,3223,MOVE,historical,752.0996,1788.7002,740893357963000
2,3224,MOVE,current,753.7549,1787.7344,740893360277597
2,3225,MOVE,historical,758.5996,1784.7998,740893366137000
2,3226,MOVE,current,760.5498,1783.6299,740893368588999
2,3227,MOVE,historical,765.5996,1780.5996,740893374661000
2,3228,MOVE,current,767.35645,1779.5459,740893376800149
2,3229,MOVE,historical,773.0,1776.2998,740893383055000
2,3230,MOVE,current,774.8096,1775.248,740893385107657
2,3231,MOVE,historical,780.9004,1772.0,740893391304000
2,3232,MOVE,current,782.86816,1770.9287,740893393358941
2,3233,MOVE,historical,789.0996,1767.7998,740893399630000
2,3234,MOVE,current,791.1035,1766.7734,740893401664225
2,3235,MOVE,historical,797.4004,1763.5996,740893408655000
2,3236,MOVE,current,798.58105,1763.002,740893409939506
2,3237,MOVE,historical,805.7002,1759.5996,740893416844000
2,3238,MOVE,current,807.0879,1758.9307,740893418213735
2,3239,MOVE,historical,813.7002,1755.9004,740893424950000
2,3240,MOVE,current,815.2217,1755.1963,740893426491990
2,3241,MOVE,historical,821.0996,1752.2998,740893433976000
2,3242,MOVE,current,821.7588,1751.9795,740893434778987
2,3243,MOVE,historical,828.0996,1748.9004,740893442200000
2,3244,MOVE,current,828.8418,1748.5391,740893443071936
2,3245,MOVE,historical,834.0996,1745.9004,740893450207000
2,3246,MOVE,current,834.9707,1745.4648,740893451369275
2,3247,MOVE,historical,839.5996,1743.5,740893458631000
2,3248,MOVE,current,840.2783,1743.2041,740893459670040
2,3249,MOVE,historical,844.9004,1741.2998,740893467072000
2,3250,MOVE,current,845.4658,1741.0654,740893467973351
2,3251,MOVE,historical,849.7998,1739.4004,740893475927000
2,3252,MOVE,current,849.9951,1739.3242,740893476278846
2,3253,MOVE,historical,854.2002,1737.7998,740893483976000
2,3254,MOVE,current,854.5332,1737.6787,740893484585475
2,3255,MOVE,historical,858.4004,1736.2998,740893492606000
2,3256,MOVE,current,858.54004,1736.25,740893492893929
2,3257,MOVE,historical,862.5,1734.9004,740893501079000
2,3258,MOVE,current,862.56055,1734.8789,740893501203985
2,3259,MOVE,historical,866.5996,1733.4004,740893509195000
2,3260,MOVE,current,866.7627,1733.3408,740893509516332
2,3261,MOVE,historical,870.5996,1731.7998,740893517561000
2,3262,MOVE,current,870.73047,1731.748,740893517833323
2,3263,MOVE,historical,874.4004,1730.2998,740893525996000
2,3264,MOVE,current,874.47266,1730.2715,740893526158325
2,3265,MOVE,historical,878.0,1728.7998,740893534222000
2,3266,MOVE,current,878.1221,1728.749,740893534500179
2,3267,MOVE,historical,881.2998,1727.5,740893542642000
2,3268,MOVE,current,881.3926,1727.4639,740893542878702
2,3269,MOVE,historical,884.2998,1726.4004,740893551447000
2,3270,MOVE,historical,887.0,1725.4004,740893559482000
2,3271,MOVE,current,887.0156,1725.3936,740893559529680
2,3272,MOVE,historical,888.7998,1724.7998,740893568491000
2,3273,MOVE,current,889.46387,1724.6104,740893576182931
2,3274,MOVE,historical,889.5,1724.5996,740893576602000
2,3275,MOVE,current,889.8496,1724.5,740893580657500
2,3276,MOVE,historical,884.9004,1726.9004,740893618731000
2,3277,MOVE,current,877.75195,1729.9512,740893626080537
2,3278,MOVE,historical,876.7002,1730.4004,740893627162000
2,3279,MOVE,current,867.7666,1733.6406,740893634394914
2,3280,MOVE,historical,866.5,1734.0996,740893635420000
2,3281,MOVE,current,861.4004,1735.9502,740893639549000
2,3282,MOVE,historical,855.5,1737.7998,740893643788000
2,3283,MOVE,current,850.0,1739.6504,740893647972000
2,3284,MOVE,historical,844.7002,1742.0,740893652239000
2,3285,MOVE,current,839.2998,1744.1006,740893656464500
2,3286,MOVE,historical,834.2002,1746.9004,740893660405000
2,3287,MOVE,current,828.9502,1749.3496,740893664488000
2,3288,MOVE,historical,824.2998,1751.7998,740893669019000
2,3289,MOVE,current,819.3496,1754.25,740893673326000
2,3290,MOVE,historical,814.7998,1756.4004,740893677471000
2,3291,MOVE,current,810.0498,1758.7002,740893681697000
2,3292,MOVE,historical,806.7002,1760.0996,740893685870000
2,3293,MOVE,current,802.6504,1761.9502,740893690069500
2,3294,MOVE,historical,799.2002,1763.4004,740893694492000
2,3295,MOVE,current,795.4502,1765.0498,740893698803000
2,3296,MOVE,historical,792.5996,1766.2998,740893702737000
2,3297,MOVE,current,789.2998,1767.75,740893706859500
2,3298,MOVE,historical,787.0,1768.7998,740893711601000
2,3299,MOVE,current,784.2002,1770.0498,740893716033000
2,3300,MOVE,historical,781.4004,1771.5,740893719465000
2,3301,MOVE,current,778.5996,1772.8506,740893723397000
2,3302,MOVE,historical,776.2002,1774.5,740893727777000
2,3303,MOVE,current,773.5996,1776.0,740893731933000
2,3304,MOVE,historical,771.0996,1777.5,740893736270000
2,3305,MOVE,current,768.5498,1779.0,740893740516500
2,3306,MOVE,historical,766.2002,1780.5,740893744706000
2,3307,MOVE,current,763.75,1782.0,740893748924000
2,3308,MOVE,historical,761.7002,1783.2998,740893752982000
2,3309,MOVE,current,759.4502,1784.7002,740893757120000
2,3310,MOVE,historical,757.0996,1786.0,740893761191000
2,3311,MOVE,current,754.7998,1787.3506,740893765295500
2,3312,MOVE,historical,752.5996,1788.7002,740893769899000
2,3313,MOVE,current,750.3496,1790.0498,740893774253000
2,3314,MOVE,historical,748.7998,1791.0,740893778049000
2,3315,MOVE,current,746.9004,1792.1504,740893782124000
2,3316,MOVE,historical,745.4004,1793.0996,740893786506000
2,3317,MOVE,current,743.7002,1794.1504,740893790734500
2,3318,MOVE,historical,742.5,1794.7998,740893795391000
2,3319,MOVE,current,741.0498,1795.6504,740893799833500
2,3320,MOVE,historical,740.0,1796.2998,740893803374000
2,3321,MOVE,current,738.75,1797.0498,740893807365500
2,3322,MOVE,historical,737.4004,1797.7002,740893811704000
2,3323,MOVE,current,736.0996,1798.4004,740893815869000
2,3324,MOVE,historical,735.2002,1798.7998,740893820153000
2,3325,MOVE,current,734.0996,1799.3496,740893824377500
2,3326,MOVE,historical,733.2998,1799.9004,740893828733000
2,3327,MOVE,current,732.3496,1800.4502,740893833023000
2,3328,MOVE,historical,731.7998,1800.9004,740893837088000
2,3329,MOVE,current,731.0498,1801.4004,740893841265500
2,3330,MOVE,historical,730.5996,1801.7002,740893845488000
2,3331,MOVE,current,730.0,1802.0996,740893849688000
2,3332,MOVE,historical,729.4004,1802.4004,740893854113000
2,3333,MOVE,current,728.7998,1802.75,740893858425500
2,3334,MOVE,historical,728.5,1802.9004,740893862078000
2,3335,MOVE,current,728.0498,1803.1504,740893866060500
2,3336,MOVE,historical,727.7998,1803.4004,740893870694000
2,3337,MOVE,current,727.4502,1803.6504,740893875002000
2,3338,MOVE,historical,727.2998,1803.7002,740893878947000
2,3339,MOVE,current,727.0498,1803.8496,740893883073500
2,3340,MOVE,historical,727.0,1804.0,740893887442000
2,3341,MOVE,current,726.8496,1804.1504,740893891689500
2,3342,MOVE,historical,726.7998,1804.0996,740893895793000
2,3343,MOVE,current,726.7002,1804.1504,740893899968500
2,3344,MOVE,historical,726.5996,1804.2002,740893904272000
2,3345,MOVE,current,726.5,1804.25,740893908511500
2,3346,MOVE,current,729.4004,1802.5996,740893997469000
2,3347,MOVE,historical,734.0996,1799.9004,740894005163000
2,3348,MOVE,current,736.0332,1798.7891,740894008327541
2,3349,MOVE,historical,739.7002,1796.7002,740894013608000
2,3350,MOVE,current,741.70703,1795.5527,740894016634767
2,3351,MOVE,historical,746.0,1793.0,740894022171000
2,3352,MOVE,current,748.0625,1791.7891,740894024974692
2,3353,MOVE,historical,753.0,1788.7002,740894030110000
2,3354,MOVE,current,755.7988,1786.9805,740894033284642
2,3355,MOVE,historical,760.5,1784.0,740894038646000
2,3356,MOVE,current,763.10645,1782.3662,740894041612511
2,3357,MOVE,historical,768.0996,1779.2998,740894047097000
2,3358,MOVE,current,770.6416,1777.7285,740894049923078
2,3359,MOVE,historical,776.0996,1774.5996,740894055723000
2,3360,MOVE,current,778.4404,1773.2256,740894058246286
2,3361,MOVE,historical,784.2002,1770.2002,740894064322000
2,3362,MOVE,current,786.3154,1769.0508,740894066568032
2,3363,MOVE,historical,792.4004,1765.9004,740894072390000
2,3364,MOVE,current,794.9297,1764.5732,740894074879427
2,3365,MOVE,historical,800.4004,1762.0996,740894080857000
2,3366,MOVE,current,802.6133,1761.0488,740894083199412
2,3367,MOVE,historical,808.4004,1758.2998,740894089502000
2,3368,MOVE,current,810.2666,1757.4131,740894091519333
2,3369,MOVE,historical,815.9004,1754.7998,740894097757000
2,3370,MOVE,current,817.791,1753.918,740894099838390
2,3371,MOVE,historical,823.0996,1751.4004,740894106077000
2,3372,MOVE,current,824.9004,1750.5498,740894108156968
2,3373,MOVE,historical,829.2998,1748.4004,740894114666000
2,3374,MOVE,current,830.60645,1747.7676,740894116475509
2,3375,MOVE,historical,834.7002,1745.7998,740894122791000
2,3376,MOVE,current,836.0303,1745.1592,740894124792020
2,3377,MOVE,historical,839.5996,1743.4004,740894131419000
2,3378,MOVE,current,840.5596,1742.9297,740894133108696
2,3379,MOVE,historical,844.5,1741.4004,740894139702000
2,3380,MOVE,current,845.51953,1740.9844,740894141424714
2,3381,MOVE,historical,849.2998,1739.5996,740894148414000
2,3382,MOVE,current,850.03125,1739.3262,740894149741307
2,3383,MOVE,historical,853.5,1738.2002,740894156601000
2,3384,MOVE,current,854.2451,1737.9512,740894158054271
2,3385,MOVE,historical,857.4004,1736.7998,740894165237000
2,3386,MOVE,current,857.91016,1736.6172,740894166365925
2,3387,MOVE,historical,861.2998,1735.5,740894173604000
2,3388,MOVE,current,861.8008,1735.333,740894174678537
2,3389,MOVE,historical,865.0,1734.0996,740894181925000
2,3390,MOVE,current,865.47266,1733.9209,740894182988414
2,3391,MOVE,historical,868.5996,1732.7998,740894190228000
2,3392,MOVE,current,869.0635,1732.6328,740894191297877
2,3393,MOVE,historical,872.2002,1731.5996,740894198451000
2,3394,MOVE,current,872.70605,1731.4316,740894199606419
2,3395,MOVE,historical,875.2002,1730.4004,740894207262000
2,3396,MOVE,current,875.4209,1730.3115,740894207911892
2,3397,MOVE,historical,877.2998,1729.5996,740894215529000
2,3398,MOVE,current,877.47656,1729.5332,740894216224442
2,3399,MOVE,historical,878.2998,1729.2998,740894223900000
2,3400,MOVE,current,878.376,1729.2773,740894224537865
2,3401,MOVE,historical,873.0,1731.5996,740894265863000
2,3402,MOVE,historical,864.7002,1734.7002,740894274075000
2,3403,MOVE,current,864.3545,1734.8291,740894274417139
2,3404,MOVE,historical,854.2002,1738.2998,740894282664000
2,3405,MOVE,current,854.11523,1738.3291,740894282733709
2,3406,MOVE,historical,843.0,1742.7998,740894291288000
2,3407,MOVE,historical,832.0996,1748.0,740894299223000
2,3408,MOVE,current,831.8867,1748.1016,740894299378006
2,3409,MOVE,historical,821.4004,1753.2002,740894308521000
2,3410,MOVE,current,811.9922,1757.4766,740894316019031
2,3411,MOVE,historical,811.5,1757.7002,740894316411000
2,3412,MOVE,current,803.94727,1761.2959,740894324339192
2,3413,MOVE,historical,803.0996,1761.7002,740894325229000
2,3414,MOVE,current,796.41504,1764.5391,740894332658862
2,3415,MOVE,historical,795.7998,1764.7998,740894333342000
2,3416,MOVE,current,789.45703,1767.5576,740894340977976
2,3417,MOVE,historical,788.9004,1767.7998,740894341648000
2,3418,MOVE,current,783.3535,1770.2549,740894349297297
2,3419,MOVE,historical,782.7998,1770.5,740894350061000
2,3420,MOVE,current,777.9385,1772.8848,740894357613177
2,3421,MOVE,historical,777.5,1773.0996,740894358295000
2,3422,MOVE,current,772.7617,1775.6924,740894365928740
2,3423,MOVE,historical,772.2002,1776.0,740894366834000
2,3424,MOVE,current,767.7158,1778.7803,740894374244176
2,3425,MOVE,historical,767.2002,1779.0996,740894375096000
2,3426,MOVE,current,763.08496,1781.7578,740894382559559
2,3427,MOVE,historical,762.4004,1782.2002,740894383801000
2,3428,MOVE,current,760.0,1783.75,740894388153500
2,3429,MOVE,historical,758.0,1785.2002,740894392147000
2,3430,MOVE,current,755.7998,1786.7002,740894396320000
2,3431,MOVE,historical,753.5996,1788.0,740894400535000
2,3432,MOVE,current,750.3096,1790.0566,740894407505997
2,3433,MOVE,historical,749.5996,1790.5,740894409010000
2,3434,MOVE,current,747.5996,1791.75,740894413247500
2,3435,MOVE,historical,745.7998,1792.9004,740894417729000
2,3436,MOVE,current,743.9004,1794.0996,740894422088500
2,3437,MOVE,historical,742.7002,1794.9004,740894425525000
2,3438,MOVE,current,741.1504,1795.9004,740894429423000
2,3439,MOVE,historical,739.7998,1796.5996,740894434214000
2,3440,MOVE,current,738.3496,1797.4502,740894438558500
2,3441,MOVE,historical,737.2998,1798.0996,740894442263000
2,3442,MOVE,current,736.0498,1798.8496,740894446287500
2,3443,MOVE,historical,734.9004,1799.4004,740894450724000
2,3444,MOVE,current,733.7002,1800.0498,740894454954500
2,3445,MOVE,historical,733.0996,1800.4004,740894459198000
2,3446,MOVE,current,732.2002,1800.9004,740894463435000
2,3447,MOVE,historical,731.5996,1801.2002,740894467713000
2,3448,MOVE,current,730.8496,1801.5996,740894471970500
2,3449,MOVE,historical,730.2998,1802.0,740894476249000
2,3450,MOVE,current,729.6504,1802.4004,740894480517000
2,3451,MOVE,historical,729.2002,1802.7002,740894484394000
2,3452,MOVE,current,728.6504,1803.0498,740894488466500
2,3453,MOVE,historical,728.2998,1803.2998,740894492842000
2,3454,MOVE,current,727.8496,1803.5996,740894497066000
2,3455,MOVE,historical,727.5,1803.7998,740894501100000
2,3456,MOVE,current,727.0996,1804.0498,740894505229000
2,3457,MOVE,historical,727.0996,1804.0996,740894509890000
2,3458,MOVE,current,726.9004,1804.25,740894514285000
2,3459,MOVE,historical,727.0,1804.2002,740894518159000
2,3460,MOVE,current,726.9502,1804.25,740894522293500
2,3461,MOVE,historical,726.9004,1804.2998,740894526554000
2,3462,MOVE,current,726.8496,1804.3496,740894530751500
2,3463,MOVE,historical,726.7998,1804.2998,740894535007000
2,3464,MOVE,current,726.75,1804.2998,740894539233500
2,3465,MOVE,current,729.7998,1802.4004,740894618995000
2,3466,MOVE,historical,734.0996,1799.7998,740894627297000
2,3467,MOVE,current,736.25,1798.5,740894631448000
2,3468,MOVE,historical,739.2998,1796.7998,740894635781000
2,3469,MOVE,current,741.9004,1795.2998,740894640023000
2,3470,MOVE,historical,745.2998,1793.2002,740894644085000
2,3471,MOVE,current,748.2998,1791.4004,740894648237000
2,3472,MOVE,historical,752.0996,1789.0996,740894652771000
2,3473,MOVE,current,755.33496,1787.1494,740894656903356
2,3474,MOVE,historical,759.4004,1784.7998,740894660927000
2,3475,MOVE,current,763.0498,1782.6504,740894665005000
2,3476,MOVE,historical,766.7998,1780.5,740894669408000
2,3477,MOVE,current,770.39355,1778.4121,740894673526630
2,3478,MOVE,historical,774.5996,1776.0,740894678058000
2,3479,MOVE,current,778.00977,1774.0332,740894681839185
2,3480,MOVE,historical,782.4004,1771.5996,740894686397000
2,3481,MOVE,current,785.9121,1769.6191,740894690152105
2,3482,MOVE,historical,790.2998,1767.4004,740894694493000
2,3483,MOVE,current,794.1758,1765.3389,740894698465373
2,3484,MOVE,historical,798.2998,1763.4004,740894703114000
2,3485,MOVE,current,801.7012,1761.6992,740894706778870
2,3486,MOVE,historical,806.0,1759.5996,740894711443000
2,3487,MOVE,current,809.374,1757.9346,740894715092571
2,3488,MOVE,historical,813.5996,1755.9004,740894719905000
2,3489,MOVE,current,816.7451,1754.3691,740894723406423
2,3490,MOVE,historical,820.4004,1752.5996,740894728062000
2,3491,MOVE,current,823.4492,1751.1201,740894731719943
2,3492,MOVE,historical,826.9004,1749.4004,740894736960000
2,3493,MOVE,current,829.1455,1748.294,740894740034061
2,3494,MOVE,historical,832.7002,1746.5,740894744990000
2,3495,MOVE,current,835.126,1745.2871,740894748348511
2,3496,MOVE,historical,837.9004,1744.0996,740894753468000
2,3497,MOVE,current,839.86035,1743.1953,740894756663374
2,3498,MOVE,historical,842.9004,1741.9004,740894761898000
2,3499,MOVE,current,844.72754,1741.0957,740894764978706
2,3500,MOVE,historical,847.7002,1740.0996,740894770268000
2,3501,MOVE,current,849.43555,1739.4492,740894773294697
2,3502,MOVE,historical,851.7002,1738.5996,740894778495000
2,3503,MOVE,current,853.21387,1738.0322,740894781608564
2,3504,MOVE,historical,855.5996,1737.2002,740894786976000
2,3505,MOVE,current,856.95605,1736.7129,740894789925709
2,3506,MOVE,historical,859.4004,1735.7998,740894795292000
2,3507,MOVE,current,860.7471,1735.3037,740894798239803
2,3508,MOVE,historical,863.0,1734.5,740894803881000
2,3509,MOVE,current,864.1221,1734.0947,740894806558933
2,3510,MOVE,historical,866.5996,1733.2002,740894812378000
2,3511,MOVE,current,867.6572,1732.8184,740894814873375
2,3512,MOVE,historical,869.9004,1732.0,740894820760000
2,3513,MOVE,current,870.85547,1731.6523,740894823187612
2,3514,MOVE,historical,873.0996,1730.9004,740894829264000
2,3515,MOVE,current,873.9424,1730.6104,740894831502018
2,3516,MOVE,historical,876.2002,1729.7002,740894837478000
2,3517,MOVE,current,877.083,1729.3584,740894839816768
2,3518,MOVE,historical,879.0,1728.5996,740894846189000
2,3519,MOVE,current,879.624,1728.3545,740894848131357
2,3520,MOVE,historical,880.7002,1727.9004,740894854193000
2,3521,MOVE,current,881.1787,1727.7031,740894856445818
2,3522,MOVE,historical,881.0996,1727.7002,740894862525000
2,3523,MOVE,current,881.20703,1727.6465,740894864760309
2,3524,MOVE,current,880.7002,1727.9004,740894896102000
2,3525,MOVE,historical,873.7002,1730.9004,740894905322000
2,3526,MOVE,current,872.9336,1731.2285,740894906331849
2,3527,MOVE,historical,864.9004,1734.0996,740894913252000
2,3528,MOVE,current,863.36035,1734.6602,740894914639505
2,3529,MOVE,historical,854.0996,1737.9004,740894922028000
2,3530,MOVE,current,852.96094,1738.3008,740894922953640
2,3531,MOVE,historical,842.5996,1742.5996,740894929915000
2,3532,MOVE,current,840.6279,1743.4062,740894931267775
2,3533,MOVE,historical,831.4004,1748.0,740894938363000
2,3534,MOVE,current,829.791,1748.7764,740894939576955
2,3535,MOVE,historical,820.7998,1753.5,740894946753000
2,3536,MOVE,current,819.3672,1754.2432,740894947887117
2,3537,MOVE,historical,810.9004,1758.2002,740894955120000
2,3538,MOVE,current,809.624,1758.8057,740894956198036
2,3539,MOVE,historical,802.4004,1762.0,740894963565000
2,3540,MOVE,current,801.4492,1762.4248,740894964509492
2,3541,MOVE,historical,795.2002,1765.2002,740894972233000
2,3542,MOVE,current,794.71094,1765.417,740894972821347
2,3543,MOVE,historical,788.7998,1768.0996,740894980540000
2,3544,MOVE,current,788.3428,1768.3076,740894981133409
2,3545,MOVE,historical,783.4004,1770.7002,740894988787000
2,3546,MOVE,current,782.96875,1770.9072,740894989445772
2,3547,MOVE,historical,778.0,1773.5996,740894997379000
2,3548,MOVE,current,777.7617,1773.7285,740894997758416
2,3549,MOVE,historical,772.7002,1776.5,740895005639000
2,3550,MOVE,current,772.42285,1776.6523,740895006071452
2,3551,MOVE,historical,767.5996,1779.4004,740895014202000
2,3552,MOVE,current,767.4912,1779.4619,740895014384762
2,3553,MOVE,historical,762.7002,1782.2998,740895022450000
2,3554,MOVE,current,762.55566,1782.3857,740895022692699
2,3555,MOVE,historical,758.0996,1785.0,740895030801000
2,3556,MOVE,current,757.98926,1785.0645,740895031001240
2,3557,MOVE,historical,753.7002,1787.5996,740895039185000
2,3558,MOVE,current,753.6338,1787.6387,740895039310623
2,3559,MOVE,historical,749.5996,1790.2002,740895047601000
2,3560,MOVE,current,749.5908,1790.206,740895047620833
2,3561,MOVE,historical,745.7998,1792.5,740895056077000
2,3562,MOVE,current,742.8633,1794.2617,740895064242894
2,3563,MOVE,historical,742.7998,1794.2998,740895064418000
2,3564,MOVE,current,740.0869,1795.8906,740895072554229
2,3565,MOVE,historical,739.9004,1796.0,740895073114000
2,3566,MOVE,current,737.5078,1797.3799,740895080866132
2,3567,MOVE,historical,737.2998,1797.5,740895081540000
2,3568,MOVE,current,735.34375,1798.6182,740895089179272
2,3569,MOVE,historical,735.2002,1798.7002,740895089740000
2,3570,MOVE,current,733.3965,1799.7822,740895097491080
2,3571,MOVE,historical,733.2002,1799.9004,740895098334000
2,3572,MOVE,current,731.4863,1800.8916,740895105803346
2,3573,MOVE,historical,731.2998,1801.0,740895106617000
2,3574,MOVE,current,730.126,1801.7227,740895114116531
2,3575,MOVE,historical,730.0,1801.7998,740895114921000
2,3576,MOVE,current,729.3496,1802.2002,740895119073000
2,3577,MOVE,historical,728.5,1802.7002,740895123456000
2,3578,MOVE,current,727.6338,1803.3066,740895130729645
2,3579,MOVE,historical,727.5,1803.4004,740895131849000
2,3580,MOVE,current,727.0,1803.75,740895136045500
2,3581,MOVE,historical,727.0,1803.7998,740895140313000
2,3582,MOVE,current,726.75,1804.0,740895144545000
2,3583,MOVE,historical,726.5996,1804.0,740895148869000
2,3584,MOVE,current,726.4004,1804.1006,740895153147000
2,3585,MOVE,historical,726.5,1804.0996,740895157019000
2,3586,MOVE,current,726.41895,1804.1816,740895163969431
2,3587,MOVE,historical,726.4004,1804.2002,740895165579000
2,3588,MOVE,current,726.3496,1804.25,740895169859000
2,3589,MOVE,historical,726.2998,1804.2998,740895174115000
2,3590,MOVE,current,726.25,1804.3496,740895178383000
2,3591,MOVE,current,726.7998,1804.0,740895258094000
2,3592,MOVE,historical,730.5996,1801.7002,740895266213000
2,3593,MOVE,current,732.5,1800.5498,740895270272500
2,3594,MOVE,historical,735.2002,1799.0,740895274760000
2,3595,MOVE,current,737.5,1797.6504,740895279033500
2,3596,MOVE,historical,740.7998,1795.7998,740895283043000
2,3597,MOVE,current,743.5996,1794.2002,740895287184500
2,3598,MOVE,historical,747.0,1792.0996,740895291572000
2,3599,MOVE,current,750.0996,1790.25,740895295836500
2,3600,MOVE,historical,753.7998,1788.0,740895299979000
2,3601,MOVE,current,757.2002,1785.9502,740895304182500
2,3602,MOVE,historical,761.0996,1783.5996,740895308508000
2,3603,MOVE,current,764.75,1781.4004,740895312772500
2,3604,MOVE,historical,768.5,1779.2002,740895316979000
2,3605,MOVE,current,772.2002,1777.0,740895321214500
2,3606,MOVE,historical,776.2002,1774.7998,740895325465000
2,3607,MOVE,current,780.0498,1772.5996,740895329708000
2,3608,MOVE,historical,784.0,1770.5,740895333711000
2,3609,MOVE,current,787.9004,1768.3506,740895337834000
2,3610,MOVE,historical,791.7998,1766.2998,740895342039000
2,3611,MOVE,current,795.7002,1764.2002,740895346203000
2,3612,MOVE,historical,799.7998,1762.4004,740895350413000
2,3613,MOVE,current,803.7998,1760.4502,740895354600000
2,3614,MOVE,historical,807.7002,1758.5,740895358827000
2,3615,MOVE,current,811.6504,1756.5498,740895363034000
2,3616,MOVE,historical,815.0996,1754.9004,740895367313000
2,3617,MOVE,current,818.7998,1753.0996,740895371556000
2,3618,MOVE,historical,822.2998,1751.5996,740895375618000
2,3619,MOVE,current,825.9004,1749.9502,740895379770500
2,3620,MOVE,historical,828.4004,1748.7002,740895384245000
2,3621,MOVE,current,831.3291,1747.3076,740895388387883
2,3622,MOVE,historical,833.7998,1746.0996,740895392389000
2,3623,MOVE,current,836.5,1744.7998,740895396461000
2,3624,MOVE,historical,839.0996,1743.5,740895400879000
2,3625,MOVE,current,841.6748,1742.2373,740895405003907
2,3626,MOVE,historical,843.7998,1741.5,740895409084000
2,3627,MOVE,current,846.1504,1740.5,740895413186500
2,3628,MOVE,historical,848.2998,1739.7002,740895417765000
2,3629,MOVE,current,850.2988,1738.9004,740895421620778
2,3630,MOVE,historical,852.5996,1738.2002,740895426322000
2,3631,MOVE,current,854.4121,1737.5674,740895429929063
2,3632,MOVE,historical,856.5996,1736.7998,740895434511000
2,3633,MOVE,current,858.4199,1736.1631,740895438236698
2,3634,MOVE,historical,860.5996,1735.4004,740895442930000
2,3635,MOVE,current,862.31836,1734.7988,740895446546913
2,3636,MOVE,historical,864.2998,1734.0996,740895451134000
2,3637,MOVE,current,865.98145,1733.5098,740895454861784
2,3638,MOVE,historical,867.9004,1732.9004,740895460094000
2,3639,MOVE,current,869.13965,1732.4863,740895463178943
2,3640,MOVE,historical,871.4004,1731.7002,740895467929000
2,3641,MOVE,current,872.99023,1731.1543,740895471489941
2,3642,MOVE,historical,874.9004,1730.4004,740895476419000
2,3643,MOVE,current,876.2949,1729.8818,740895479803069
2,3644,MOVE,historical,878.2002,1729.0996,740895484696000
2,3645,MOVE,current,879.5635,1728.5625,740895488116841
2,3646,MOVE,historical,881.2002,1727.9004,740895493252000
2,3647,MOVE,current,882.31445,1727.4541,740895496429556
2,3648,MOVE,historical,883.5996,1727.0,740895501591000
2,3649,MOVE,current,884.50684,1726.6602,740895504740823
2,3650,MOVE,historical,885.2002,1726.4004,740895510014000
2,3651,MOVE,current,885.77734,1726.1836,740895513053172
2,3652,MOVE,historical,885.5996,1726.2998,740895518400000
2,3653,MOVE,current,885.7412,1726.2646,740895521364497
2,3654,MOVE,current,883.2998,1727.5,740895552406000
2,3655,MOVE,historical,875.2002,1731.0,740895561273000
2,3656,MOVE,current,873.6914,1731.6523,740895562924884
2,3657,MOVE,historical,864.7998,1734.9004,740895569115000
2,3658,MOVE,current,861.9678,1735.9619,740895571250977
2,3659,MOVE,historical,853.0996,1739.2002,740895577384000
2,3660,MOVE,current,850.0166,1740.333,740895579563168
2,3661,MOVE,historical,841.5996,1744.0,740895585938000
2,3662,MOVE,current,838.9951,1745.0869,740895587875359
2,3663,MOVE,historical,830.2002,1749.4004,740895594415000
2,3664,MOVE,current,827.8076,1750.5332,740895596194089
2,3665,MOVE,historical,819.4004,1754.5996,740895602505000
2,3666,MOVE,current,816.7207,1755.8906,740895604512141
2,3667,MOVE,historical,809.4004,1759.0996,740895611274000
2,3668,MOVE,current,807.626,1759.8984,740895612829873
2,3669,MOVE,historical,800.5996,1763.0,740895619246000
2,3670,MOVE,current,798.5049,1763.9287,740895621143662
2,3671,MOVE,historical,793.0,1766.2002,740895627766000
2,3672,MOVE,current,791.4912,1766.835,740895629457301
2,3673,MOVE,historical,786.0996,1769.2002,740895636248000
2,3674,MOVE,current,784.8613,1769.7383,740895637771126
2,3675,MOVE,historical,780.9004,1771.5996,740895644766000
2,3676,MOVE,current,780.0947,1771.9717,740895646084938
2,3677,MOVE,historical,775.2998,1774.4004,740895653546000
2,3678,MOVE,current,774.75586,1774.6719,740895654398797
2,3679,MOVE,historical,770.0,1777.5,740895661748000
2,3680,MOVE,current,769.37695,1777.8643,740895662712812
2,3681,MOVE,historical,765.0996,1780.5996,740895670337000
2,3682,MOVE,current,764.70605,1780.8486,740895671027007
2,3683,MOVE,historical,760.4004,1783.5996,740895678485000
2,3684,MOVE,current,759.90625,1783.915,740895679341387
2,3685,MOVE,historical,755.9004,1786.5996,740895686821000
2,3686,MOVE,current,755.4492,1786.9004,740895687655830
2,3687,MOVE,historical,751.7002,1789.2002,740895695288000
2,3688,MOVE,current,751.3613,1789.4092,740895695970417
2,3689,MOVE,historical,747.7998,1791.5996,740895703690000
2,3690,MOVE,current,747.52344,1791.7705,740895704285422
2,3691,MOVE,historical,744.2998,1793.7002,740895712899000
2,3692,MOVE,historical,741.0996,1795.5,740895720176000
2,3693,MOVE,current,740.77637,1795.6816,740895720911863
2,3694,MOVE,historical,738.0996,1797.2998,740895729021000
2,3695,MOVE,current,738.0322,1797.3408,740895729222248
2,3696,MOVE,historical,735.4004,1798.9004,740895737028000
2,3697,MOVE,current,735.2295,1799.001,740895737532463
2,3698,MOVE,historical,733.0996,1800.2002,740895745706000
2,3699,MOVE,current,733.0635,1800.2207,740895745842793
2,3700,MOVE,historical,731.0,1801.2998,740895753882000
2,3701,MOVE,current,730.9297,1801.3369,740895754154639
2,3702,MOVE,historical,729.0996,1802.4004,740895762263000
2,3703,MOVE,current,729.0537,1802.4268,740895762466212
2,3704,MOVE,historical,727.5,1803.4004,740895770848000
2,3705,MOVE,current,726.2031,1804.1982,740895779090466
2,3706,MOVE,historical,726.2002,1804.2002,740895779109000
2,3707,MOVE,current,725.33105,1804.7793,740895787402846
2,3708,MOVE,historical,725.2998,1804.7998,740895787696000
2,3709,MOVE,current,724.64746,1805.2656,740895795715421
2,3710,MOVE,historical,724.5996,1805.2998,740895796301000
2,3711,MOVE,current,724.03906,1805.7666,740895804028181
2,3712,MOVE,historical,724.0,1805.7998,740895804573000
2,3713,MOVE,current,723.7256,1805.9834,740895812341139
2,3714,MOVE,historical,723.7002,1806.0,740895813054000
2,3715,MOVE,current,723.51855,1806.1816,740895820654232
2,3716,MOVE,historical,723.5,1806.2002,740895821445000
2,3717,MOVE,current,723.4004,1806.2998,740895825640500
2,3718,MOVE,historical,723.4004,1806.2002,740895829822000
2,3719,MOVE,current,723.3496,1806.2002,740895834010500
2,3720,MOVE,current,725.7998,1804.7002,740895922306000
2,3721,MOVE,historical,729.7002,1802.2002,740895930558000
2,3722,MOVE,current,731.6504,1800.9502,740895934684000
2,3723,MOVE,historical,734.4004,1799.4004,740895939088000
2,3724,MOVE,current,736.75,1798.0,740895943353000
2,3725,MOVE,historical,739.9004,1796.0996,740895947465000
2,3726,MOVE,current,742.6504,1794.4502,740895951653500
2,3727,MOVE,historical,746.0,1792.5,740895955688000
2,3728,MOVE,current,749.0498,1790.7002,740895959799500
2,3729,MOVE,historical,752.7002,1788.5,740895964641000
2,3730,MOVE,current,756.0498,1786.5,740895969117500
2,3731,MOVE,historical,759.7002,1784.4004,740895972543000
2,3732,MOVE,current,763.2002,1782.3496,740895976494000
2,3733,MOVE,historical,766.7998,1780.2002,740895981106000
2,3734,MOVE,current,770.3496,1778.0996,740895985387500
2,3735,MOVE,historical,774.2002,1775.9004,740895989405000
2,3736,MOVE,current,777.9004,1773.75,740895993554500
2,3737,MOVE,historical,781.9004,1771.5,740895998159000
2,3738,MOVE,current,785.75,1769.2998,740896002536000
2,3739,MOVE,historical,789.5,1767.5,740896006233000
2,3740,MOVE,current,793.2998,1765.5,740896010270000
2,3741,MOVE,historical,797.4004,1763.5996,740896014920000
2,3742,MOVE,current,801.3496,1761.6504,740896019263500
2,3743,MOVE,historical,805.0996,1759.9004,740896023063000
2,3744,MOVE,current,808.9502,1758.0498,740896027134500
2,3745,MOVE,historical,812.5,1756.2998,740896031490000
2,3746,MOVE,current,816.2002,1754.5,740896035703500
2,3747,MOVE,historical,819.5996,1752.9004,740896039931000
2,3748,MOVE,current,823.1504,1751.2002,740896044151500
2,3749,MOVE,historical,826.0,1749.9004,740896048250000
2,3750,MOVE,current,829.2002,1748.4004,740896052409500
2,3751,MOVE,historical,831.7998,1747.2002,740896056719000
2,3752,MOVE,current,834.7002,1745.8496,740896060953500
2,3753,MOVE,historical,836.5996,1745.0,740896065044000
2,3754,MOVE,current,839.0,1743.9004,740896069206500
2,3755,MOVE,historical,841.2998,1743.0,740896073578000
2,3756,MOVE,current,843.6504,1742.0,740896077845000
2,3757,MOVE,historical,845.7998,1741.2002,740896081868000
2,3758,MOVE,current,848.0498,1740.2998,740896086013000
2,3759,MOVE,historical,849.7998,1739.5996,740896090507000
2,3760,MOVE,current,851.7998,1738.7998,740896094826500
2,3761,MOVE,historical,853.5996,1738.0996,740896098813000
2,3762,MOVE,current,855.5,1737.3496,740896102966000
2,3763,MOVE,historical,857.4004,1736.7002,740896107189000
2,3764,MOVE,current,859.2998,1736.0,740896111377000
2,3765,MOVE,historical,861.0996,1735.4004,740896115364000
2,3766,MOVE,current,862.9502,1734.75,740896119451500
2,3767,MOVE,historical,864.7998,1734.2002,740896123700000
2,3768,MOVE,current,866.6504,1733.5996,740896127868000
2,3769,MOVE,historical,868.2002,1733.0,740896132482000
2,3770,MOVE,current,869.78613,1732.4404,740896136579140
2,3771,MOVE,historical,871.5,1731.7998,740896140923000
2,3772,MOVE,current,873.05273,1731.2354,740896144893578
2,3773,MOVE,historical,874.7002,1730.7002,740896149147000
2,3774,MOVE,current,876.2803,1730.1572,740896153208167
2,3775,MOVE,historical,877.5996,1729.5996,740896157446000
2,3776,MOVE,current,879.0244,1729.0596,740896161522809
2,3777,MOVE,historical,880.0,1728.7002,740896165995000
2,3778,MOVE,current,881.0791,1728.2959,740896169837453
2,3779,MOVE,historical,881.0,1728.2998,740896174488000
2,3780,MOVE,current,881.43164,1728.1279,740896178151193
2,3781,MOVE,current,876.0996,1730.4004,740896216354000
2,3782,MOVE,historical,867.7998,1733.4004,740896226226000
2,3783,MOVE,current,866.2793,1733.9502,740896228035297
2,3784,MOVE,historical,857.5,1736.9004,740896232985000
2,3785,MOVE,current,852.38184,1738.6396,740896236343751
2,3786,MOVE,historical,846.4004,1741.2998,740896241632000
2,3787,MOVE,current,842.5176,1742.8389,740896244656386
2,3788,MOVE,historical,835.5996,1746.2998,740896249989000
2,3789,MOVE,current,831.7471,1748.084,740896252970366
2,3790,MOVE,historical,825.0996,1751.2998,740896258236000
2,3791,MOVE,current,821.2197,1753.1475,740896261283438
2,3792,MOVE,historical,815.2002,1756.0996,740896266549000
2,3793,MOVE,current,811.56934,1757.8604,740896269597363
2,3794,MOVE,historical,806.5,1760.2002,740896275024000
2,3795,MOVE,current,803.53613,1761.5967,740896277911086
2,3796,MOVE,historical,798.9004,1763.5,740896283458000
2,3797,MOVE,current,796.40625,1764.583,740896286224988
2,3798,MOVE,historical,792.0,1766.4004,740896291872000
2,3799,MOVE,current,789.8125,1767.3193,740896294539622
2,3800,MOVE,historical,786.5,1768.7998,740896300713000
2,3801,MOVE,current,785.16797,1769.3809,740896302853543
2,3802,MOVE,historical,781.0996,1771.5996,740896308535000
2,3803,MOVE,current,779.2822,1772.542,740896311167705
2,3804,MOVE,historical,776.0,1774.5,740896317297000
2,3805,MOVE,current,774.7285,1775.2236,740896319482120
2,3806,MOVE,historical,771.0,1777.4004,740896325833000
2,3807,MOVE,current,769.8506,1778.0664,740896327796052
2,3808,MOVE,historical,766.0996,1780.7002,740896334080000
2,3809,MOVE,current,764.89355,1781.5127,740896336110678
2,3810,MOVE,historical,761.4004,1783.5996,740896342613000
2,3811,MOVE,current,760.40137,1784.2158,740896344425744
2,3812,MOVE,historical,757.0996,1786.2002,740896351004000
2,3813,MOVE,current,756.20996,1786.7383,740896352740837
2,3814,MOVE,historical,753.0,1788.7998,740896359357000
2,3815,MOVE,current,752.166,1789.3291,740896361056079
2,3816,MOVE,historical,749.0996,1791.2002,740896367580000
2,3817,MOVE,current,748.251,1791.7227,740896369370977
2,3818,MOVE,historical,745.5996,1793.2998,740896376266000
2,3819,MOVE,current,745.0283,1793.6436,740896377685813
2,3820,MOVE,historical,742.5,1795.0,740896384565000
2,3821,MOVE,current,741.96387,1795.294,740896386000715
2,3822,MOVE,historical,739.5996,1796.5996,740896392955000
2,3823,MOVE,current,739.1299,1796.8594,740896394315789
2,3824,MOVE,historical,737.0996,1798.0,740896401305000
2,3825,MOVE,current,736.7031,1798.2227,740896402631125
2,3826,MOVE,historical,734.9004,1799.2002,740896409885000
2,3827,MOVE,current,734.6279,1799.3486,740896410946946
2,3828,MOVE,historical,733.2998,1800.0996,740896418180000
2,3829,MOVE,current,733.0908,1800.2178,740896419262927
2,3830,MOVE,historical,731.7998,1800.9004,740896426499000
2,3831,MOVE,current,731.60547,1801.0039,740896427578497
2,3832,MOVE,historical,730.5,1801.7998,740896434859000
2,3833,MOVE,current,730.33984,1801.9111,740896435887750
2,3834,MOVE,historical,729.5996,1802.2998,740896443364000
2,3835,MOVE,current,729.5117,1802.3486,740896444197480
2,3836,MOVE,historical,729.0996,1802.5996,740896451660000
2,3837,MOVE,current,729.0488,1802.6309,740896452507540
2,3838,MOVE,historical,728.7002,1802.7998,740896460248000
2,3839,MOVE,current,728.6738,1802.8135,740896460817849
2,3840,MOVE,historical,728.2998,1803.0996,740896468541000
2,3841,MOVE,current,728.2715,1803.1211,740896469128689
2,3842,MOVE,historical,728.0,1803.2998,740896477132000
2,3843,MOVE,current,727.98926,1803.3076,740896477440392
2,3844,MOVE,current,728.9004,1802.7002,740896569716000
2,3845,MOVE,historical,732.7002,1800.5996,740896578207000
2,3846,MOVE,current,734.5996,1799.5498,740896582452500
2,3847,MOVE,historical,737.2998,1798.0,740896586683000
2,3848,MOVE,current,742.0303,1795.2705,740896593826105
2,3849,MOVE,historical,742.5,1795.0,740896594535000
2,3850,MOVE,current,747.88965,1791.8027,740896602141970
2,3851,MOVE,historical,748.4004,1791.5,740896602862000
2,3852,MOVE,current,753.76855,1788.2617,740896610455261
2,3853,MOVE,historical,754.7002,1787.7002,740896611773000
2,3854,MOVE,current,757.8496,1785.7998,740896616228500
2,3855,MOVE,historical,761.5,1783.5996,740896619848000
2,3856,MOVE,current,764.9004,1781.5498,740896623885500
2,3857,MOVE,historical,768.5996,1779.5,740896628380000
2,3858,MOVE,current,774.52246,1776.0801,740896635401396
2,3859,MOVE,historical,775.7002,1775.4004,740896636798000
2,3860,MOVE,current,779.25,1773.3496,740896641007000
2,3861,MOVE,historical,783.2002,1771.2998,740896645334000
2,3862,MOVE,current,786.9502,1769.25,740896649602000
2,3863,MOVE,historical,790.7998,1767.4004,740896653765000
2,3864,MOVE,current,794.5996,1765.4502,740896657980500
2,3865,MOVE,historical,798.5,1763.7002,740896662113000
2,3866,MOVE,current,802.3496,1761.8496,740896666287000
2,3867,MOVE,historical,805.9004,1760.0996,740896670790000
2,3868,MOVE,current,809.5996,1758.2998,740896675128500
2,3869,MOVE,historical,813.2998,1756.5,740896679227000
2,3870,MOVE,current,817.0,1754.7002,740896683445500
2,3871,MOVE,historical,820.2002,1753.2002,740896687486000
2,3872,MOVE,current,823.6504,1751.5498,740896691615500
2,3873,MOVE,historical,826.4004,1750.2002,740896696293000
2,3874,MOVE,current,829.5,1748.7002,740896700696500
2,3875,MOVE,historical,831.9004,1747.4004,740896704391000
2,3876,MOVE,current,834.6504,1746.0,740896708440000
2,3877,MOVE,historical,837.0,1745.0996,740896712446000
2,3878,MOVE,current,839.5498,1743.9502,740896716473500
2,3879,MOVE,historical,841.7998,1743.0,740896720877000
2,3880,MOVE,current,844.2002,1741.9502,740896725092500
2,3881,MOVE,historical,846.2002,1741.2002,740896729106000
2,3882,MOVE,current,848.4004,1740.2998,740896733220500
2,3883,MOVE,historical,850.5,1739.5996,740896737399000
2,3884,MOVE,current,852.6504,1738.7998,740896741545500
2,3885,MOVE,historical,854.0996,1738.4004,740896746107000
2,3886,MOVE,current,855.9004,1737.7998,740896750461000
2,3887,MOVE,historical,857.7002,1737.0996,740896754495000
2,3888,MOVE,current,859.5,1736.4502,740896758689000
2,3889,MOVE,historical,861.4004,1735.9004,740896763002000
2,3890,MOVE,current,863.25,1735.2998,740896767255500
2,3891,MOVE,historical,864.5996,1734.7998,740896771304000
2,3892,MOVE,current,866.2002,1734.25,740896775455000
2,3893,MOVE,historical,867.7998,1733.5996,740896779669000
2,3894,MOVE,current,869.4004,1733.0,740896783851500
2,3895,MOVE,historical,870.7998,1732.5,740896788102000
2,3896,MOVE,current,872.2998,1731.9502,740896792318500
2,3897,MOVE,historical,874.0,1731.2998,740896796687000
2,3898,MOVE,current,875.5996,1730.7002,740896800979500
2,3899,MOVE,historical,877.0,1730.2002,740896804842000
2,3900,MOVE,current,878.5,1729.6504,740896808919500
2,3901,MOVE,historical,879.7002,1729.0996,740896813249000
2,3902,MOVE,current,881.0498,1728.5498,740896817452500
2,3903,MOVE,historical,881.5,1728.5,740896821604000
2,3904,MOVE,current,882.4004,1728.2002,740896825781500
2,3905,MOVE,historical,881.9004,1728.2998,740896830074000
2,3906,MOVE,current,882.0996,1728.2002,740896834309000
2,3907,MOVE,current,881.5996,1728.4004,740896863552000
2,3908,MOVE,historical,874.9004,1731.0996,740896872594000
2,3909,MOVE,current,872.0254,1732.2588,740896876473196
2,3910,MOVE,historical,866.5996,1734.0,740896881242000
2,3911,MOVE,current,863.23145,1735.1768,740896884751441
2,3912,MOVE,historical,857.5,1737.2998,740896889103000
2,3913,MOVE,current,852.9551,1738.9482,740896893029160
2,3914,MOVE,historical,846.9004,1741.5,740896897309000
2,3915,MOVE,current,841.7256,1743.5508,740896901314969
2,3916,MOVE,historical,836.5,1746.0996,740896905926000
2,3917,MOVE,current,832.0576,1748.0654,740896909606864
2,3918,MOVE,historical,826.4004,1751.2002,740896914351000
2,3919,MOVE,current,822.1299,1753.3564,740896917913092
2,3920,MOVE,historical,816.7998,1755.7002,740896922565000
2,3921,MOVE,current,812.541,1757.6963,740896926209233
2,3922,MOVE,historical,808.2998,1759.5,740896930964000
2,3923,MOVE,current,804.709,1761.1055,740896934512088
2,3924,MOVE,historical,800.7998,1762.5996,740896939365000
2,3925,MOVE,current,797.7168,1763.874,740896942818540
2,3926,MOVE,historical,794.0996,1765.2998,740896947877000
2,3927,MOVE,current,791.541,1766.331,740896951128001
2,3928,MOVE,historical,788.4004,1767.7002,740896956276000
2,3929,MOVE,current,786.25684,1768.6025,740896959433468
2,3930,MOVE,historical,782.9004,1770.5,740896964606000
2,3931,MOVE,current,780.8301,1771.5537,740896967741661
2,3932,MOVE,historical,777.5996,1773.4004,740896972954000
2,3933,MOVE,current,775.63184,1774.4766,740896976054072
2,3934,MOVE,historical,772.5,1776.4004,740896981501000
2,3935,MOVE,current,770.79395,1777.4033,740896984359723
2,3936,MOVE,historical,768.0,1779.2002,740896989899000
2,3937,MOVE,current,766.5137,1780.125,740896992672909
2,3938,MOVE,historical,763.5,1782.0,740896998073000
2,3939,MOVE,current,761.9004,1782.9951,740897000978788
2,3940,MOVE,historical,759.0996,1784.7998,740897006399000
2,3941,MOVE,current,757.56934,1785.7734,740897009295047
2,3942,MOVE,historical,755.0,1787.4004,740897014943000
2,3943,MOVE,current,753.7178,1788.2129,740897017614605
2,3944,MOVE,historical,751.2002,1789.7002,740897023236000
2,3945,MOVE,current,749.9697,1790.4443,740897025921406
2,3946,MOVE,historical,747.5,1792.0,740897031829000
2,3947,MOVE,current,746.46094,1792.6455,740897034241783
2,3948,MOVE,historical,744.0996,1794.0,740897040642000
2,3949,MOVE,current,743.36426,1794.4326,740897042549171
2,3950,MOVE,historical,741.0996,1795.7998,740897048898000
2,3951,MOVE,current,740.3828,1796.2305,740897050872975
2,3952,MOVE,historical,738.7998,1797.2002,740897057344000
2,3953,MOVE,current,738.2949,1797.5078,740897059199084
2,3954,MOVE,historical,736.5,1798.5,740897065596000
2,3955,MOVE,current,735.9619,1798.8037,740897067525846
2,3956,MOVE,historical,734.2998,1799.7002,740897074177000
2,3957,MOVE,current,733.8701,1799.9346,740897075853791
2,3958,MOVE,historical,732.2998,1800.7002,740897082388000
2,3959,MOVE,current,731.8623,1800.919,740897084183711
2,3960,MOVE,historical,730.7998,1801.5996,740897090863000
2,3961,MOVE,current,730.50684,1801.7754,740897092516919
2,3962,MOVE,historical,729.7002,1802.2998,740897099008000
2,3963,MOVE,current,729.4531,1802.457,740897100833805
2,3964,MOVE,historical,728.7998,1802.7998,740897107487000
2,3965,MOVE,current,728.624,1802.8975,740897109147545
2,3966,MOVE,historical,728.0996,1803.2998,740897115905000
2,3967,MOVE,current,727.9707,1803.3926,740897117461440
2,3968,MOVE,historical,727.5996,1803.5996,740897124360000
2,3969,MOVE,current,727.5166,1803.6504,740897125775545
2,3970,MOVE,historical,727.4004,1803.7998,740897132993000
2,3971,MOVE,current,727.375,1803.8252,740897134083855
2,3972,MOVE,historical,727.2002,1803.9004,740897141189000
2,3973,MOVE,current,727.1709,1803.915,740897142392782
2,3974,MOVE,historical,727.0996,1803.9004,740897149804000
2,3975,MOVE,current,727.08984,1803.9004,740897150702447
2,3976,MOVE,historical,727.5,1803.7002,740897234027000
2,3977,MOVE,current,730.94727,1801.8281,740897242139358
2,3978,MOVE,historical,731.0,1801.7998,740897242263000
2,3979,MOVE,historical,735.0996,1799.5,740897250348000
2,3980,MOVE,current,735.1533,1799.4707,740897250452264
2,3981,MOVE,historical,740.0996,1796.5996,740897259248000
2,3982,MOVE,current,745.57324,1793.375,740897267080775
2,3983,MOVE,historical,745.7002,1793.2998,740897267262000
2,3984,MOVE,current,751.3203,1789.9463,740897275393737
2,3985,MOVE,historical,751.9004,1789.5996,740897276232000
2,3986,MOVE,current,757.8008,1786.0596,740897283711043
2,3987,MOVE,historical,758.4004,1785.7002,740897284471000
2,3988,MOVE,current,764.916,1781.9375,740897292027483
2,3989,MOVE,historical,765.5,1781.5996,740897292705000
2,3990,MOVE,current,772.26074,1777.71,740897300343100
2,3991,MOVE,historical,772.7998,1777.4004,740897300952000
2,3992,MOVE,current,779.7793,1773.585,740897308658893
2,3993,MOVE,historical,780.2998,1773.2998,740897309234000
2,3994,MOVE,current,784.0498,1771.25,740897313375000
2,3995,MOVE,historical,787.7998,1769.2002,740897318065000
2,3996,MOVE,current,794.19727,1765.8701,740897325291035
2,3997,MOVE,historical,795.0996,1765.4004,740897326311000
2,3998,MOVE,current,798.75,1763.5,740897330434000
2,3999,MOVE,historical,802.5,1761.7998,740897334544000
2,4000,MOVE,current,806.2002,1760.0,740897338660500
2,4001,MOVE,historical,809.7998,1758.4004,740897343633000
2,4002,MOVE,current,815.7197,1755.5693,740897350240353
2,4003,MOVE,historical,816.7002,1755.0996,740897351335000
2,4004,MOVE,current,822.3115,1752.4238,740897358557214
2,4005,MOVE,historical,823.2002,1752.0,740897359700000
2,4006,MOVE,current,826.4502,1750.4502,740897363882500
2,4007,MOVE,historical,829.0,1749.2002,740897368204000
2,4008,MOVE,current,832.94727,1747.3057,740897375192611
2,4009,MOVE,historical,834.0,1746.7998,740897377056000
2,4010,MOVE,current,836.5,1745.5996,740897381482000
2,4011,MOVE,historical,838.5,1744.5996,740897385118000
2,4012,MOVE,current,840.75,1743.5,740897389149000
2,4013,MOVE,historical,843.0,1742.7002,740897393770000
2,4014,MOVE,current,845.25,1741.75,740897398096000
2,4015,MOVE,historical,846.9004,1741.2002,740897402129000
2,4016,MOVE,current,848.8496,1740.4502,740897406308500
2,4017,MOVE,historical,850.9004,1739.7002,740897410335000
2,4018,MOVE,current,852.9004,1738.9502,740897414438000
2,4019,MOVE,historical,854.4004,1738.5996,740897418864000
2,4020,MOVE,current,856.1504,1738.0498,740897423128500
2,4021,MOVE,historical,857.9004,1737.5,740897427293000
2,4022,MOVE,current,859.6504,1736.9502,740897431507500
2,4023,MOVE,historical,861.2002,1736.2002,740897435302000
2,4024,MOVE,current,862.8496,1735.5498,740897439306500
2,4025,MOVE,historical,864.2998,1735.0,740897444057000
2,4026,MOVE,current,865.8496,1734.4004,740897448434500
2,4027,MOVE,historical,867.2998,1733.7002,740897452441000
2,4028,MOVE,current,868.7998,1733.0498,740897456633000
2,4029,MOVE,historical,870.0,1732.7002,740897460856000
2,4030,MOVE,current,871.3496,1732.2002,740897465063500
2,4031,MOVE,historical,872.5,1731.7998,740897469163000
2,4032,MOVE,current,873.75,1731.3496,740897473316500
2,4033,MOVE,historical,874.5,1731.0,740897477549000
2,4034,MOVE,current,875.5,1730.6006,740897481742000
2,4035,MOVE,historical,875.5,1730.7002,740897486101000
2,4036,MOVE,current,876.0,1730.5498,740897490377000
2,4037,MOVE,historical,875.7002,1730.7002,740897494263000
2,4038,MOVE,current,875.7998,1730.7002,740897498344000
2,4039,MOVE,current,869.9004,1733.0,740897536600000
2,4040,MOVE,historical,862.4004,1735.5996,740897544814000
2,4041,MOVE,current,858.6504,1736.9004,740897548921000
2,4042,MOVE,historical,854.0,1738.5996,740897553069000
2,4043,MOVE,current,849.7998,1740.0996,740897557196500
2,4044,MOVE,historical,843.7998,1742.5996,740897561782000
2,4045,MOVE,current,838.7002,1744.5996,740897566138500
2,4046,MOVE,historical,833.5,1747.5,740897569984000
2,4047,MOVE,current,828.3496,1749.9502,740897574085000
2,4048,MOVE,historical,824.0996,1752.5,740897578385000
2,4049,MOVE,current,819.4004,1755.0,740897582585500
2,4050,MOVE,historical,815.5,1756.7998,740897586860000
2,4051,MOVE,current,811.2002,1758.9502,740897591097500
2,4052,MOVE,historical,807.7002,1760.2998,740897595178000
2,4053,MOVE,current,803.7998,1762.0498,740897599337000
2,4054,MOVE,historical,800.5,1763.4004,740897603633000
2,4055,MOVE,current,796.9004,1764.9502,740897607860500
2,4056,MOVE,historical,793.5996,1766.4004,740897612185000
2,4057,MOVE,current,790.3447,1767.8154,740897616219688
2,4058,MOVE,historical,787.7002,1769.0996,740897620373000
2,4059,MOVE,current,784.75,1770.4502,740897624467000
2,4060,MOVE,historical,782.0996,1771.7998,740897629061000
2,4061,MOVE,current,779.66016,1772.9766,740897632845923
2,4062,MOVE,historical,776.9004,1774.5996,740897637562000
2,4063,MOVE,current,774.6992,1775.7852,740897641159189
2,4064,MOVE,historical,771.7998,1777.2998,740897645807000
2,4065,MOVE,current,769.5322,1778.5,740897649472609
2,4066,MOVE,historical,766.9004,1780.2002,740897654207000
2,4067,MOVE,current,764.8125,1781.4355,740897657786180
2,4068,MOVE,historical,762.4004,1783.0,740897662635000
2,4069,MOVE,current,760.5498,1784.1514,740897666100001
2,4070,MOVE,historical,758.0,1785.7998,740897671187000
2,4071,MOVE,current,756.33984,1786.8564,740897674413925
2,4072,MOVE,historical,753.7002,1788.5,740897679118000
2,4073,MOVE,current,751.74316,1789.7285,740897682727785
2,4074,MOVE,historical,749.9004,1790.9004,740897687715000
2,4075,MOVE,current,748.4297,1791.8281,740897691041608
2,4076,MOVE,historical,746.4004,1793.0,740897695971000
2,4077,MOVE,current,744.96484,1793.8613,740897699355450
2,4078,MOVE,historical,743.0996,1795.0,740897704723000
2,4079,MOVE,current,741.98926,1795.6738,740897707669563
2,4080,MOVE,historical,740.2002,1796.7002,740897712817000
2,4081,MOVE,current,739.0654,1797.3652,740897715984165
2,4082,MOVE,historical,737.5996,1798.0996,740897721121000
2,4083,MOVE,current,736.60547,1798.6357,740897724297982
2,4084,MOVE,historical,735.4004,1799.2998,740897729733000
2,4085,MOVE,current,734.66504,1799.7012,740897732611641
2,4086,MOVE,historical,733.4004,1800.5,740897738407000
2,4087,MOVE,current,732.81934,1800.8486,740897740925299
2,4088,MOVE,historical,731.5996,1801.5,740897746417000
2,4089,MOVE,current,730.9658,1801.8525,740897749238929
2,4090,MOVE,historical,729.7998,1802.4004,740897754692000
2,4091,MOVE,current,729.17773,1802.7109,740897757552605
2,4092,MOVE,historical,728.4004,1803.2998,740897763493000
2,4093,MOVE,current,728.02246,1803.543,740897765866259
2,4094,MOVE,historical,727.4004,1804.0,740897772061000
2,4095,MOVE,current,727.15234,1804.1729,740897774179899
2,4096,MOVE,historical,726.5996,1804.5,740897780097000
2,4097,MOVE,current,726.3613,1804.6494,740897782493489
2,4098,MOVE,historical,726.2998,1804.7998,740897788507000
2,4099,MOVE,current,726.2178,1804.8818,740897790807126
2,4100,MOVE,historical,726.0,1805.0,740897796905000
2,4101,MOVE,current,725.9209,1805.0527,740897799120521
2,4102,MOVE,historical,725.7002,1805.2002,740897805278000
2,4103,MOVE,current,725.62305,1805.252,740897807433814
2,4104,MOVE,historical,725.5996,1805.2998,740897813700000
2,4105,MOVE,current,725.5762,1805.3242,740897815746956
2,4106,MOVE,historical,725.5,1805.4004,740897830431000
2,4107,MOVE,current,725.4883,1805.4111,740897832373942
2,4108,MOVE,historical,728.9004,1803.4004,740897914639000
2,4109,MOVE,historical,733.2002,1800.7998,740897922890000
2,4110,MOVE,current,733.6865,1800.5059,740897923823174
2,4111,MOVE,historical,738.2002,1797.9004,740897931390000
2,4112,MOVE,current,738.63965,1797.6455,740897932136736
2,4113,MOVE,historical,744.0,1794.5,740897939857000
2,4114,MOVE,current,744.40625,1794.2617,740897940450478
2,4115,MOVE,historical,750.4004,1790.7002,740897948259000
2,4116,MOVE,current,750.7783,1790.4756,740897948755063
2,4117,MOVE,historical,757.2002,1786.5996,740897956550000
2,4118,MOVE,current,757.625,1786.3438,740897957068312
2,4119,MOVE,historical,764.2998,1782.4004,740897965070000
2,4120,MOVE,current,764.5586,1782.2471,740897965380028
2,4121,MOVE,historical,771.7002,1778.0,740897973571000
2,4122,MOVE,current,771.80566,1777.9375,740897973692486
2,4123,MOVE,historical,779.2002,1773.9004,740897982018000
2,4124,MOVE,historical,786.7002,1769.7998,740897990211000
2,4125,MOVE,current,786.7988,1769.7461,740897990318453
2,4126,MOVE,historical,794.2998,1766.0,740897998909000
2,4127,MOVE,current,801.53516,1762.623,740898006945161
2,4128,MOVE,historical,801.7998,1762.5,740898007239000
2,4129,MOVE,current,808.77246,1759.2021,740898015258672
2,4130,MOVE,historical,809.2002,1759.0,740898015751000
2,4131,MOVE,current,815.75586,1755.8154,740898023572308
2,4132,MOVE,historical,816.2002,1755.5996,740898024102000
2,4133,MOVE,current,822.09863,1752.6963,740898031886021
2,4134,MOVE,historical,822.7002,1752.4004,740898032680000
2,4135,MOVE,current,825.9502,1750.7998,740898036969000
2,4136,MOVE,historical,828.5996,1749.5996,740898041244000
2,4137,MOVE,current,833.5459,1747.2188,740898048513947
2,4138,MOVE,historical,834.0,1747.0,740898049182000
2,4139,MOVE,current,838.7002,1744.831,740898056828118
2,4140,MOVE,historical,839.2002,1744.5996,740898057642000
2,4141,MOVE,current,843.4043,1742.8115,740898065142384
2,4142,MOVE,historical,843.9004,1742.5996,740898066027000
2,4143,MOVE,current,846.25,1741.5996,740898070219500
2,4144,MOVE,historical,848.2998,1740.9004,740898074390000
2,4145,MOVE,current,850.5,1740.0498,740898078571500
2,4146,MOVE,historical,852.4004,1739.5,740898083037000
2,4147,MOVE,current,854.4502,1738.7998,740898087360500
2,4148,MOVE,historical,856.0996,1738.2002,740898091226000
2,4149,MOVE,current,857.9502,1737.5498,740898095320500
2,4150,MOVE,historical,859.9004,1736.9004,740898099622000
2,4151,MOVE,current,862.7012,1735.8809,740898106722789
2,4152,MOVE,historical,863.2002,1735.7002,740898107986000
2,4153,MOVE,current,864.8496,1735.0996,740898112168000
2,4154,MOVE,historical,866.7002,1734.2998,740898116738000
2,4155,MOVE,current,868.4502,1733.5996,740898121114000
2,4156,MOVE,historical,870.0996,1733.0,740898125080000
2,4157,MOVE,current,871.7998,1732.3506,740898129251000
2,4158,MOVE,historical,873.2998,1731.7998,740898133736000
2,4159,MOVE,current,874.9004,1731.2002,740898138064000
2,4160,MOVE,historical,876.2002,1730.7002,740898141907000
2,4161,MOVE,current,877.6504,1730.1504,740898145992500
2,4162,MOVE,historical,878.5,1729.9004,740898150348000
2,4163,MOVE,current,879.6504,1729.5,740898154568500
2,4164,MOVE,historical,879.5,1729.5996,740898158560000
2,4165,MOVE,current,880.0,1729.4502,740898162666000
2,4166,MOVE,current,879.0996,1729.7998,740898192109000
2,4167,MOVE,historical,871.0996,1732.7998,740898200721000
2,4168,MOVE,current,867.0996,1734.2998,740898205027000
2,4169,MOVE,historical,860.2002,1736.5,740898209163000
2,4170,MOVE,current,854.75,1738.3506,740898213384000
2,4171,MOVE,historical,848.5,1740.7998,740898217444000
2,4172,MOVE,current,842.6504,1742.9502,740898221584500
2,4173,MOVE,historical,837.0996,1746.0,740898226031000
2,4174,MOVE,current,831.4004,1748.6006,740898230324500
2,4175,MOVE,historical,826.2002,1751.5,740898234250000
2,4176,MOVE,current,820.75,1754.25,740898238359500
2,4177,MOVE,historical,816.0,1756.7002,740898242608000
2,4178,MOVE,current,810.9004,1759.2998,740898246787000
2,4179,MOVE,historical,806.2998,1761.0,740898251052000
2,4180,MOVE,current,801.4502,1763.1504,740898255274000
2,4181,MOVE,historical,797.9004,1764.5,740898259698000
2,4182,MOVE,current,793.7002,1766.25,740898264021000
2,4183,MOVE,historical,790.9004,1767.5996,740898267906000
2,4184,MOVE,current,787.4004,1769.1504,740898272010000
2,4185,MOVE,historical,784.7002,1770.2998,740898276221000
2,4186,MOVE,current,781.5996,1771.6504,740898280378500
2,4187,MOVE,historical,779.7002,1772.7002,740898284667000
2,4188,MOVE,current,777.2002,1773.9004,740898288890000
2,4189,MOVE,historical,774.2998,1775.5996,740898292997000
2,4190,MOVE,current,771.5996,1777.0498,740898297162000
2,4191,MOVE,historical,769.2998,1778.5996,740898301506000
2,4192,MOVE,current,766.7998,1780.0996,740898305760500
2,4193,MOVE,historical,764.5,1781.5996,740898309909000
2,4194,MOVE,current,762.0996,1783.0996,740898314110500
2,4195,MOVE,historical,759.7998,1784.5,740898318565000
2,4196,MOVE,current,757.5176,1785.9082,740898322769366
2,4197,MOVE,historical,755.2002,1787.5,740898326972000
2,4198,MOVE,current,752.95215,1788.9658,740898331079566
2,4199,MOVE,historical,751.2002,1790.2002,740898335132000
2,4200,MOVE,current,749.2002,1791.5498,740898339212000
2,4201,MOVE,historical,747.5996,1792.5996,740898343365000
2,4202,MOVE,current,745.7998,1793.7998,740898347481500
2,4203,MOVE,historical,744.5,1794.5,740898351769000
2,4204,MOVE,current,742.9502,1795.4502,740898355971000
2,4205,MOVE,historical,741.9004,1796.0996,740898360332000
2,4206,MOVE,current,740.6865,1796.8467,740898364329420
2,4207,MOVE,historical,739.5,1797.4004,740898368914000
2,4208,MOVE,current,738.45703,1797.9648,740898372644778
2,4209,MOVE,historical,737.5996,1798.5,740898377395000
2,4210,MOVE,current,736.8008,1798.9629,740898380963159
2,4211,MOVE,historical,736.0,1799.4004,740898385556000
2,4212,MOVE,current,735.26953,1799.8105,740898389283130
2,4213,MOVE,historical,734.7998,1800.0996,740898394121000
2,4214,MOVE,current,734.3115,1800.3848,740898397604676
2,4215,MOVE,historical,733.7998,1800.7002,740898402432000
2,4216,MOVE,current,733.3799,1800.9521,740898405927462
2,4217,MOVE,historical,733.0,1801.0996,740898410737000
2,4218,MOVE,current,732.6621,1801.2695,740898414246447
2,4219,MOVE,historical,732.7002,1801.2998,740898419133000
2,4220,MOVE,current,732.57715,1801.3818,740898422561038
2,4221,MOVE,historical,735.0996,1799.7998,740898528885000
2,4222,MOVE,historical,739.2002,1797.5,740898536820000
2,4223,MOVE,current,740.4746,1796.7852,740898539286283
2,4224,MOVE,historical,743.9004,1794.9004,740898545104000
2,4225,MOVE,current,745.18066,1794.1914,740898547361328
2,4226,MOVE,historical,749.2002,1791.7998,740898553818000
2,4227,MOVE,current,750.3301,1791.1387,740898555676079
2,4228,MOVE,historical,755.0996,1788.2002,740898561884000
2,4229,MOVE,current,756.6416,1787.2598,740898563991328
2,4230,MOVE,historical,761.5,1784.2998,740898570449000
2,4231,MOVE,current,762.90137,1783.4463,740898572324661
2,4232,MOVE,historical,768.2998,1780.2998,740898578626000
2,4233,MOVE,current,769.99023,1779.3057,740898580657994
2,4234,MOVE,historical,775.4004,1776.2002,740898587255000
2,4235,MOVE,current,776.8291,1775.375,740898588991327
2,4236,MOVE,historical,782.7002,1772.2998,740898595771000
2,4237,MOVE,current,784.0322,1771.5889,740898597324660
2,4238,MOVE,historical,790.2998,1768.5,740898603985000
2,4239,MOVE,current,791.6885,1767.8057,740898605485752
2,4240,MOVE,historical,798.0996,1764.7002,740898612697000
2,4241,MOVE,current,799.0879,1764.2188,740898613800678
2,4242,MOVE,historical,805.9004,1761.0996,740898620849000
2,4243,MOVE,current,807.1113,1760.541,740898622115021
2,4244,MOVE,historical,813.2002,1757.4004,740898629488000
2,4245,MOVE,current,813.9951,1756.9971,740898630428526
2,4246,MOVE,historical,820.2002,1753.9004,740898637603000
2,4247,MOVE,current,821.1826,1753.4092,740898638741684
2,4248,MOVE,historical,826.5,1750.7002,740898646119000
2,4249,MOVE,current,827.1924,1750.3486,740898647055284
2,4250,MOVE,historical,832.2002,1747.9004,740898654665000
2,4251,MOVE,current,832.6699,1747.669,740898655369069
2,4252,MOVE,historical,837.4004,1745.4004,740898662794000
2,4253,MOVE,current,837.96875,1745.127,740898663683104
2,4254,MOVE,historical,842.5996,1743.0,740898671440000
2,4255,MOVE,current,842.93555,1742.8457,740898671997194
2,4256,MOVE,historical,847.2002,1741.0,740898679614000
2,4257,MOVE,current,847.5928,1740.8291,740898680311279
2,4258,MOVE,historical,851.4004,1739.4004,740898688415000
2,4259,MOVE,current,851.5,1739.3613,740898688625471
2,4260,MOVE,historical,855.4004,1738.0,740898696625000
2,4261,MOVE,current,855.5537,1737.9463,740898696939716
2,4262,MOVE,historical,859.2002,1736.7002,740898704857000
2,4263,MOVE,current,859.3828,1736.6377,740898705254064
2,4264,MOVE,historical,862.0996,1735.7998,740898713266000
2,4265,MOVE,current,862.2041,1735.7676,740898713568572
2,4266,MOVE,historical,863.5996,1735.4004,740898722042000
2,4267,MOVE,current,864.3496,1735.2002,740898726430000
2,4268,MOVE,historical,863.2002,1735.5,740898755158000
2,4269,MOVE,current,856.18066,1738.0957,740898763454897
2,4270,MOVE,historical,855.9004,1738.2002,740898763787000
2,4271,MOVE,current,846.1162,1741.7412,740898771769955
2,4272,MOVE,historical,845.4004,1742.0,740898772354000
2,4273,MOVE,current,835.0928,1746.7432,740898780045845
2,4274,MOVE,historical,834.0996,1747.2002,740898780787000
2,4275,MOVE,current,824.2822,1752.1553,740898788321347
2,4276,MOVE,historical,823.4004,1752.5996,740898788998000
2,4277,MOVE,current,814.3887,1757.1514,740898796604942
2,4278,MOVE,historical,813.5,1757.5996,740898797355000
2,4279,MOVE,current,808.5498,1760.0996,740898801533500
2,4280,MOVE,historical,804.4004,1761.9004,740898805884000
2,4281,MOVE,current,797.91797,1764.666,740898813188494
2,4282,MOVE,historical,796.9004,1765.0996,740898814335000
2,4283,MOVE,current,793.1504,1766.7002,740898818560500
2,4284,MOVE,historical,790.9004,1767.5996,740898823282000
2,4285,MOVE,current,787.9004,1768.8496,740898827755500
2,4286,MOVE,historical,785.7002,1769.9004,740898831106000
2,4287,MOVE,current,783.0996,1771.0498,740898835018000
2,4288,MOVE,historical,780.2998,1772.2998,740898839468000
2,4289,MOVE,current,777.5996,1773.5,740898843649000
2,4290,MOVE,historical,775.0,1775.0,740898847855000
2,4291,MOVE,current,772.3496,1776.3506,740898852048500
2,4292,MOVE,historical,770.0996,1778.0996,740898856510000
2,4293,MOVE,current,767.6504,1779.6504,740898860837500
2,4294,MOVE,historical,765.5996,1781.0996,740898864782000
2,4295,MOVE,current,763.3496,1782.5996,740898868918000
2,4296,MOVE,historical,761.7002,1783.7002,740898873600000
2,4297,MOVE,current,759.75,1785.0,740898878009000
2,4298,MOVE,historical,757.7998,1786.2002,740898881643000
2,4299,MOVE,current,755.8496,1787.4502,740898885664500
2,4300,MOVE,historical,754.2998,1788.2002,740898890252000
2,4301,MOVE,current,752.5498,1789.2002,740898894556500
2,4302,MOVE,historical,751.0996,1790.0,740898898603000
2,4303,MOVE,current,749.5,1790.9004,740898902778500
2,4304,MOVE,historical,748.2002,1791.7002,740898906794000
2,4305,MOVE,current,746.75,1792.5498,740898910889500
2,4306,MOVE,historical,745.9004,1793.2002,740898915167000
2,4307,MOVE,current,744.75,1793.9502,740898919353500
2,4308,MOVE,historical,744.0,1794.4004,740898923486000
2,4309,MOVE,current,743.0498,1795.0,740898927645500
2,4310,MOVE,historical,742.7002,1795.4004,740898931852000
2,4311,MOVE,current,742.0498,1795.9004,740898936035000
2,4312,MOVE,historical,741.7002,1796.0,740898940528000
2,4313,MOVE,current,741.2002,1796.2998,740898944866000
2,4314,MOVE,historical,740.7998,1796.5996,740898948985000
2,4315,MOVE,current,740.3496,1796.9004,740898953213500
2,4316,MOVE,historical,740.4004,1796.7998,740898957124000
2,4317,MOVE,current,740.2002,1796.9004,740898961193500
2,4318,MOVE,historical,740.2002,1796.9004,740898966000000
2,4319,MOVE,current,740.0996,1796.9502,740898970438000
2,4320,MOVE,historical,740.0996,1797.0,740898974347000
2,4321,MOVE,current,740.0498,1797.0498,740898978520500
2,4322,MOVE,historical,740.0,1797.0,740898982373000
2,4323,MOVE,current,739.9502,1797.0,740898986386000
2,4324,MOVE,current,742.9004,1795.2998,740899066340000
2,4325,MOVE,historical,746.7002,1793.0996,740899074990000
2,4326,MOVE,current,748.5791,1792.0127,740899079266396
2,4327,MOVE,historical,751.0996,1790.5,740899083243000
2,4328,MOVE,current,753.2998,1789.2002,740899087369500
2,4329,MOVE,historical,756.0996,1787.5,740899091796000
2,4330,MOVE,current,758.499,1786.0605,740899095900575
2,4331,MOVE,historical,761.5996,1784.0996,740899100173000
2,4332,MOVE,current,764.2539,1782.46,740899104214503
2,4333,MOVE,historical,767.7998,1780.4004,740899108537000
2,4334,MOVE,current,770.7588,1778.6338,740899112528535
2,4335,MOVE,historical,774.4004,1776.5996,740899117046000
2,4336,MOVE,current,777.3447,1774.9043,740899120842813
2,4337,MOVE,historical,781.5,1772.7002,740899125324000
2,4338,MOVE,current,784.7881,1770.8945,740899129157120
2,4339,MOVE,historical,788.7998,1768.7998,740899133899000
2,4340,MOVE,current,791.8408,1767.1748,740899137471326
2,4341,MOVE,historical,796.4004,1765.0,740899142432000
2,4342,MOVE,current,799.3867,1763.5068,740899145785501
2,4343,MOVE,historical,804.0996,1761.4004,740899150569000
2,4344,MOVE,current,807.43555,1759.8408,740899154094020
2,4345,MOVE,historical,811.5996,1757.9004,740899159123000
2,4346,MOVE,current,814.4756,1756.5586,740899162402346
2,4347,MOVE,historical,818.7002,1754.5,740899167262000
2,4348,MOVE,current,821.709,1753.0596,740899170710806
2,4349,MOVE,historical,825.7998,1751.0,740899175775000
2,4350,MOVE,current,828.51074,1749.6641,740899179024834
2,4351,MOVE,historical,831.9004,1748.2002,740899184245000
2,4352,MOVE,current,834.124,1747.1787,740899187333656
2,4353,MOVE,historical,837.7998,1745.7002,740899192762000
2,4354,MOVE,current,839.7959,1744.8545,740899195642468
2,4355,MOVE,historical,843.2998,1743.5,740899201168000
2,4356,MOVE,current,845.1211,1742.7715,740899203951825
2,4357,MOVE,historical,848.0996,1741.7002,740899209473000
2,4358,MOVE,current,849.7119,1741.0957,740899212261388
2,4359,MOVE,historical,852.5996,1740.0,740899218138000
2,4360,MOVE,current,853.8633,1739.5225,740899220571017
2,4361,MOVE,historical,856.7002,1738.5996,740899226517000
2,4362,MOVE,current,857.8584,1738.2041,740899228883893
2,4363,MOVE,historical,860.9004,1737.0,740899234527000
2,4364,MOVE,current,862.29785,1736.4678,740899237193193
2,4365,MOVE,historical,864.7998,1735.5996,740899243450000
2,4366,MOVE,current,865.6914,1735.2803,740899245489730
2,4367,MOVE,historical,868.5,1734.0996,740899251600000
2,4368,MOVE,current,869.48926,1733.6992,740899253778160
2,4369,MOVE,historical,871.7998,1732.7998,740899260290000
2,4370,MOVE,current,872.47266,1732.5352,740899262060331
2,4371,MOVE,historical,874.7998,1731.7002,740899268533000
2,4372,MOVE,current,875.46484,1731.456,740899270359634
2,4373,MOVE,historical,876.7998,1730.9004,740899277100000
2,4374,MOVE,current,877.16504,1730.7539,740899278661601
2,4375,MOVE,historical,877.4004,1730.5996,740899285027000
2,4376,MOVE,current,877.5469,1730.5264,740899286965830
2,4377,MOVE,current,870.5,1733.0,740899318505000
2,4378,MOVE,historical,859.7002,1736.5996,740899327286000
2,4379,MOVE,current,858.2031,1737.0986,740899328503311
2,4380,MOVE,historical,848.0,1740.9004,740899335368000
2,4381,MOVE,current,845.916,1741.666,740899336807639
2,4382,MOVE,historical,836.2998,1746.0,740899344328000
2,4383,MOVE,current,835.2529,1746.457,740899345130026
2,4384,MOVE,historical,825.0996,1751.4004,740899352285000
2,4385,MOVE,current,823.47754,1752.1826,740899353437851
2,4386,MOVE,historical,815.0996,1756.2998,740899360508000
2,4387,MOVE,current,813.5947,1757.0371,740899361745676
2,4388,MOVE,historical,806.2998,1760.5,740899369394000
2,4389,MOVE,current,805.63965,1760.8154,740899370060749
2,4390,MOVE,historical,798.7998,1763.7998,740899378043000
2,4391,MOVE,current,798.5117,1763.9268,740899378375900
2,4392,MOVE,historical,791.7998,1766.7998,740899386120000
2,4393,MOVE,current,791.3047,1767.0127,740899386691600
2,4394,MOVE,historical,785.5996,1769.4004,740899394421000
2,4395,MOVE,current,785.16113,1769.584,740899395008455
2,4396,MOVE,historical,780.7998,1771.5996,740899402886000
2,4397,MOVE,current,780.5498,1771.7148,740899403327002
2,4398,MOVE,historical,776.0,1773.9004,740899411369000
2,4399,MOVE,current,775.8428,1773.9756,740899411646698
2,4400,MOVE,historical,771.2998,1776.5996,740899419510000
2,4401,MOVE,current,771.03613,1776.752,740899419967693
2,4402,MOVE,historical,767.2002,1779.2998,740899428174000
2,4403,MOVE,current,767.1455,1779.3359,740899428290213
2,4404,MOVE,historical,763.0996,1782.0,740899436529000
2,4405,MOVE,current,763.0576,1782.0273,740899436614544
2,4406,MOVE,historical,759.5,1784.4004,740899444868000
2,4407,MOVE,current,759.47266,1784.418,740899444932252
2,4408,MOVE,historical,756.0,1786.5996,740899453166000
2,4409,MOVE,current,755.9658,1786.6221,740899453247292
2,4410,MOVE,historical,753.0,1788.4004,740899461695000
2,4411,MOVE,current,750.5293,1789.9209,740899469879286
2,4412,MOVE,historical,750.4004,1790.0,740899470308000
2,4413,MOVE,current,748.1377,1791.377,740899478196390
2,4414,MOVE,historical,748.0996,1791.4004,740899478327000
2,4415,MOVE,current,746.10547,1792.6348,740899486514212
2,4416,MOVE,historical,746.0,1792.7002,740899486946000
2,4417,MOVE,current,744.7031,1793.5332,740899494833229
2,4418,MOVE,historical,744.5996,1793.5996,740899495462000
2,4419,MOVE,current,743.56934,1794.2559,740899503154098
2,4420,MOVE,historical,743.5,1794.2998,740899503674000
2,4421,MOVE,current,742.4873,1794.8525,740899511470507
2,4422,MOVE,historical,742.4004,1794.9004,740899512143000
2,4423,MOVE,current,741.6709,1795.3555,740899519786602
2,4424,MOVE,historical,741.5996,1795.4004,740899520527000
2,4425,MOVE,current,741.2002,1795.6504,740899524719000
2,4426,MOVE,historical,741.0996,1795.7002,740899528995000
2,4427,MOVE,current,740.8496,1795.8496,740899533229000
2,4428,MOVE,historical,740.7002,1796.0,740899537448000
2,4429,MOVE,current,740.5,1796.1504,740899541674500
2,4430,MOVE,historical,740.5,1796.0996,740899545826000
2,4431,MOVE,current,740.3262,1796.1875,740899553048871
2,4432,MOVE,historical,740.2998,1796.2002,740899554117000
2,4433,MOVE,current,740.2002,1796.25,740899558262500
2,4434,MOVE,current,743.2002,1794.4004,740899646846000
2,4435,MOVE,historical,747.0996,1792.0996,740899655007000
2,4436,MOVE,current,749.0498,1790.9502,740899659087500
2,4437,MOVE,historical,751.4004,1789.5,740899663468000
2,4438,MOVE,current,753.5498,1788.2002,740899667698500
2,4439,MOVE,historical,756.4004,1786.4004,740899671844000
2,4440,MOVE,current,758.9004,1784.8496,740899676032000
2,4441,MOVE,historical,762.0,1783.0996,740899680278000
2,4442,MOVE,current,764.7998,1781.4502,740899684495000
2,4443,MOVE,historical,768.0,1779.5,740899688850000
2,4444,MOVE,current,771.0,1777.7002,740899693136000
2,4445,MOVE,historical,774.5,1775.9004,740899696984000
2,4446,MOVE,current,777.75,1774.0996,740899701051000
2,4447,MOVE,historical,781.5,1772.2002,740899705677000
2,4448,MOVE,current,785.0,1770.3496,740899710023500
2,4449,MOVE,historical,788.7998,1768.5996,740899714027000
2,4450,MOVE,current,792.4502,1766.7998,740899718202000
2,4451,MOVE,historical,796.4004,1764.9004,740899722262000
2,4452,MOVE,current,800.2002,1763.0498,740899726379500
2,4453,MOVE,historical,804.0996,1761.2002,740899730592000
2,4454,MOVE,current,807.9502,1759.3496,740899734757000
2,4455,MOVE,historical,811.4004,1757.7002,740899739136000
2,4456,MOVE,current,815.0498,1755.9502,740899743408000
2,4457,MOVE,historical,818.4004,1754.2998,740899747295000
2,4458,MOVE,current,821.9004,1752.5996,740899751374500
2,4459,MOVE,historical,824.5996,1751.0996,740899755976000
2,4460,MOVE,current,827.7002,1749.5,740899760316500
2,4461,MOVE,historical,830.4004,1748.2998,740899764328000
2,4462,MOVE,current,833.2998,1746.9004,740899768504000
2,4463,MOVE,historical,835.2998,1745.9004,740899772654000
2,4464,MOVE,current,837.75,1744.7002,740899776817000
2,4465,MOVE,historical,839.9004,1743.9004,740899780984000
2,4466,MOVE,current,842.2002,1742.9004,740899785149000
2,4467,MOVE,historical,844.0996,1742.2998,740899789426000
2,4468,MOVE,current,846.2002,1741.5,740899793647000
2,4469,MOVE,historical,848.2002,1740.9004,740899798072000
2,4470,MOVE,current,850.25,1740.2002,740899802395000
2,4471,MOVE,historical,851.7998,1739.7002,740899806306000
2,4472,MOVE,current,853.5996,1739.0996,740899810423000
2,4473,MOVE,historical,854.7998,1738.5996,740899814773000
2,4474,MOVE,current,856.2998,1738.0498,740899819006500
2,4475,MOVE,historical,858.0996,1737.4004,740899823328000
2,4476,MOVE,current,859.6533,1736.835,740899827355603
2,4477,MOVE,historical,861.2002,1736.4004,740899831438000
2,4478,MOVE,current,862.75,1735.9004,740899835493000
2,4479,MOVE,historical,864.2002,1735.2998,740899840198000
2,4480,MOVE,current,865.4961,1734.8242,740899843983891
2,4481,MOVE,historical,867.0,1734.2998,740899848363000
2,4482,MOVE,current,868.3496,1733.8184,740899852299036
2,4483,MOVE,historical,869.7002,1733.2998,740899856866000
2,4484,MOVE,current,870.8906,1732.8594,740899860614936
2,4485,MOVE,historical,871.2002,1732.7002,740899865499000
2,4486,MOVE,current,871.7969,1732.4619,740899868931539
2,4487,MOVE,historical,871.5996,1732.5996,740899873772000
2,4488,MOVE,current,871.76855,1732.5576,740899877248872
2,4489,MOVE,current,871.5,1732.5996,740899907641000
2,4490,MOVE,historical,865.2002,1735.0996,740899915728000
2,4491,MOVE,current,862.791,1736.0557,740899918820622
2,4492,MOVE,historical,857.7998,1737.7002,740899924136000
2,4493,MOVE,current,855.1553,1738.6289,740899927140482
2,4494,MOVE,historical,850.0996,1740.5,740899932501000
2,4495,MOVE,current,847.38184,1741.4883,740899935454280
2,4496,MOVE,historical,842.2002,1743.5996,740899940614000
2,4497,MOVE,current,839.1211,1744.8086,740899943776260
2,4498,MOVE,historical,834.4004,1747.2002,740899949062000
2,4499,MOVE,current,831.59766,1748.4932,740899952096847
2,4500,MOVE,historical,826.9004,1751.0996,740899957512000
2,4501,MOVE,current,824.3262,1752.4385,740899960411494
2,4502,MOVE,historical,819.5,1754.7998,740899966216000
2,4503,MOVE,current,817.3613,1755.8691,740899968731202
2,4504,MOVE,historical,811.9004,1758.5,740899974767000
2,4505,MOVE,current,809.874,1759.4863,740899977046179
2,4506,MOVE,historical,804.7002,1761.5996,740899982860000
2,4507,MOVE,current,802.4756,1762.5576,740899985360888
2,4508,MOVE,historical,798.0,1764.4004,740899991317000
2,4509,MOVE,current,796.1455,1765.1748,740899993657557
2,4510,MOVE,historical,791.9004,1766.9004,740899999548000
2,4511,MOVE,current,790.1035,1767.6357,740900001971729
2,4512,MOVE,historical,786.7002,1769.2002,740900008070000
2,4513,MOVE,current,785.35645,1769.794,740900010272134
2,4514,MOVE,historical,782.0996,1771.4004,740900016513000
2,4515,MOVE,current,780.9707,1771.9404,740900018585716
2,4516,MOVE,historical,777.5996,1773.7002,740900024837000
2,4517,MOVE,current,776.49023,1774.2666,740900026888948
2,4518,MOVE,historical,773.5996,1775.7998,740900033234000
2,4519,MOVE,current,772.666,1776.29,740900035195264
2,4520,MOVE,historical,769.9004,1778.0,740900041992000
2,4521,MOVE,current,769.2617,1778.3799,740900043503683
2,4522,MOVE,historical,766.2998,1780.4004,740900050340000
2,4523,MOVE,current,765.66504,1780.8232,740900051813539
2,4524,MOVE,historical,763.0996,1782.7002,740900059657000
2,4525,MOVE,current,762.93945,1782.8154,740900060124213
2,4526,MOVE,historical,760.2998,1784.7998,740900067177000
2,4527,MOVE,current,759.83105,1785.1514,740900068435464
2,4528,MOVE,historical,758.0996,1786.2998,740900075366000
2,4529,MOVE,current,757.7285,1786.5527,740900076747311
2,4530,MOVE,historical,756.0996,1787.5,740900083793000
2,4531,MOVE,current,755.7998,1787.6807,740900085059517
2,4532,MOVE,historical,754.2998,1788.7002,740900092188000
2,4533,MOVE,current,754.0459,1788.8691,740900093372182
2,4534,MOVE,historical,752.7002,1789.7002,740900100657000
2,4535,MOVE,current,752.50586,1789.8213,740900101685277
2,4536,MOVE,historical,751.5996,1790.4004,740900108930000
2,4537,MOVE,current,751.458,1790.4902,740900109998845
2,4538,MOVE,historical,750.9004,1790.9004,740900117714000
2,4539,MOVE,current,750.85254,1790.9336,740900118312949
2,4540,MOVE,historical,750.2998,1791.2002,740900125798000
2,4541,MOVE,current,750.2383,1791.2305,740900126627922
2,4542,MOVE,historical,749.7998,1791.5,740900134384000
2,4543,MOVE,current,749.7676,1791.5195,740900134943835
2,4544,MOVE,historical,749.2998,1791.7998,740900142715000
2,4545,MOVE,current,749.2676,1791.8193,740900143262562
2,4546,MOVE,historical,748.9004,1792.0,740900151050000
2,4547,MOVE,current,748.874,1792.0127,740900151582865
2,4548,MOVE,historical,748.0996,1792.4004,740900159350000
2,4549,MOVE,current,748.0469,1792.4268,740900159905100
2,4550,MOVE,historical,747.5996,1792.7002,740900167851000
2,4551,MOVE,current,747.5781,1792.7129,740900168229182
2,4552,MOVE,historical,747.0996,1793.0,740900176253000
2,4553,MOVE,current,747.083,1793.0107,740900176543314
2,4554,MOVE,historical,746.7002,1793.2002,740900184787000
2,4555,MOVE,current,746.6963,1793.2012,740900184857161
2,4556,MOVE,historical,746.4004,1793.4004,740900192964000
2,4557,MOVE,current,746.3926,1793.4053,740900193170694
2,4558,MOVE,historical,746.2002,1793.5996,740900201403000
2,4559,MOVE,current,746.19824,1793.6016,740900201484077
2,4560,MOVE,historical,745.9004,1793.7002,740900209980000
2,4561,MOVE,current,745.75,1793.75,740900214268500
2,4562,MOVE,historical,747.0,1793.0,740900302623000
2,4563,MOVE,current,750.1328,1790.9111,740900309567673
2,4564,MOVE,historical,750.5996,1790.5996,740900310603000
2,4565,MOVE,current,752.4004,1789.4004,740900314593000
2,4566,MOVE,historical,754.7998,1787.9004,740900319084000
2,4567,MOVE,current,756.9004,1786.5498,740900323324500
2,4568,MOVE,historical,759.5996,1784.9004,740900327829000
2,4569,MOVE,current,762.0,1783.4004,740900332201500
2,4570,MOVE,historical,764.9004,1781.7002,740900336196000
2,4571,MOVE,current,767.5498,1780.0996,740900340379500
2,4572,MOVE,historical,770.5996,1778.2998,740900344433000
2,4573,MOVE,current,775.1865,1775.7354,740900351086840
2,4574,MOVE,historical,776.5,1775.0,740900352993000
2,4575,MOVE,current,779.4502,1773.3506,740900357273000
2,4576,MOVE,historical,782.9004,1771.5996,740900361239000
2,4577,MOVE,current,786.0996,1769.9004,740900365362000
2,4578,MOVE,historical,789.5996,1768.2998,740900369971000
2,4579,MOVE,current,792.9502,1766.6504,740900374337000
2,4580,MOVE,historical,796.2002,1765.2002,740900378215000
2,4581,MOVE,current,799.5,1763.6504,740900382337000
2,4582,MOVE,historical,802.9004,1762.2998,740900386489000
2,4583,MOVE,current,806.25,1760.8496,740900390626000
2,4584,MOVE,historical,809.5,1759.2998,740900394973000
2,4585,MOVE,current,812.7998,1757.7998,740900399215000
2,4586,MOVE,historical,815.5,1756.4004,740900403444000
2,4587,MOVE,current,818.5,1754.9502,740900407679500
2,4588,MOVE,historical,820.9004,1753.7998,740900411791000
2,4589,MOVE,current,823.5996,1752.5,740900415964500
2,4590,MOVE,historical,825.7998,1751.2998,740900420250000
2,4591,MOVE,current,828.25,1750.0498,740900424479500
2,4592,MOVE,historical,829.7998,1749.2002,740900428530000
2,4593,MOVE,current,831.7998,1748.1504,740900432670000
2,4594,MOVE,historical,833.7998,1747.2998,740900436926000
2,4595,MOVE,current,835.7998,1746.3496,740900441124000
2,4596,MOVE,historical,837.0996,1745.7002,740900445208000
2,4597,MOVE,current,838.75,1744.9004,740900449349000
2,4598,MOVE,historical,840.4004,1744.2998,740900453575000
2,4599,MOVE,current,842.0498,1743.5996,740900457758500
2,4600,MOVE,historical,843.2998,1743.0,740900462457000
2,4601,MOVE,current,844.75,1742.3506,740900466898000
2,4602,MOVE,historical,845.0,1742.2998,740900470622000
2,4603,MOVE,current,845.8496,1741.9502,740900474704500
2,4604,MOVE,historical,845.4004,1742.0996,740900478968000
2,4605,MOVE,current,845.5996,1742.0,740900483141000
2,4606,MOVE,current,844.2998,1742.5,740900537941000
2,4607,MOVE,historical,841.2998,1744.0,740900546153000
2,4608,MOVE,current,839.7998,1744.75,740900550259000
2,4609,MOVE,historical,838.2998,1745.5,740900554547000
2,4610,MOVE,current,836.7998,1746.25,740900558744000
2,4611,MOVE,historical,835.2998,1747.0,740900562828000
2,4612,MOVE,current,833.7998,1747.75,740900566968500
2,4613,MOVE,historical,832.0,1748.5996,740900571210000
2,4614,MOVE,current,830.3496,1749.4004,740900575401000
2,4615,MOVE,historical,828.4004,1750.2998,740900579730000
2,4616,MOVE,current,826.6758,1751.1143,740900583811558
2,4617,MOVE,historical,824.5,1752.5,740900588228000
2,4618,MOVE,current,822.708,1753.5107,740900592132356
2,4619,MOVE,historical,820.2002,1754.7002,740900596576000
2,4620,MOVE,current,818.2031,1755.7217,740900600452756
2,4621,MOVE,historical,816.0,1756.9004,740900605175000
2,4622,MOVE,current,814.2422,1757.8203,740900608773083
2,4623,MOVE,historical,811.7998,1759.0,740900613267000
2,4624,MOVE,current,809.8174,1759.9912,740900617086977
2,4625,MOVE,historical,807.9004,1760.7998,740900622304000
2,4626,MOVE,current,806.56055,1761.418,740900625407966
2,4627,MOVE,historical,804.5,1762.4004,740900630247000
2,4628,MOVE,current,803.01074,1763.1006,740900633725847
2,4629,MOVE,historical,801.7002,1763.7002,740900638572000
2,4630,MOVE,current,800.5332,1764.2412,740900642039944
2,4631,MOVE,historical,799.2002,1764.7998,740900647242000
2,4632,MOVE,current,798.30273,1765.1943,740900650353299
2,4633,MOVE,historical,797.5,1765.5996,740900655543000
2,4634,MOVE,current,796.86035,1765.9014,740900658667906
2,4635,MOVE,historical,796.2998,1766.4004,740900663764000
2,4636,MOVE,current,795.8301,1766.7129,740900666981379
2,4637,MOVE,historical,795.5996,1766.9004,740900672419000
2,4638,MOVE,current,795.3672,1767.0664,740900675294898
2,4639,MOVE,historical,794.2998,1767.9004,740900689064000
2,4640,MOVE,current,794.0762,1768.0723,740900691929680
2,4641,MOVE,historical,793.7998,1768.0996,740900697494000
2,4642,MOVE,current,793.6367,1768.165,740900700244423
2,4643,UP,current,793.7998,1768.0996,740900705893000
3,4644,DOWN,current,876.9004,1734.9004,740904047838000
3,4645,MOVE,historical,876.2998,1735.0996,740904316781000
3,4646,MOVE,historical,875.2998,1735.5,740904324873000
3,4647,MOVE,current,875.2285,1735.5283,740904325452324
3,4648,MOVE,historical,874.2998,1735.7998,740904333287000
3,4649,MOVE,current,874.26953,1735.8096,740904333543328
3,4650,MOVE,historical,873.2998,1736.2002,740904341615000
3,4651,MOVE,current,873.26855,1736.2129,740904341876661
3,4652,MOVE,historical,872.4004,1736.5,740904350117000
3,4653,MOVE,current,872.3906,1736.5029,740904350209994
3,4654,MOVE,historical,871.5,1736.7998,740904358368000
3,4655,MOVE,current,871.48047,1736.8066,740904358543327
3,4656,MOVE,historical,870.5,1737.0996,740904367403000
3,4657,MOVE,current,869.7217,1737.3916,740904375117328
3,4658,MOVE,historical,869.7002,1737.4004,740904375336000
3,4659,MOVE,current,868.8789,1737.6738,740904383450661
3,4660,MOVE,historical,868.7998,1737.7002,740904384228000
3,4661,MOVE,current,868.03613,1737.9863,740904391783994
3,4662,MOVE,historical,868.0,1738.0,740904392142000
3,4663,MOVE,current,867.5996,1738.1504,740904396099000
3,4664,MOVE,historical,867.2998,1738.2002,740904400948000
3,4665,MOVE,current,866.9502,1738.2998,740904405351000
3,4666,MOVE,historical,866.5996,1738.5,740904409248000
3,4667,MOVE,current,866.25,1738.6504,740904413398000
3,4668,MOVE,historical,865.9004,1738.7002,740904417450000
3,4669,MOVE,current,865.5498,1738.7998,740904421551000
3,4670,MOVE,historical,865.2002,1739.0,740904426061000
3,4671,MOVE,current,864.49316,1739.1768,740904433233574
3,4672,MOVE,historical,864.4004,1739.2002,740904434175000
3,4673,MOVE,current,864.0,1739.2998,740904438232000
3,4674,MOVE,historical,863.5996,1739.5,740904442700000
3,4675,MOVE,current,863.2002,1739.6504,740904446962500
3,4676,MOVE,historical,862.9004,1739.7998,740904451061000
3,4677,MOVE,current,862.5498,1739.9502,740904455241500
3,4678,MOVE,historical,862.0996,1740.0996,740904459331000
3,4679,MOVE,current,861.7002,1740.25,740904463466000
3,4680,MOVE,historical,861.2998,1740.2998,740904467756000
3,4681,MOVE,current,860.9004,1740.4004,740904471968500
3,4682,MOVE,historical,860.5,1740.5996,740904476355000
3,4683,MOVE,current,860.0996,1740.75,740904480654500
3,4684,MOVE,historical,859.7998,1740.9004,740904484720000
3,4685,MOVE,current,859.4502,1741.0498,740904488902500
3,4686,MOVE,historical,859.0996,1741.0996,740904493182000
3,4687,MOVE,current,858.75,1741.2002,740904497413000
3,4688,MOVE,historical,858.2998,1741.4004,740904501545000
3,4689,MOVE,current,857.9004,1741.5498,740904505726500
3,4690,MOVE,historical,857.5,1741.5996,740904510080000
3,4691,MOVE,current,857.0996,1741.7002,740904514347500
3,4692,MOVE,historical,856.7002,1741.9004,740904518348000
3,4693,MOVE,current,856.2998,1742.0498,740904522482000
3,4694,MOVE,historical,855.9004,1742.2002,740904526680000
3,4695,MOVE,current,855.5,1742.3496,740904530846000
3,4696,MOVE,historical,855.0996,1742.5,740904535366000
3,4697,MOVE,current,854.7002,1742.6504,740904539709000
3,4698,MOVE,historical,854.4004,1742.7998,740904543444000
3,4699,MOVE,current,854.0498,1742.9502,740904547483000
3,4700,MOVE,historical,853.5996,1743.0,740904551968000
3,4701,MOVE,current,853.2002,1743.1006,740904556230000
3,4702,MOVE,historical,852.7998,1743.2998,740904560216000
3,4703,MOVE,current,852.4004,1743.4502,740904564340000
3,4704,MOVE,historical,852.0996,1743.5996,740904568789000
3,4705,MOVE,current,851.75,1743.75,740904573075500
3,4706,MOVE,historical,851.2998,1743.9004,740904577153000
3,4707,MOVE,current,850.9004,1744.0498,740904581335000
3,4708,MOVE,historical,850.5996,1744.0996,740904585683000
3,4709,MOVE,current,850.25,1744.2002,740904589948000
3,4710,MOVE,historical,849.9004,1744.4004,740904594068000
3,4711,MOVE,current,849.5498,1744.5498,740904598260500
3,4712,MOVE,historical,849.0996,1744.7002,740904602266000
3,4713,MOVE,current,848.7002,1744.8496,740904606365000
3,4714,MOVE,historical,848.4004,1744.9004,740904610696000
3,4715,MOVE,current,848.0498,1745.0,740904614911000
3,4716,MOVE,historical,847.7002,1745.2002,740904619289000
3,4717,MOVE,current,847.3496,1745.3496,740904623585500
3,4718,MOVE,historical,847.0,1745.5,740904627432000
3,4719,MOVE,current,846.6504,1745.6504,740904631503500
3,4720,MOVE,historical,846.2998,1745.7998,740904635875000
3,4721,MOVE,current,845.9502,1745.9502,740904640096500
3,4722,MOVE,historical,845.5996,1746.0996,740904644698000
3,4723,MOVE,current,845.25,1746.25,740904649109500
3,4724,MOVE,historical,844.9004,1746.4004,740904652954000
3,4725,MOVE,current,844.5498,1746.5498,740904657082000
3,4726,MOVE,historical,844.2998,1746.5996,740904660976000
3,4727,MOVE,current,844.0,1746.7002,740904664987000
3,4728,MOVE,historical,843.7002,1746.9004,740904670269000
3,4729,MOVE,current,843.43945,1747.0303,740904674299909
3,4730,MOVE,historical,843.2002,1747.0996,740904678020000
3,4731,MOVE,current,842.9502,1747.2002,740904681895500
3,4732,MOVE,historical,842.5996,1747.4004,740904686249000
3,4733,MOVE,current,842.2998,1747.5498,740904690363500
3,4734,MOVE,historical,842.0996,1747.5996,740904694697000
3,4735,MOVE,current,841.8496,1747.7002,740904698921000
3,4736,MOVE,historical,841.5996,1747.7998,740904703032000
3,4737,MOVE,current,841.3496,1747.9004,740904707199500
3,4738,MOVE,historical,841.0996,1748.0996,740904711641000
3,4739,MOVE,current,840.8545,1748.2471,740904715872160
3,4740,MOVE,historical,840.5,1748.4004,740904719830000
3,4741,MOVE,current,840.2002,1748.5498,740904723924500
3,4742,MOVE,historical,840.0,1748.7002,740904728315000
3,4743,MOVE,current,839.7539,1748.8477,740904732495667
3,4744,MOVE,historical,839.4004,1749.0,740904736959000
3,4745,MOVE,current,839.1328,1749.1338,740904740807837
3,4746,MOVE,historical,838.7002,1749.2998,740904745514000
3,4747,MOVE,current,838.4053,1749.4268,740904749120227
3,4748,MOVE,historical,838.0996,1749.7002,740904753670000
3,4749,MOVE,current,837.82324,1749.8848,740904757432815
3,4750,MOVE,historical,837.5,1750.0,740904762066000
3,4751,MOVE,current,837.2373,1750.1318,740904765745300
3,4752,MOVE,historical,836.9004,1750.4004,740904770533000
3,4753,MOVE,current,836.6504,1750.5664,740904774057702
3,4754,MOVE,historical,836.2998,1750.7002,740904778984000
3,4755,MOVE,current,836.0596,1750.8203,740904782370086
3,4756,MOVE,historical,835.7998,1751.0996,740904787488000
3,4757,MOVE,current,835.6123,1751.25,740904790682625
3,4758,MOVE,historical,835.2998,1751.4004,740904795605000
3,4759,MOVE,current,835.0908,1751.5254,740904798995056
3,4760,MOVE,historical,834.7002,1751.7002,740904804133000
3,4761,MOVE,current,834.47656,1751.8115,740904807307552
3,4762,MOVE,historical,834.2002,1752.0,740904812695000
3,4763,MOVE,current,834.0293,1752.1025,740904815620113
3,4764,MOVE,historical,833.7002,1752.2998,740904820738000
3,4765,MOVE,current,833.501,1752.419,740904823932933
3,4766,MOVE,historical,833.2002,1752.5996,740904829199000
3,4767,MOVE,current,833.01953,1752.708,740904832245586
3,4768,MOVE,historical,832.7998,1752.9004,740904837847000
3,4769,MOVE,current,832.6748,1752.9941,740904840558870
3,4770,MOVE,historical,832.2998,1753.2002,740904845863000
3,4771,MOVE,current,832.1123,1753.3125,740904848871566
3,4772,MOVE,historical,831.9004,1753.4004,740904854470000
3,4773,MOVE,current,831.77344,1753.4629,740904857185287
3,4774,MOVE,historical,831.5,1753.7002,740904863017000
3,4775,MOVE,current,831.3838,1753.7871,740904865498047
3,4776,MOVE,historical,831.0996,1754.0,740904872263000
3,4777,MOVE,current,831.0332,1754.0508,740904873812297
3,4778,MOVE,historical,830.7002,1754.2002,740904879940000
3,4779,MOVE,current,830.58594,1754.2568,740904882126897
3,4780,MOVE,historical,830.4004,1754.5,740904888246000
3,4781,MOVE,current,830.3203,1754.5791,740904890441520
3,4782,MOVE,historical,830.0,1754.7998,740904896640000
3,4783,MOVE,current,829.8994,1754.876,740904898754551
3,4784,MOVE,historical,829.5996,1755.0,740904905048000
3,4785,MOVE,current,829.5039,1755.0479,740904907069040
3,4786,MOVE,historical,829.2002,1755.2998,740904913355000
3,4787,MOVE,current,829.10254,1755.373,740904915383792
3,4788,MOVE,historical,828.7998,1755.5996,740904921720000
3,4789,MOVE,current,828.7051,1755.6709,740904923698557
3,4790,MOVE,historical,828.4004,1755.9004,740904930273000
3,4791,MOVE,current,828.31836,1755.9609,740904932013642
3,4792,MOVE,historical,828.0,1756.2002,740904938641000
3,4793,MOVE,current,827.91895,1756.2607,740904940328894
3,4794,MOVE,historical,827.5996,1756.4004,740904947165000
3,4795,MOVE,current,827.53125,1756.4346,740904948637353
3,4796,MOVE,historical,827.2998,1756.7002,740904955436000
3,4797,MOVE,current,827.2451,1756.7549,740904956946812
3,4798,MOVE,historical,827.0,1756.9004,740904963909000
3,4799,MOVE,current,826.95215,1756.9316,740904965256775
3,4800,MOVE,historical,826.7002,1757.0996,740904972714000
3,4801,MOVE,current,826.6709,1757.1191,740904973567308
3,4802,MOVE,historical,826.4004,1757.2998,740904980709000
3,4803,MOVE,current,826.35645,1757.3291,740904981877714
3,4804,MOVE,historical,826.2002,1757.5,740904989229000
3,4805,MOVE,current,826.17773,1757.5225,740904990188427
3,4806,MOVE,historical,825.9004,1757.7002,740904997518000
3,4807,MOVE,current,825.86426,1757.7236,740904998499431
3,4808,MOVE,historical,825.5996,1757.7998,740905006198000
3,4809,MOVE,current,825.5791,1757.8066,740905006810917
3,4810,MOVE,historical,825.4004,1758.0,740905014360000
3,4811,MOVE,current,825.38086,1758.0186,740905015122670
3,4812,MOVE,historical,825.2002,1758.0996,740905022696000
3,4813,MOVE,current,825.1826,1758.1094,740905023434687
3,4814,MOVE,historical,824.9004,1758.2998,740905031047000
3,4815,MOVE,current,824.875,1758.3164,740905031746916
3,4816,MOVE,historical,824.7998,1758.4004,740905039719000
3,4817,MOVE,current,824.7959,1758.4043,740905040059686
3,4818,MOVE,historical,824.5,1758.5996,740905047675000
3,4819,MOVE,current,824.47363,1758.6172,740905048366073
3,4820,MOVE,historical,824.2998,1758.7002,740905056270000
3,4821,MOVE,current,824.291,1758.7051,740905056673518
3,4822,MOVE,historical,824.0996,1758.7998,740905064877000
3,4823,MOVE,current,824.09766,1758.8008,740905064982077
3,4824,MOVE,historical,823.9004,1759.0,740905073142000
3,4825,MOVE,current,823.8965,1759.0039,740905073291629
3,4826,MOVE,historical,823.5996,1759.2002,740905081563000
3,4827,MOVE,current,823.59863,1759.2012,740905081602864
3,4828,MOVE,historical,823.2998,1759.2998,740905089775000
3,4829,MOVE,current,823.2949,1759.3018,740905089915345
3,4830,MOVE,historical,823.0996,1759.5,740905098539000
3,4831,MOVE,current,822.8086,1759.6943,740905106544418
3,4832,MOVE,historical,822.7998,1759.7002,740905106785000
3,4833,MOVE,current,822.5137,1759.8906,740905114855943
3,4834,MOVE,historical,822.5,1759.9004,740905115247000
3,4835,MOVE,current,822.2178,1760.0889,740905123168175
3,4836,MOVE,historical,822.2002,1760.0996,740905123654000
3,4837,MOVE,current,821.9209,1760.2861,740905131480776
3,4838,MOVE,historical,821.9004,1760.2998,740905132076000
3,4839,MOVE,current,821.624,1760.4844,740905139794015
3,4840,MOVE,historical,821.5996,1760.5,740905140470000
3,4841,MOVE,current,821.3262,1760.6826,740905148107499
3,4842,MOVE,historical,821.2998,1760.7002,740905148837000
3,4843,MOVE,current,820.9297,1760.8848,740905156421426
3,4844,MOVE,historical,820.9004,1760.9004,740905157040000
3,4845,MOVE,current,820.626,1761.1738,740905164736033
3,4846,MOVE,historical,820.5996,1761.2002,740905165477000
3,4847,MOVE,current,820.334,1761.3779,740905173051326
3,4848,MOVE,historical,820.2998,1761.4004,740905174009000
3,4849,MOVE,current,820.1504,1761.5,740905178275000
3,4850,MOVE,historical,820.0,1761.5,740905182511000
3,4851,MOVE,current,819.73926,1761.6738,740905189683970
3,4852,MOVE,historical,819.7002,1761.7002,740905190758000
3,4853,MOVE,current,819.4424,1761.8711,740905198001424
3,4854,MOVE,historical,819.4004,1761.9004,740905199207000
3,4855,MOVE,current,819.25,1762.0,740905203431500
3,4856,MOVE,historical,819.0996,1762.0,740905207543000
3,4857,MOVE,current,818.9502,1762.0498,740905211711000
3,4858,MOVE,historical,818.7998,1762.2002,740905216203000
3,4859,MOVE,current,818.6504,1762.2998,740905220533000
3,4860,MOVE,historical,818.5,1762.4004,740905224546000
3,4861,MOVE,current,818.3496,1762.5,740905228717500
3,4862,MOVE,historical,818.2998,1762.5,740905233130000
3,4863,MOVE,current,818.2002,1762.5498,740905237422000
3,4864,MOVE,historical,818.0,1762.7002,740905241231000
3,4865,MOVE,current,817.8496,1762.7998,740905245281500
3,4866,MOVE,historical,817.7002,1762.7998,740905249924000
3,4867,MOVE,current,817.5498,1762.8496,740905254270500
3,4868,MOVE,historical,817.5,1762.9004,740905258247000
3,4869,MOVE,current,817.4004,1762.9502,740905262408500
3,4870,MOVE,historical,817.2998,1763.0,740905266571000
3,4871,MOVE,current,817.2002,1763.0498,740905270733000
3,4872,MOVE,historical,817.0,1763.2002,740905274826000
3,4873,MOVE,current,816.8496,1763.2998,740905278953500
3,4874,MOVE,historical,816.7998,1763.2998,740905283075000
3,4875,MOVE,current,816.7002,1763.3496,740905287199500
3,4876,MOVE,historical,816.5996,1763.4004,740905291583000
3,4877,MOVE,current,816.5,1763.4502,740905295837000
3,4878,MOVE,historical,816.2998,1763.5,740905300716000
3,4879,MOVE,current,816.1504,1763.5498,740905305282500
3,4880,MOVE,historical,816.0996,1763.5996,740905308753000
3,4881,MOVE,current,816.0,1763.6504,740905312771500
3,4882,MOVE,historical,815.7998,1763.7998,740905316852000
3,4883,MOVE,current,815.6504,1763.9004,740905320901500
3,4884,MOVE,historical,815.5996,1763.9004,740905325766000
3,4885,MOVE,current,815.5,1763.9502,740905330223000
3,4886,MOVE,historical,815.2998,1764.0996,740905333938000
3,4887,MOVE,current,815.1504,1764.2002,740905338024000
3,4888,MOVE,historical,815.0996,1764.2002,740905342176000
3,4889,MOVE,current,815.0,1764.25,740905346295000
3,4890,MOVE,historical,814.7998,1764.2998,740905350384000
3,4891,MOVE,current,814.6504,1764.3496,740905354488000
3,4892,MOVE,historical,814.5996,1764.5,740905358895000
3,4893,MOVE,current,814.5,1764.6006,740905363150500
3,4894,MOVE,historical,814.2998,1764.5996,740905367498000
3,4895,MOVE,current,814.1504,1764.6504,740905371799500
3,4896,MOVE,historical,814.0,1764.7002,740905375787000
3,4897,MOVE,current,813.8496,1764.75,740905379931500
3,4898,MOVE,historical,813.7998,1764.7998,740905384191000
3,4899,MOVE,current,813.7002,1764.8496,740905388393000
3,4900,MOVE,historical,813.5,1765.0,740905392842000
3,4901,MOVE,current,813.3496,1765.1006,740905397167500
3,4902,MOVE,historical,813.2002,1765.0996,740905400956000
3,4903,MOVE,current,813.0498,1765.1504,740905405013000
3,4904,MOVE,historical,813.0,1765.2002,740905409613000
3,4905,MOVE,current,812.9004,1765.25,740905413941500
3,4906,MOVE,historical,812.7002,1765.4004,740905417777000
3,4907,MOVE,current,812.5498,1765.5,740905421859000
3,4908,MOVE,historical,812.4004,1765.5,740905426101000
3,4909,MOVE,current,812.25,1765.5498,740905430263000
3,4910,MOVE,historical,812.0996,1765.5996,740905434627000
3,4911,MOVE,current,811.9502,1765.6504,740905438890000
3,4912,MOVE,historical,811.9004,1765.7998,740905442882000
3,4913,MOVE,current,811.7998,1765.9004,740905447009500
3,4914,MOVE,historical,811.5,1765.9004,740905451252000
3,4915,MOVE,current,811.2998,1765.9502,740905455437000
3,4916,MOVE,historical,811.2002,1766.0,740905459810000
3,4917,MOVE,current,811.05176,1766.0498,740905464049173
3,4918,MOVE,historical,810.9004,1766.2002,740905468520000
3,4919,MOVE,current,810.7676,1766.2881,740905472362230
3,4920,MOVE,historical,810.5996,1766.2998,740905476734000
3,4921,MOVE,current,810.45605,1766.3477,740905480675571
3,4922,MOVE,historical,810.2998,1766.5,740905485222000
3,4923,MOVE,current,810.167,1766.5889,740905488989015
3,4924,MOVE,historical,810.0,1766.5996,740905493692000
3,4925,MOVE,current,809.8721,1766.6426,740905497302618
3,4926,MOVE,historical,809.7002,1766.7002,740905501813000
3,4927,MOVE,current,809.5596,1766.7471,740905505616396
3,4928,MOVE,historical,809.4004,1766.7998,740905510235000
3,4929,MOVE,current,809.26855,1766.8438,740905513930463
3,4930,MOVE,historical,809.0996,1766.9004,740905518901000
3,4931,MOVE,current,808.9844,1766.9385,740905522244740
3,4932,MOVE,historical,808.7998,1767.0996,740905527048000
3,4933,MOVE,current,808.6709,1767.1865,740905530551891
3,4934,MOVE,historical,808.4004,1767.2002,740905535608000
3,4935,MOVE,current,808.24805,1767.2383,740905538859494
3,4936,MOVE,historical,808.2002,1767.2998,740905543786000
3,4937,MOVE,current,808.1172,1767.3418,740905547171987
3,4938,MOVE,historical,807.7998,1767.4004,740905552242000
3,4939,MOVE,current,807.6465,1767.4385,740905555479940
3,4940,MOVE,historical,807.5,1767.5996,740905561032000
3,4941,MOVE,current,807.40625,1767.6631,740905563789197
3,4942,MOVE,historical,807.2998,1767.7002,740905569029000
3,4943,MOVE,current,807.22363,1767.7383,740905572099490
3,4944,MOVE,historical,807.0,1767.7998,740905577423000
3,4945,MOVE,current,806.89355,1767.8359,740905580411403
3,4946,MOVE,historical,806.7998,1767.9004,740905586515000
3,4947,MOVE,current,806.751,1767.9238,740905588722373
3,4948,MOVE,historical,806.5,1768.0,740905594213000
3,4949,MOVE,current,806.38965,1768.0371,740905597034213
3,4950,MOVE,historical,806.2002,1768.0996,740905602842000
3,4951,MOVE,current,806.1133,1768.1289,740905605346827
3,4952,MOVE,historical,806.0,1768.0996,740905611385000
3,4953,MOVE,current,805.9463,1768.0996,740905613659803
3,4954,MOVE,historical,805.7002,1768.2002,740905619453000
3,4955,MOVE,current,805.60645,1768.2314,740905621971657
3,4956,MOVE,historical,805.5,1768.2998,740905628233000
3,4957,MOVE,current,805.4531,1768.3232,740905630285012
3,4958,MOVE,historical,805.2998,1768.4004,740905636646000
3,4959,MOVE,current,805.2539,1768.4229,740905638596918
3,4960,MOVE,historical,805.0,1768.5,740905644679000
3,4961,MOVE,current,804.917,1768.5283,740905646911813
3,4962,MOVE,historical,804.7002,1768.5996,740905653253000
3,4963,MOVE,current,804.63086,1768.623,740905655228477
3,4964,MOVE,historical,804.4004,1768.7002,740905661744000
3,4965,MOVE,current,804.33594,1768.7217,740905663545083
3,4966,MOVE,historical,804.0996,1768.7998,740905670724000
3,4967,MOVE,current,804.0615,1768.8125,740905671861812
3,4968,MOVE,historical,803.9004,1768.9004,740905678800000
3,4969,MOVE,current,803.8662,1768.917,740905680178803
3,4970,MOVE,historical,803.5996,1769.0,740905686666000
3,4971,MOVE,current,803.5303,1769.0234,740905688488966
3,4972,MOVE,historical,803.2998,1769.2002,740905695248000
3,4973,MOVE,current,803.2461,1769.2363,740905696800036
3,4974,MOVE,historical,803.0,1769.2998,740905703658000
3,4975,MOVE,current,802.94824,1769.3174,740905705112049
3,4976,MOVE,historical,802.7002,1769.4004,740905712268000
3,4977,MOVE,current,802.66016,1769.4131,740905713424748
3,4978,MOVE,historical,802.4004,1769.5,740905720828000
3,4979,MOVE,current,802.36816,1769.5107,740905721738110
3,4980,MOVE,historical,802.2002,1769.5,740905729005000
3,4981,MOVE,current,802.1748,1769.5,740905730048290
3,4982,MOVE,historical,802.0,1769.5996,740905737256000
3,4983,MOVE,current,801.97266,1769.6133,740905738365144
3,4984,MOVE,historical,801.7998,1769.7002,740905746222000
3,4985,MOVE,current,801.79004,1769.7051,740905746682037
3,4986,MOVE,historical,801.7002,1769.7002,740905754522000
3,4987,MOVE,current,801.69434,1769.7002,740905754999205
3,4988,MOVE,historical,801.4004,1769.7998,740905762713000
3,4989,MOVE,current,801.3779,1769.8076,740905763316509
3,4990,MOVE,historical,801.2002,1769.9004,740905770735000
3,4991,MOVE,current,801.17773,1769.9111,740905771633883
3,4992,MOVE,historical,800.9004,1770.0,740905779138000
3,4993,MOVE,current,800.8711,1770.0098,740905779951547
3,4994,MOVE,historical,800.7002,1770.0,740905787727000
3,4995,MOVE,current,800.6875,1770.0,740905788269587
3,4996,MOVE,historical,800.5,1770.0996,740905795959000
3,4997,MOVE,current,800.4844,1770.1074,740905796588045
3,4998,MOVE,historical,800.2002,1770.2002,740905804534000
3,4999,MOVE,current,800.1865,1770.2041,740905804906664
3,5000,MOVE,historical,800.0,1770.2998,740905812973000
3,5001,MOVE,current,799.99414,1770.3027,740905813225401
3,5002,MOVE,historical,799.7002,1770.4004,740905821334000
3,5003,MOVE,current,799.6924,1770.4023,740905821544315
3,5004,MOVE,historical,799.4004,1770.5,740905829681000
3,5005,MOVE,current,799.39355,1770.502,740905829863229
3,5006,MOVE,historical,799.0996,1770.5996,740905838119000
3,5007,MOVE,current,799.09766,1770.6006,740905838182418
3,5008,MOVE,historical,798.9004,1770.5996,740905846405000
3,5009,MOVE,current,798.89746,1770.5996,740905846501732
3,5010,MOVE,historical,798.7002,1770.7002,740905855113000
3,5011,MOVE,current,798.4121,1770.7959,740905863129231
3,5012,MOVE,historical,798.4004,1770.7998,740905863478000
3,5013,MOVE,current,798.25,1770.8496,740905867660500
3,5014,MOVE,historical,798.0996,1770.9004,740905872415000
3,5015,MOVE,current,797.91406,1770.9932,740905879753225
3,5016,MOVE,historical,797.9004,1771.0,740905880326000
3,5017,MOVE,current,797.62695,1771.0908,740905888063699
3,5018,MOVE,historical,797.5996,1771.0996,740905888835000
3,5019,MOVE,current,797.4502,1771.1504,740905893089500
3,5020,MOVE,historical,797.4004,1771.0996,740905897055000
3,5021,MOVE,current,797.2168,1771.1914,740905904687205
3,5022,MOVE,historical,797.2002,1771.2002,740905905391000
3,5023,MOVE,current,796.93164,1771.2891,740905913001036
3,5024,MOVE,historical,796.9004,1771.2998,740905913897000
3,5025,MOVE,current,796.75,1771.3496,740905918150000
3,5026,MOVE,historical,796.5996,1771.4004,740905922242000
3,5027,MOVE,current,796.4248,1771.4873,740905929628194
3,5028,MOVE,historical,796.4004,1771.5,740905930663000
3,5029,MOVE,current,796.13574,1771.5879,740905937940787
3,5030,MOVE,historical,796.0996,1771.5996,740905938933000
3,5031,MOVE,current,795.8496,1771.6836,740905946253443
3,5032,MOVE,historical,795.7998,1771.7002,740905947692000
3,5033,MOVE,current,795.6504,1771.75,740905952071500
3,5034,MOVE,historical,795.5996,1771.7002,740905955764000
3,5035,MOVE,current,795.5,1771.7002,740905959800000
3,5036,MOVE,historical,795.4004,1771.7998,740905964821000
3,5037,MOVE,current,795.2998,1771.8496,740905969349500
3,5038,MOVE,historical,795.0996,1771.9004,740905973013000
3,5039,MOVE,current,794.9502,1771.9502,740905977109000
3,5040,MOVE,historical,794.7998,1772.0996,740905981053000
3,5041,MOVE,current,794.6504,1772.2002,740905985073000
3,5042,MOVE,historical,794.5,1772.2002,740905989673000
3,5043,MOVE,current,794.3496,1772.25,740905993983000
3,5044,MOVE,historical,794.2002,1772.2998,740905998104000
3,5045,MOVE,current,794.0498,1772.3496,740906002319500
3,5046,MOVE,historical,793.9004,1772.4004,740906006446000
3,5047,MOVE,current,793.67773,1772.4746,740906012720362
3,5048,MOVE,historical,793.5996,1772.5,740906014915000
3,5049,MOVE,current,793.4502,1772.5498,740906019149500
3,5050,MOVE,historical,793.2998,1772.5996,740906023088000
3,5051,MOVE,current,793.1504,1772.6504,740906027174500
3,5052,MOVE,historical,793.0,1772.7998,740906031393000
3,5053,MOVE,current,792.8496,1772.9004,740906035545500
3,5054,MOVE,historical,792.7998,1772.9004,740906039978000
3,5055,MOVE,current,792.7002,1772.9502,740906044270500
3,5056,MOVE,historical,792.5,1773.0,740906048548000
3,5057,MOVE,current,792.3496,1773.0498,740906052833000
3,5058,MOVE,historical,792.2002,1773.0996,740906056770000
3,5059,MOVE,current,792.0498,1773.1504,740906060881000
3,5060,MOVE,historical,792.0,1773.2002,740906065108000
3,5061,MOVE,current,791.9004,1773.25,740906069277000
3,5062,MOVE,historical,791.7002,1773.4004,740906073586000
3,5063,MOVE,current,791.5498,1773.5,740906077825000
3,5064,MOVE,historical,791.4004,1773.5,740906081927000
3,5065,MOVE,current,791.25,1773.5498,740906086097500
3,5066,MOVE,historical,791.2002,1773.5996,740906090414000
3,5067,MOVE,current,791.0996,1773.6504,740906094657500
3,5068,MOVE,historical,790.9004,1773.7002,740906098946000
3,5069,MOVE,current,790.75,1773.75,740906103212000
3,5070,MOVE,historical,790.5996,1773.7998,740906107121000
3,5071,MOVE,current,790.4502,1773.8496,740906111208500
3,5072,MOVE,historical,790.4004,1774.0,740906115515000
3,5073,MOVE,current,790.2998,1774.1006,740906119712000
3,5074,MOVE,historical,790.0996,1774.0996,740906124227000
3,5075,MOVE,current,789.9502,1774.1504,740906128583000
3,5076,MOVE,historical,789.7998,1774.2998,740906132396000
3,5077,MOVE,current,789.6504,1774.4004,740906136480500
3,5078,MOVE,historical,789.5,1774.4004,740906140829000
3,5079,MOVE,current,789.3496,1774.4502,740906145045500
3,5080,MOVE,historical,789.0996,1774.5996,740906149175000
3,5081,MOVE,current,788.9004,1774.7002,740906153348000
3,5082,MOVE,historical,788.7002,1774.7998,740906157684000
3,5083,MOVE,current,788.5,1774.9004,740906161938500
3,5084,MOVE,historical,788.4004,1774.9004,740906166077000
3,5085,MOVE,current,788.25,1774.9502,740906170273500
3,5086,MOVE,historical,788.0,1775.2002,740906174405000
3,5087,MOVE,current,787.7998,1775.3496,740906178569000
3,5088,MOVE,historical,787.5,1775.4004,740906182901000
3,5089,MOVE,current,787.25,1775.5,740906187149000
3,5090,MOVE,historical,787.0,1775.5996,740906191266000
3,5091,MOVE,current,786.75,1775.7002,740906195448500
3,5092,MOVE,historical,786.5996,1775.9004,740906199884000
3,5093,MOVE,current,786.4121,1776.041,740906203926223
3,5094,MOVE,historical,786.2002,1776.0996,740906208142000
3,5095,MOVE,current,786.00195,1776.1992,740906212237887
3,5096,MOVE,historical,785.7998,1776.2998,740906216524000
3,5097,MOVE,current,785.6074,1776.3965,740906220550186
3,5098,MOVE,historical,785.4004,1776.5,740906224887000
3,5099,MOVE,current,785.20996,1776.5947,740906228857949
3,5100,MOVE,historical,784.9004,1776.7998,740906233235000
3,5101,MOVE,current,784.66504,1776.9414,740906237165619
3,5102,MOVE,historical,784.5,1777.0,740906241867000
3,5103,MOVE,current,784.333,1777.084,740906245473423
3,5104,MOVE,historical,784.0996,1777.2998,740906250135000
3,5105,MOVE,current,783.9238,1777.4326,740906253781294
3,5106,MOVE,historical,783.7002,1777.5,740906258566000
3,5107,MOVE,current,783.5322,1777.584,740906262094427
3,5108,MOVE,historical,783.4004,1777.7002,740906267199000
3,5109,MOVE,current,783.2881,1777.7744,740906270408503
3,5110,MOVE,historical,783.0,1777.9004,740906275280000
3,5111,MOVE,current,782.8301,1777.9854,740906278723478
3,5112,MOVE,historical,782.5996,1778.2002,740906283812000
3,5113,MOVE,current,782.44824,1778.3135,740906287039235
3,5114,MOVE,historical,782.2998,1778.2998,740906292133000
3,5115,MOVE,current,782.1836,1778.3389,740906295351321
3,5116,MOVE,historical,782.0,1778.5,740906300586000
3,5117,MOVE,current,781.8906,1778.5732,740906303668263
3,5118,MOVE,historical,781.7002,1778.7002,740906308955000
3,5119,MOVE,current,781.5918,1778.7725,740906311986880
3,5120,MOVE,historical,781.2998,1778.9004,740906317374000
3,5121,MOVE,current,781.16113,1778.9697,740906320305991
3,5122,MOVE,historical,781.0,1779.0996,740906325761000
3,5123,MOVE,current,780.89746,1779.168,740906328619303
3,5124,MOVE,historical,780.5996,1779.2998,740906334179000
3,5125,MOVE,current,780.46875,1779.3652,740906336939298
3,5126,MOVE,historical,780.2002,1779.5996,740906342530000
3,5127,MOVE,current,780.06934,1779.6982,740906345253110
3,5128,MOVE,historical,779.7998,1779.7998,740906350836000
3,5129,MOVE,current,779.66797,1779.8662,740906353568757
3,5130,MOVE,historical,779.2002,1780.0996,740906359845000
3,5131,MOVE,current,779.06445,1780.168,740906361884446
3,5132,MOVE,historical,778.7002,1780.4004,740906367881000
3,5133,MOVE,current,778.55566,1780.4863,740906370198475
3,5134,MOVE,historical,778.2002,1780.7998,740906376179000
3,5135,MOVE,current,778.0596,1780.9121,740906378514291
3,5136,MOVE,historical,777.5996,1781.0996,740906384920000
3,5137,MOVE,current,777.46875,1781.166,740906386830220
3,5138,MOVE,historical,777.0,1781.5,740906392940000
3,5139,MOVE,current,776.83496,1781.6104,740906395144472
3,5140,MOVE,historical,776.2998,1781.9004,740906401513000
3,5141,MOVE,current,776.1406,1781.9912,740906403460354
3,5142,MOVE,historical,775.5996,1782.4004,740906409952000
3,5143,MOVE,current,775.4492,1782.5078,740906411775388
3,5144,MOVE,historical,775.0,1782.7998,740906418266000
3,5145,MOVE,current,774.86816,1782.8877,740906420089150
3,5146,MOVE,historical,774.2998,1783.2002,740906426620000
3,5147,MOVE,current,774.1504,1783.2852,740906428401882
3,5148,MOVE,historical,773.5,1783.7002,740906435064000
3,5149,MOVE,current,773.34375,1783.7979,740906436714596
3,5150,MOVE,historical,772.7998,1784.0996,740906443380000
3,5151,MOVE,current,772.66113,1784.1797,740906445027295
3,5152,MOVE,historical,772.0996,1784.5,740906451977000
3,5153,MOVE,current,771.98926,1784.5635,740906453340177
3,5154,MOVE,historical,771.2998,1785.0,740906460518000
3,5155,MOVE,current,771.19336,1785.0664,740906461653297
3,5156,MOVE,historical,770.5996,1785.4004,740906468716000
3,5157,MOVE,current,770.49316,1785.4609,740906469966506
3,5158,MOVE,historical,770.0,1785.7998,740906477239000
3,5159,MOVE,current,769.92676,1785.8486,740906478279914
3,5160,MOVE,historical,769.2998,1786.2002,740906485464000
3,5161,MOVE,current,769.2041,1786.2549,740906486593427
3,5162,MOVE,historical,768.5996,1786.5996,740906494035000
3,5163,MOVE,current,768.5283,1786.6406,740906494907051
3,5164,MOVE,historical,767.9004,1787.0,740906502522000
3,5165,MOVE,current,767.8428,1787.0332,740906503220675
3,5166,MOVE,historical,767.0996,1787.5,740906510973000
3,5167,MOVE,current,767.0469,1787.5332,740906511534711
3,5168,MOVE,historical,766.4004,1788.0,740906519195000
3,5169,MOVE,current,766.3447,1788.04,740906519848981
3,5170,MOVE,historical,765.5996,1788.4004,740906527602000
3,5171,MOVE,current,765.5469,1788.4268,740906528163593
3,5172,MOVE,historical,764.7998,1788.9004,740906535887000
3,5173,MOVE,current,764.74316,1788.9355,740906536478603
3,5174,MOVE,historical,764.0996,1789.4004,740906544311000
3,5175,MOVE,current,764.0596,1789.4287,740906544794314
3,5176,MOVE,historical,763.2998,1789.7998,740906552809000
3,5177,MOVE,current,763.2715,1789.8145,740906553110605
3,5178,MOVE,historical,762.5996,1790.2998,740906561101000
3,5179,MOVE,current,762.57227,1790.3193,740906561427228
3,5180,MOVE,historical,762.0,1790.7002,740906569336000
3,5181,MOVE,current,761.9707,1790.7197,740906569744333
3,5182,MOVE,historical,761.4004,1791.0,740906577974000
3,5183,MOVE,current,761.39355,1791.0029,740906578061768
3,5184,MOVE,historical,760.7998,1791.2998,740906586545000
3,5185,MOVE,current,760.3154,1791.6875,740906594694574
3,5186,MOVE,historical,760.2998,1791.7002,740906594961000
3,5187,MOVE,current,759.7217,1791.9893,740906603010443
3,5188,MOVE,historical,759.7002,1792.0,740906603306000
3,5189,MOVE,current,759.21484,1792.291,740906611326021
3,5190,MOVE,historical,759.2002,1792.2998,740906611578000
3,5191,MOVE,current,758.7168,1792.5898,740906619641463
3,5192,MOVE,historical,758.7002,1792.5996,740906619917000
3,5193,MOVE,current,758.23145,1792.8809,740906627957002
3,5194,MOVE,historical,758.2002,1792.9004,740906628497000
3,5195,MOVE,current,757.7344,1793.1797,740906636272355
3,5196,MOVE,historical,757.7002,1793.2002,740906636849000
3,5197,MOVE,current,757.3281,1793.3857,740906644587558
3,5198,MOVE,historical,757.2998,1793.4004,740906645180000
3,5199,MOVE,current,756.9287,1793.6787,740906652902640
3,5200,MOVE,historical,756.9004,1793.7002,740906653501000
3,5201,MOVE,current,756.54395,1793.8779,740906661217638
3,5202,MOVE,historical,756.5,1793.9004,740906662170000
3,5203,MOVE,current,756.2998,1794.0,740906666504500
3,5204,MOVE,historical,756.2002,1794.0,740906670571000
3,5205,MOVE,current,756.0498,1794.0498,740906674771500
3,5206,MOVE,historical,755.9004,1794.2002,740906678904000
3,5207,MOVE,current,755.64355,1794.2852,740906686161853
3,5208,MOVE,historical,755.5996,1794.2998,740906687403000
3,5209,MOVE,current,755.4502,1794.3496,740906691652500
3,5210,MOVE,historical,755.4004,1794.5,740906695471000
3,5211,MOVE,current,755.2998,1794.6006,740906699505000
3,5212,MOVE,historical,755.0996,1794.5996,740906703905000
3,5213,MOVE,current,754.9502,1794.6504,740906708122000
3,5214,MOVE,historical,754.9004,1794.7002,740906712947000
3,5215,MOVE,current,754.7998,1794.75,740906717468000
3,5216,MOVE,historical,754.7002,1794.7998,740906721095000
3,5217,MOVE,current,754.5996,1794.8496,740906725169000
3,5218,MOVE,historical,754.5,1794.9004,740906729347000
3,5219,MOVE,current,754.4004,1794.9502,740906733473000
3,5220,MOVE,historical,754.2002,1795.0996,740906737993000
3,5221,MOVE,current,754.0498,1795.2002,740906742316000
3,5222,MOVE,historical,754.0,1795.2998,740906746410000
3,5223,MOVE,current,753.9004,1795.4004,740906750618500
3,5224,MOVE,historical,753.7002,1795.4004,740906754588000
3,5225,MOVE,current,753.5498,1795.4502,740906758677000
3,5226,MOVE,historical,753.2998,1795.5996,740906763003000
3,5227,MOVE,current,753.0996,1795.7002,740906767210500
3,5228,MOVE,historical,753.0996,1795.7998,740906771277000
3,5229,MOVE,current,753.0,1795.9004,740906775414000
3,5230,MOVE,historical,752.7002,1796.0,740906779723000
3,5231,MOVE,current,752.5,1796.1006,740906783946000
3,5232,MOVE,historical,752.4004,1796.0996,740906788174000
3,5233,MOVE,current,752.25,1796.1504,740906792399500
3,5234,MOVE,historical,752.0996,1796.2998,740906796583000
3,5235,MOVE,current,751.9502,1796.4004,740906800787500
3,5236,MOVE,historical,751.7998,1796.5,740906805092000
3,5237,MOVE,current,751.6504,1796.6006,740906809346500
3,5238,MOVE,historical,751.4004,1796.7002,740906813505000
3,5239,MOVE,current,751.2002,1796.7998,740906817711500
3,5240,MOVE,historical,751.0,1796.9004,740906821798000
3,5241,MOVE,current,750.7998,1797.0,740906825944500
3,5242,MOVE,historical,750.5996,1797.0996,740906830314000
3,5243,MOVE,current,750.4004,1797.2002,740906834572000
3,5244,MOVE,historical,750.2002,1797.4004,740906838494000
3,5245,MOVE,current,750.0,1797.5498,740906842584000
3,5246,MOVE,historical,749.7998,1797.5996,740906847095000
3,5247,MOVE,current,749.5996,1797.7002,740906851395500
3,5248,MOVE,historical,749.5,1797.7998,740906855605000
3,5249,MOVE,current,749.3496,1797.9004,740906859860000
3,5250,MOVE,historical,749.0996,1797.9004,740906863903000
3,5251,MOVE,current,748.9004,1797.9502,740906868052000
3,5252,MOVE,historical,748.7002,1798.0996,740906872192000
3,5253,MOVE,current,748.5,1798.2002,740906876336500
3,5254,MOVE,historical,748.4004,1798.2998,740906880578000
3,5255,MOVE,current,748.25,1798.4004,740906884771000
3,5256,MOVE,historical,748.0,1798.5,740906888936000
3,5257,MOVE,current,747.7998,1798.6006,740906893115000
3,5258,MOVE,historical,747.7998,1798.5996,740906897369000
3,5259,MOVE,current,747.7002,1798.6504,740906901585500
3,5260,MOVE,historical,747.5,1798.7998,740906906013000
3,5261,MOVE,current,747.3496,1798.9004,740906910335000
3,5262,MOVE,historical,747.2998,1798.9004,740906914405000
3,5263,MOVE,current,747.2002,1798.9502,740906918601000
3,5264,MOVE,historical,747.0996,1798.9004,740906922558000
3,5265,MOVE,current,747.0,1798.9004,740906926634500
3,5266,MOVE,historical,746.9004,1799.0,740906931023000
3,5267,MOVE,current,746.7998,1799.0498,740906935255500
3,5268,MOVE,historical,746.9004,1799.0996,740906939491000
3,5269,MOVE,current,746.9004,1799.1504,740906943725000
3,5270,MOVE,historical,746.7998,1799.0996,740906947805000
3,5271,MOVE,current,746.75,1799.0996,740906951962000
3,5272,MOVE,historical,747.0,1799.0,740907301541000
3,5273,MOVE,historical,747.2002,1798.7998,740907309294000
3,5274,MOVE,current,747.21094,1798.7891,740907309722995
3,5275,MOVE,historical,747.5996,1798.5996,740907318563000
3,5276,MOVE,historical,747.7998,1798.4004,740907326153000
3,5277,MOVE,current,747.80664,1798.3936,740907326389661
3,5278,MOVE,historical,748.0996,1798.2998,740907334880000
3,5279,MOVE,current,748.39355,1798.1045,740907342994328
3,5280,MOVE,historical,748.4004,1798.0996,740907343177000
3,5281,MOVE,current,748.6885,1797.9082,740907351327661
3,5282,MOVE,historical,748.7002,1797.9004,740907351665000
3,5283,MOVE,current,748.9883,1797.708,740907359660994
3,5284,MOVE,historical,749.0,1797.7002,740907359978000
3,5285,MOVE,current,749.1504,1797.5996,740907364134500
3,5286,MOVE,historical,749.2998,1797.5,740907368835000
3,5287,MOVE,current,749.4873,1797.4062,740907376327660
3,5288,MOVE,historical,749.5,1797.4004,740907376854000
3,5289,MOVE,current,749.5996,1797.3496,740907380863500
3,5290,MOVE,historical,749.7998,1797.2002,740907385300000
3,5291,MOVE,current,750.0674,1797.0215,740907392801130
3,5292,MOVE,historical,750.0996,1797.0,740907393706000
3,5293,MOVE,current,750.2803,1796.9102,740907401115168
3,5294,MOVE,historical,750.2998,1796.9004,740907401940000
3,5295,MOVE,current,750.4756,1796.8125,740907409429154
3,5296,MOVE,historical,750.5,1796.7998,740907410484000
3,5297,MOVE,current,750.5996,1796.75,740907414756000
3,5298,MOVE,historical,750.7998,1796.5996,740907418884000
3,5299,MOVE,current,750.9502,1796.5,740907423084000
3,5300,MOVE,historical,751.0,1796.4004,740907427255000
3,5301,MOVE,current,751.2617,1796.3125,740907434371888
3,5302,MOVE,historical,751.2998,1796.2998,740907435427000
3,5303,MOVE,current,751.4502,1796.25,740907439513000
3,5304,MOVE,historical,751.5,1796.0996,740907444559000
3,5305,MOVE,current,751.5996,1796.0,740907449125000
3,5306,MOVE,historical,751.9004,1795.9004,740907452517000
3,5307,MOVE,current,752.0996,1795.7998,740907456496000
3,5308,MOVE,historical,752.0996,1795.7002,740907461090000
3,5309,MOVE,current,752.2002,1795.5996,740907465376500
3,5310,MOVE,historical,752.5,1795.5,740907469482000
3,5311,MOVE,current,752.7002,1795.4004,740907473678000
3,5312,MOVE,historical,752.7002,1795.4004,740907477599000
3,5313,MOVE,current,752.7998,1795.3496,740907481657500
3,5314,MOVE,historical,753.0996,1795.2002,740907486382000
3,5315,MOVE,current,753.2998,1795.0996,740907490773500
3,5316,MOVE,historical,753.4004,1795.0,740907494491000
3,5317,MOVE,current,753.5498,1794.9004,740907498545500
3,5318,MOVE,historical,753.7002,1794.7002,740907502834000
3,5319,MOVE,current,753.8496,1794.5498,740907507005500
3,5320,MOVE,historical,754.0996,1794.5,740907511643000
3,5321,MOVE,current,754.31836,1794.3545,740907517523296
3,5322,MOVE,historical,754.4004,1794.2998,740907519720000
3,5323,MOVE,current,754.5498,1794.2002,740907523758500
3,5324,MOVE,historical,754.7998,1794.0,740907528218000
3,5325,MOVE,current,755.0,1793.8506,740907532467000
3,5326,MOVE,historical,755.2002,1793.7998,740907536569000
3,5327,MOVE,current,755.4004,1793.7002,740907540744500
3,5328,MOVE,historical,755.5,1793.5996,740907544897000
3,5329,MOVE,current,755.6504,1793.5,740907549061000
3,5330,MOVE,historical,755.9004,1793.4004,740907553229000
3,5331,MOVE,current,756.0996,1793.2998,740907557395000
3,5332,MOVE,historical,756.2998,1793.2002,740907562090000
3,5333,MOVE,current,756.5,1793.0996,740907566520500
3,5334,MOVE,historical,756.7002,1792.9004,740907570393000
3,5335,MOVE,current,756.9004,1792.75,740907574544500
3,5336,MOVE,historical,757.0,1792.7002,740907578439000
3,5337,MOVE,current,757.1504,1792.5996,740907582462000
3,5338,MOVE,historical,757.4004,1792.5,740907587051000
3,5339,MOVE,current,757.5996,1792.4004,740907591357000
3,5340,MOVE,historical,757.7002,1792.2998,740907595315000
3,5341,MOVE,current,757.8496,1792.2002,740907599447000
3,5342,MOVE,historical,758.0996,1792.0996,740907603816000
3,5343,MOVE,current,758.2998,1792.0,740907608066500
3,5344,MOVE,historical,758.5,1791.9004,740907611938000
3,5345,MOVE,current,758.7002,1791.7998,740907615999000
3,5346,MOVE,historical,758.9004,1791.7002,740907620398000
3,5347,MOVE,current,759.0996,1791.5996,740907624628000
3,5348,MOVE,historical,759.2002,1791.5,740907628877000
3,5349,MOVE,current,759.3496,1791.4004,740907633116500
3,5350,MOVE,historical,759.5,1791.2998,740907637365000
3,5351,MOVE,current,759.6504,1791.2002,740907641609000
3,5352,MOVE,historical,759.9004,1791.0996,740907646067000
3,5353,MOVE,current,760.0996,1791.0,740907650418000
3,5354,MOVE,historical,760.2002,1791.0,740907654134000
3,5355,MOVE,current,760.3496,1790.9502,740907658167500
3,5356,MOVE,historical,760.4004,1790.7998,740907662490000
3,5357,MOVE,current,760.5,1790.7002,740907666668000
3,5358,MOVE,historical,760.7002,1790.7002,740907671715000
3,5359,MOVE,current,760.82227,1790.6592,740907675467930
3,5360,MOVE,historical,760.9004,1790.5,740907679222000
3,5361,MOVE,current,761.0,1790.4004,740907682975500
3,5362,MOVE,historical,761.2002,1790.4004,740907687658000
3,5363,MOVE,current,761.3496,1790.3496,740907691876000
3,5364,MOVE,historical,761.5,1790.2002,740907696392000
3,5365,MOVE,current,761.6377,1790.1084,740907700400248
3,5366,MOVE,historical,761.7002,1790.0996,740907704882000
3,5367,MOVE,current,761.79004,1790.0547,740907708711471
3,5368,MOVE,historical,762.0,1789.9004,740907712968000
3,5369,MOVE,current,762.1504,1789.7998,740907717011000
3,5370,MOVE,historical,762.2002,1789.7998,740907721432000
3,5371,MOVE,current,762.292,1789.7539,740907725335384
3,5372,MOVE,historical,762.4004,1789.7002,740907729850000
3,5373,MOVE,current,762.49023,1789.6553,740907733647275
3,5374,MOVE,historical,762.5,1789.5996,740907738469000
3,5375,MOVE,current,762.541,1789.5596,740907741959476
3,5376,MOVE,historical,762.7002,1789.5,740907746632000
3,5377,MOVE,current,762.78906,1789.4551,740907750271967
3,5378,MOVE,historical,762.9004,1789.4004,740907755048000
3,5379,MOVE,current,762.9844,1789.3574,740907758584909
3,5380,MOVE,historical,763.0,1789.2998,740907763487000
3,5381,MOVE,current,763.04004,1789.2598,740907766898245
3,5382,MOVE,historical,763.2002,1789.2002,740907771872000
3,5383,MOVE,current,763.2793,1789.1602,740907775212029
3,5384,MOVE,historical,763.2998,1789.0996,740907780296000
3,5385,MOVE,current,763.3379,1789.0615,740907783526106
3,5386,MOVE,historical,763.5,1789.0,740907788689000
3,5387,MOVE,current,763.5752,1788.9629,740907791833469
3,5388,MOVE,historical,763.7002,1788.9004,740907797017000
3,5389,MOVE,current,763.7754,1788.8623,740907800141555
3,5390,MOVE,historical,763.7998,1788.7998,740907805469000
3,5391,MOVE,current,763.83496,1788.7646,740907808450490
3,5392,MOVE,historical,764.0,1788.7002,740907813872000
3,5393,MOVE,current,764.06836,1788.666,740907816762362
3,5394,MOVE,historical,764.2002,1788.5996,740907822077000
3,5395,MOVE,current,764.27344,1788.5635,740907825071992
3,5396,MOVE,historical,764.2998,1788.5,740907830968000
3,5397,MOVE,current,764.32715,1788.4727,740907833382167
3,5398,MOVE,historical,764.5,1788.4004,740907838877000
3,5399,MOVE,current,764.5713,1788.3643,740907841693846
3,5400,MOVE,historical,764.7002,1788.2998,740907847704000
3,5401,MOVE,current,764.75195,1788.2744,740907850004219
3,5402,MOVE,historical,764.9004,1788.0996,740907856745000
3,5403,MOVE,current,764.9346,1788.0654,740907858315814
3,5404,MOVE,historical,765.0996,1788.0,740907864888000
3,5405,MOVE,current,765.1426,1787.9785,740907866627246
3,5406,MOVE,historical,765.2002,1787.9004,740907873227000
3,5407,MOVE,current,765.2207,1787.8799,740907874940123
3,5408,MOVE,historical,765.2998,1787.7998,740907881182000
3,5409,MOVE,current,765.3262,1787.7744,740907883253375
3,5410,MOVE,historical,765.5,1787.7002,740907889498000
3,5411,MOVE,current,765.5498,1787.6748,740907891567031
3,5412,MOVE,historical,765.5996,1787.5996,740907898138000
3,5413,MOVE,current,765.6201,1787.5801,740907899880996
3,5414,MOVE,historical,765.7998,1787.5,740907906494000
3,5415,MOVE,current,765.8408,1787.4795,740907908195310
3,5416,MOVE,historical,766.0,1787.4004,740907914725000
3,5417,MOVE,current,766.04297,1787.3779,740907916509979
3,5418,MOVE,historical,766.0996,1787.4004,740907923695000
3,5419,MOVE,current,766.1123,1787.4004,740907924825047
3,5420,MOVE,historical,766.2002,1787.2998,740907931684000
3,5421,MOVE,current,766.21875,1787.2822,740907933140269
3,5422,MOVE,historical,766.4004,1787.2002,740907940220000
3,5423,MOVE,current,766.4287,1787.1855,740907941455817
3,5424,MOVE,historical,766.5996,1787.0996,740907948690000
3,5425,MOVE,current,766.626,1787.0869,740907949771691
3,5426,MOVE,historical,766.7998,1786.9004,740907957155000
3,5427,MOVE,current,766.82227,1786.8779,740907958087811
3,5428,MOVE,historical,767.0,1786.7998,740907965393000
3,5429,MOVE,current,767.0244,1786.7881,740907966410982
3,5430,MOVE,historical,767.0996,1786.7002,740907973622000
3,5431,MOVE,current,767.1133,1786.6865,740907974734449
3,5432,MOVE,historical,767.2998,1786.5996,740907982136000
3,5433,MOVE,current,767.3213,1786.5889,740907983053790
3,5434,MOVE,historical,767.5,1786.5,740907990648000
3,5435,MOVE,current,767.5166,1786.4912,740907991372701
3,5436,MOVE,historical,767.7002,1786.4004,740907998949000
3,5437,MOVE,current,767.7178,1786.3906,740907999684743
3,5438,MOVE,historical,767.9004,1786.2998,740908007280000
3,5439,MOVE,current,767.917,1786.291,740908007996632
3,5440,MOVE,historical,768.0996,1786.2002,740908015633000
3,5441,MOVE,current,768.1162,1786.1924,740908016308194
3,5442,MOVE,historical,768.2998,1786.0,740908024281000
3,5443,MOVE,current,768.3076,1785.9922,740908024619576
3,5444,MOVE,historical,768.5,1785.9004,740908032422000
3,5445,MOVE,current,768.5127,1785.8936,740908032931037
3,5446,MOVE,historical,768.7002,1785.7998,740908041023000
3,5447,MOVE,current,768.7051,1785.7979,740908041242728
3,5448,MOVE,historical,768.7998,1785.7002,740908049181000
3,5449,MOVE,current,768.8047,1785.6953,740908049554569
3,5450,MOVE,historical,768.9004,1785.5996,740908057656000
3,5451,MOVE,current,768.90234,1785.5977,740908057866491
3,5452,MOVE,historical,769.0996,1785.5,740908066074000
3,5453,MOVE,current,769.10254,1785.499,740908066178393
3,5454,MOVE,historical,769.2998,1785.4004,740908074451000
3,5455,MOVE,current,769.3008,1785.3994,740908074490387
3,5456,MOVE,historical,769.5,1785.2002,740908083064000
3,5457,MOVE,current,769.6904,1785.1045,740908091113319
3,5458,MOVE,historical,769.7002,1785.0996,740908091521000
3,5459,MOVE,current,769.7949,1785.0059,740908099424159
3,5460,MOVE,historical,769.7998,1785.0,740908099878000
3,5461,MOVE,current,769.9844,1784.9072,740908107735002
3,5462,MOVE,historical,770.0,1784.9004,740908108390000
3,5463,MOVE,current,770.27246,1784.7178,740908116045751
3,5464,MOVE,historical,770.2998,1784.7002,740908116807000
3,5465,MOVE,current,770.4834,1784.6084,740908124356426
3,5466,MOVE,historical,770.5,1784.5996,740908125056000
3,5467,MOVE,current,770.6797,1784.4199,740908132672150
3,5468,MOVE,historical,770.7002,1784.4004,740908133526000
3,5469,MOVE,current,770.88184,1784.3096,740908140988508
3,5470,MOVE,historical,770.9004,1784.2998,740908141740000
3,5471,MOVE,current,771.1719,1784.1191,740908149305648
3,5472,MOVE,historical,771.2002,1784.0996,740908150096000
3,5473,MOVE,current,771.3496,1784.0,740908154274000
3,5474,MOVE,historical,771.2998,1784.0,740908158655000
3,5475,MOVE,current,771.3496,1783.9502,740908162934500
3,5476,MOVE,historical,771.5,1783.9004,740908166892000
3,5477,MOVE,current,771.5996,1783.8496,740908171010500
3,5478,MOVE,historical,771.7002,1783.7002,740908175412000
3,5479,MOVE,current,771.9453,1783.6182,740908182565150
3,5480,MOVE,historical,772.0,1783.5996,740908184158000
3,5481,MOVE,current,772.1504,1783.5498,740908188531000
3,5482,MOVE,historical,772.2002,1783.4004,740908192561000
3,5483,MOVE,current,772.2998,1783.2998,740908196762500
3,5484,MOVE,historical,772.5,1783.2998,740908201071000
3,5485,MOVE,current,772.6504,1783.25,740908205326000
3,5486,MOVE,historical,772.7002,1783.0996,740908209240000
3,5487,MOVE,current,772.85547,1783.0225,740908215802052
3,5488,MOVE,historical,772.9004,1783.0,740908217670000
3,5489,MOVE,current,773.0,1782.9502,740908221885000
3,5490,MOVE,historical,773.0996,1782.9004,740908226255000
3,5491,MOVE,current,773.2002,1782.8496,740908230547500
3,5492,MOVE,historical,773.2998,1782.7998,740908234549000
3,5493,MOVE,current,773.4004,1782.75,740908238696000
3,5494,MOVE,historical,773.5996,1782.5996,740908242850000
3,5495,MOVE,current,773.75,1782.5,740908247000500
3,5496,MOVE,historical,773.7998,1782.5,740908251190000
3,5497,MOVE,current,773.9004,1782.4502,740908255360000
3,5498,MOVE,historical,774.0,1782.2998,740908259525000
3,5499,MOVE,current,774.0996,1782.2002,740908263692500
3,5500,MOVE,historical,774.2998,1782.0996,740908267829000
3,5501,MOVE,current,774.4502,1782.0,740908271981000
3,5502,MOVE,historical,774.5,1782.0,740908276364000
3,5503,MOVE,current,774.5996,1781.9502,740908280631500
3,5504,MOVE,historical,774.7998,1781.9004,740908284681000
3,5505,MOVE,current,774.9502,1781.8496,740908288839500
3,5506,MOVE,historical,775.0,1781.7998,740908293126000
3,5507,MOVE,current,775.0996,1781.75,740908297348500
3,5508,MOVE,historical,775.2002,1781.5996,740908301850000
3,5509,MOVE,current,775.2998,1781.5,740908306212000
3,5510,MOVE,historical,775.5,1781.4004,740908310108000
3,5511,MOVE,current,775.6504,1781.2998,740908314237000
3,5512,MOVE,historical,775.7002,1781.2998,740908318269000
3,5513,MOVE,current,775.7998,1781.25,740908322349500
3,5514,MOVE,historical,775.7998,1781.2002,740908326792000
3,5515,MOVE,current,775.8496,1781.1504,740908331053500
3,5516,MOVE,historical,776.0996,1781.0996,740908335183000
3,5517,MOVE,current,776.25,1781.0498,740908339378500
3,5518,MOVE,historical,776.2002,1781.0,740908343707000
3,5519,MOVE,current,776.25,1780.9502,740908347969000
3,5520,MOVE,historical,776.4004,1780.7998,740908352063000
3,5521,MOVE,current,776.5,1780.7002,740908356241000
3,5522,MOVE,historical,776.5,1780.7998,740908360498000
3,5523,MOVE,current,776.5498,1780.7998,740908364715500
3,5524,MOVE,historical,776.7998,1780.5996,740908368883000
3,5525,MOVE,current,776.9502,1780.5,740908373075500
3,5526,MOVE,historical,776.9004,1780.5,740908377192000
3,5527,MOVE,current,776.9502,1780.4502,740908381346500
3,5528,MOVE,historical,777.0996,1780.4004,740908385536000
3,5529,MOVE,current,777.2002,1780.3496,740908389708000
3,5530,MOVE,historical,777.2002,1780.2998,740908394501000
3,5531,MOVE,current,777.2471,1780.2529,740908398684956
3,5532,MOVE,historical,777.4004,1780.2002,740908402389000
3,5533,MOVE,current,777.5,1780.1504,740908406333000
3,5534,MOVE,historical,777.5996,1780.0996,740908410695000
3,5535,MOVE,current,777.7002,1780.0498,740908414848000
3,5536,MOVE,historical,777.7002,1780.0,740908419223000
3,5537,MOVE,current,777.75,1779.9502,740908423487000
3,5538,MOVE,historical,777.7998,1779.9004,740908427648000
3,5539,MOVE,current,777.8496,1779.8496,740908431860500
3,5540,MOVE,historical,778.0,1779.7998,740908436062000
3,5541,MOVE,current,778.0996,1779.75,740908440250154
3,5542,MOVE,historical,778.0996,1779.7002,740908444545000
3,5543,MOVE,current,778.14746,1779.6523,740908448564018
3,5544,MOVE,historical,778.2998,1779.5996,740908453075000
3,5545,MOVE,current,778.38965,1779.5557,740908456878224
3,5546,MOVE,historical,778.4004,1779.5996,740908461220000
3,5547,MOVE,current,778.4492,1779.5996,740908465192507
3,5548,MOVE,historical,778.5,1779.5,740908470359000
3,5549,MOVE,current,778.5342,1779.4658,740908473506744
3,5550,MOVE,historical,778.7002,1779.4004,740908478077000
3,5551,MOVE,current,778.7969,1779.3516,740908481820182
3,5552,MOVE,historical,778.7998,1779.2998,740908486485000
3,5553,MOVE,current,778.84375,1779.2568,740908490133668
3,5554,MOVE,historical,778.9004,1779.2002,740908495233000
3,5555,MOVE,current,778.9365,1779.1631,740908498447118
3,5556,MOVE,historical,779.0,1779.2002,740908503292000
3,5557,MOVE,current,779.04297,1779.2002,740908506760704
3,5558,MOVE,historical,779.0996,1779.0996,740908511588000
3,5559,MOVE,current,779.1416,1779.0576,740908515074150
3,5560,MOVE,historical,779.2998,1779.0,740908520237000
3,5561,MOVE,current,779.37305,1778.9639,740908523387998
3,5562,MOVE,historical,779.4004,1778.9004,740908528576000
3,5563,MOVE,current,779.4375,1778.8623,740908531701656
3,5564,MOVE,historical,779.5996,1778.7998,740908536879000
3,5565,MOVE,current,779.6758,1778.7627,740908540015139
3,5566,MOVE,historical,779.7998,1778.7002,740908545273000
3,5567,MOVE,current,779.87305,1778.6641,740908548329086
3,5568,MOVE,historical,780.0,1778.5,740908553901000
3,5569,MOVE,current,780.0635,1778.4365,740908556651148
3,5570,MOVE,historical,780.0996,1778.4004,740908562079000
3,5571,MOVE,current,780.13574,1778.3643,740908564965135
3,5572,MOVE,historical,780.2998,1778.2998,740908570395000
3,5573,MOVE,current,780.36914,1778.2656,740908573286252
3,5574,MOVE,historical,780.5996,1778.0996,740908579142000
3,5575,MOVE,current,780.6846,1778.044,740908581600631
3,5576,MOVE,historical,780.7002,1778.0,740908587300000
3,5577,MOVE,current,780.7324,1777.9678,740908589920463
3,5578,MOVE,historical,780.9004,1777.9004,740908596307000
3,5579,MOVE,current,780.94336,1777.8789,740908598239044
3,5580,MOVE,historical,781.0996,1777.7998,740908604224000
3,5581,MOVE,current,781.1592,1777.7705,740908606553934
3,5582,MOVE,historical,781.2998,1777.5996,740908612707000
3,5583,MOVE,current,781.3506,1777.5488,740908614871876
3,5584,MOVE,historical,781.5,1777.5,740908621022000
3,5585,MOVE,current,781.55176,1777.4736,740908623186941
3,5586,MOVE,historical,781.7002,1777.4004,740908629820000
3,5587,MOVE,current,781.7383,1777.3809,740908631503997
3,5588,MOVE,historical,782.0,1777.2002,740908637784000
3,5589,MOVE,current,782.07715,1777.1484,740908639819183
3,5590,MOVE,historical,782.2002,1777.0996,740908646519000
3,5591,MOVE,current,782.2373,1777.081,740908648135183
3,5592,MOVE,historical,782.4004,1777.0,740908654903000
3,5593,MOVE,current,782.4365,1776.9814,740908656450341
3,5594,MOVE,historical,782.5996,1776.7998,740908662914000
3,5595,MOVE,current,782.6465,1776.7539,740908664765189
3,5596,MOVE,historical,782.9004,1776.7002,740908672098000
3,5597,MOVE,current,782.93164,1776.6895,740908673079241
3,5598,MOVE,historical,783.0996,1776.5,740908679808000
3,5599,MOVE,current,783.1416,1776.459,740908681393340
3,5600,MOVE,historical,783.2998,1776.4004,740908688236000
3,5601,MOVE,current,783.33496,1776.3828,740908689707204
3,5602,MOVE,historical,783.5996,1776.2002,740908696897000
3,5603,MOVE,current,783.6387,1776.1738,740908698020834
3,5604,MOVE,historical,783.9004,1776.0996,740908705279000
3,5605,MOVE,current,783.9375,1776.0879,740908706333933
3,5606,MOVE,historical,784.0996,1775.9004,740908713604000
3,5607,MOVE,current,784.125,1775.875,740908714646480
3,5608,MOVE,historical,784.4004,1775.7998,740908722210000
3,5609,MOVE,current,784.4258,1775.791,740908722958744
3,5610,MOVE,historical,784.5996,1775.5996,740908730346000
3,5611,MOVE,current,784.62305,1775.5771,740908731270815
3,5612,MOVE,historical,784.9004,1775.5,740908738786000
3,5613,MOVE,current,784.9287,1775.4902,740908739582284
3,5614,MOVE,historical,785.0996,1775.4004,740908747545000
3,5615,MOVE,current,785.1084,1775.3955,740908747893158
3,5616,MOVE,historical,785.2998,1775.2002,740908755696000
3,5617,MOVE,current,785.3125,1775.1875,740908756203565
3,5618,MOVE,historical,785.5,1775.0996,740908763883000
3,5619,MOVE,current,785.5156,1775.0918,740908764518031
3,5620,MOVE,historical,785.7002,1775.0,740908772287000
3,5621,MOVE,current,785.7129,1774.9932,740908772832767
3,5622,MOVE,historical,786.0,1774.7998,740908780934000
3,5623,MOVE,current,786.0078,1774.7949,740908781147876
3,5624,MOVE,historical,786.2002,1774.7002,740908789067000
3,5625,MOVE,current,786.20996,1774.6953,740908789463112
3,5626,MOVE,historical,786.4004,1774.5,740908798212000
3,5627,MOVE,historical,786.7002,1774.4004,740908805788000
3,5628,MOVE,current,786.7119,1774.3965,740908806080138
3,5629,MOVE,historical,786.9004,1774.2002,740908814610000
3,5630,MOVE,current,787.1904,1774.1035,740908822698784
3,5631,MOVE,historical,787.2002,1774.0996,740908822966000
3,5632,MOVE,current,787.3926,1773.9072,740908831009083
3,5633,MOVE,historical,787.4004,1773.9004,740908831301000
3,5634,MOVE,current,787.6885,1773.8037,740908839319638
3,5635,MOVE,historical,787.7002,1773.7998,740908839630000
3,5636,MOVE,current,787.8877,1773.706,740908847630511
3,5637,MOVE,historical,787.9004,1773.7002,740908848171000
3,5638,MOVE,current,788.0,1773.6504,740908852441500
3,5639,MOVE,historical,788.2002,1773.5,740908856854000
3,5640,MOVE,current,788.38184,1773.4092,740908864253450
3,5641,MOVE,historical,788.4004,1773.4004,740908864994000
3,5642,MOVE,current,788.6787,1773.3066,740908872565313
3,5643,MOVE,historical,788.7002,1773.2998,740908873137000
3,5644,MOVE,current,788.8496,1773.25,740908877208500
3,5645,MOVE,historical,788.9004,1773.2002,740908881634000
3,5646,MOVE,current,789.1719,1773.0186,740908889190551
3,5647,MOVE,historical,789.2002,1773.0,740908889979000
3,5648,MOVE,current,789.3779,1772.9111,740908897504178
3,5649,MOVE,historical,789.4004,1772.9004,740908898452000
3,5650,MOVE,current,789.5,1772.8496,740908902688500
3,5651,MOVE,historical,789.7002,1772.7002,740908906911000
3,5652,MOVE,current,789.8496,1772.5996,740908911140500
3,5653,MOVE,historical,790.0,1772.5996,740908915351000
3,5654,MOVE,current,790.1504,1772.5498,740908919571000
3,5655,MOVE,historical,790.2002,1772.5,740908923714000
3,5656,MOVE,current,790.2998,1772.4502,740908927895500
3,5657,MOVE,historical,790.5,1772.2998,740908931986000
3,5658,MOVE,current,790.6504,1772.2002,740908936122000
3,5659,MOVE,historical,790.7998,1772.2002,740908940876000
3,5660,MOVE,current,790.9502,1772.1504,740908945321000
3,5661,MOVE,historical,791.0996,1772.0,740908949086000
3,5662,MOVE,current,791.25,1771.9004,740908953191000
3,5663,MOVE,historical,791.2998,1771.9004,740908957639000
3,5664,MOVE,current,791.4004,1771.8496,740908961915500
3,5665,MOVE,historical,791.5,1771.7998,740908966000000
3,5666,MOVE,current,791.5996,1771.75,740908970180500
3,5667,MOVE,historical,791.7998,1771.7002,740908974314000
3,5668,MOVE,current,791.9502,1771.6504,740908978471000
3,5669,MOVE,historical,792.0,1771.5996,740908982657000
3,5670,MOVE,current,792.0996,1771.5498,740908986828500
3,5671,MOVE,historical,792.2998,1771.5,740908991079000
3,5672,MOVE,current,792.4502,1771.4502,740908995290000
3,5673,MOVE,historical,792.5996,1771.4004,740908999514000
3,5674,MOVE,current,792.75,1771.3496,740909003731500
3,5675,MOVE,historical,792.7998,1771.2998,740909007700000
3,5676,MOVE,current,792.9004,1771.25,740909011793000
3,5677,MOVE,historical,793.0996,1771.2002,740909016183000
3,5678,MOVE,current,793.25,1771.1504,740909020424500
3,5679,MOVE,historical,793.4004,1771.0996,740909024694000
3,5680,MOVE,current,793.5498,1771.0498,740909028949500
3,5681,MOVE,historical,793.7002,1771.0,740909033198000
3,5682,MOVE,current,793.8496,1770.9502,740909037450000
3,5683,MOVE,historical,794.0,1770.9004,740909041526000
3,5684,MOVE,current,794.1504,1770.8496,740909045690000
3,5685,MOVE,historical,794.2002,1770.7998,740909049915000
3,5686,MOVE,current,794.2998,1770.75,740909054109500
3,5687,MOVE,historical,794.4004,1770.7002,740909058404000
3,5688,MOVE,current,794.5,1770.6504,740909062648500
3,5689,MOVE,historical,794.5996,1770.5996,740909066587000
3,5690,MOVE,current,794.7002,1770.5498,740909070678500
3,5691,MOVE,historical,794.9004,1770.5,740909075058000
3,5692,MOVE,current,795.0498,1770.4502,740909079293500
3,5693,MOVE,historical,795.0996,1770.4004,740909083461000
3,5694,MOVE,current,795.2002,1770.3496,740909087662500
3,5695,MOVE,historical,795.2002,1770.4004,740909091832000
3,5696,MOVE,current,795.25,1770.4004,740909096017500
3,5697,MOVE,historical,795.5,1770.2998,740909100208000
3,5698,MOVE,current,795.6504,1770.25,740909104396000
3,5699,MOVE,historical,795.5996,1770.2002,740909108569000
3,5700,MOVE,current,795.6504,1770.1504,740909112749500
3,5701,MOVE,historical,795.9004,1770.0996,740909116979000
3,5702,MOVE,current,796.0498,1770.0498,740909121184000
3,5703,MOVE,historical,796.0996,1770.0,740909125476000
3,5704,MOVE,current,796.2002,1769.9502,740909129724500
3,5705,MOVE,historical,796.4004,1770.0,740909133887000
3,5706,MOVE,current,796.5498,1770.0,740909138092500
3,5707,MOVE,historical,796.5996,1769.9004,740909142378000
3,5708,MOVE,current,796.7002,1769.8496,740909146623500
3,5709,MOVE,historical,796.7998,1769.7998,740909150592000
3,5710,MOVE,current,796.9004,1769.75,740909154699000
3,5711,MOVE,historical,797.0,1769.7002,740909159157000
3,5712,MOVE,current,797.0996,1769.6504,740909163439500
3,5713,MOVE,historical,797.2998,1769.5996,740909167402000
3,5714,MOVE,current,797.4502,1769.5498,740909171524500
3,5715,MOVE,historical,797.4004,1769.5,740909176080000
3,5716,MOVE,current,797.4463,1769.4531,740909180136806
3,5717,MOVE,historical,797.7002,1769.5,740909184456000
3,5718,MOVE,current,797.8428,1769.5,740909188444811
3,5719,MOVE,historical,797.9004,1769.4004,740909193106000
3,5720,MOVE,current,797.9844,1769.3574,740909196753324
3,5721,MOVE,historical,798.0,1769.2998,740909201055000
3,5722,MOVE,current,798.0498,1769.25,740909205029500
3,5723,MOVE,historical,798.2998,1769.2002,740909209490000
3,5724,MOVE,current,798.4385,1769.1543,740909213372867
3,5725,MOVE,historical,798.5,1769.2002,740909218151000
3,5726,MOVE,current,798.58203,1769.2002,740909221683821
3,5727,MOVE,historical,798.5996,1769.0996,740909226449000
3,5728,MOVE,current,798.6426,1769.0576,740909229995536
3,5729,MOVE,historical,798.7998,1769.0,740909234905000
3,5730,MOVE,current,798.8799,1768.96,740909238300553
3,5731,MOVE,historical,799.0996,1768.9004,740909243159000
3,5732,MOVE,current,799.2256,1768.8584,740909246607030
3,5733,MOVE,historical,799.2002,1768.9004,740909251445000
3,5734,MOVE,current,799.2422,1768.9004,740909254914939
3,5735,MOVE,historical,799.4004,1768.7998,740909260127000
3,5736,MOVE,current,799.4717,1768.7646,740909263224139
3,5737,MOVE,historical,799.5996,1768.7002,740909268417000
3,5738,MOVE,current,799.6748,1768.6621,740909271534681
3,5739,MOVE,historical,799.7998,1768.5996,740909277054000
3,5740,MOVE,current,799.86426,1768.5674,740909279846620
3,5741,MOVE,historical,800.0,1768.5996,740909285061000
3,5742,MOVE,current,800.07715,1768.5996,740909288160047
3,5743,MOVE,historical,800.2002,1768.5,740909293542000
3,5744,MOVE,current,800.26953,1768.4658,740909296474924
3,5745,MOVE,historical,800.4004,1768.4004,740909301919000
3,5746,MOVE,current,800.46875,1768.3652,740909304785536
3,5747,MOVE,historical,800.5996,1768.2998,740909310454000
3,5748,MOVE,current,800.6621,1768.2686,740909313102543
3,5749,MOVE,historical,800.7002,1768.2998,740909318701000
3,5750,MOVE,current,800.7334,1768.2998,740909321413593
3,5751,MOVE,historical,800.9004,1768.2002,740909327035000
3,5752,MOVE,current,800.96484,1768.168,740909329733788
3,5753,MOVE,historical,801.0,1768.2002,740909335657000
3,5754,MOVE,current,801.02734,1768.2002,740909338045436
3,5755,MOVE,historical,801.2002,1768.0996,740909343957000
3,5756,MOVE,current,801.2578,1768.0713,740909346362686
3,5757,MOVE,historical,801.2998,1768.0,740909352927000
3,5758,MOVE,current,801.31934,1767.9805,740909354681704
3,5759,MOVE,historical,801.5,1768.0,740909361005000
3,5760,MOVE,current,801.5488,1768.0,740909362993992
3,5761,MOVE,historical,801.5996,1767.9004,740909370061000
3,5762,MOVE,current,801.61426,1767.8857,740909371313183
3,5763,MOVE,historical,801.7998,1767.7998,740909377607000
3,5764,MOVE,current,801.8535,1767.7734,740909379633395
3,5765,MOVE,historical,801.9004,1767.7998,740909385989000
3,5766,MOVE,current,801.9238,1767.7998,740909387953253
3,5767,MOVE,historical,802.0996,1767.7002,740909394519000
3,5768,MOVE,current,802.1416,1767.6797,740909396272673
3,5769,MOVE,historical,802.2002,1767.7002,740909402785000
3,5770,MOVE,current,802.2217,1767.7002,740909404591933
3,5771,MOVE,historical,802.2998,1767.5996,740909411163000
3,5772,MOVE,current,802.3213,1767.5791,740909412911094
3,5773,MOVE,historical,802.5,1767.5996,740909419724000
3,5774,MOVE,current,802.53516,1767.5996,740909421230490
3,5775,MOVE,historical,802.5996,1767.5,740909428381000
3,5776,MOVE,current,802.6133,1767.4863,740909429550231
3,5777,MOVE,historical,802.7002,1767.5,740909436560000
3,5778,MOVE,current,802.7158,1767.5,740909437866560
3,5779,MOVE,historical,802.7998,1767.4004,740909445235000
3,5780,MOVE,current,802.81055,1767.3887,740909446182816
3,5781,MOVE,historical,803.0,1767.4004,740909453370000
3,5782,MOVE,current,803.02734,1767.4004,740909454499060
3,5783,MOVE,historical,803.0,1767.2998,740909461683000
3,5784,MOVE,current,803.0,1767.2861,740909462815323
3,5785,MOVE,historical,803.2002,1767.2998,740909470429000
3,5786,MOVE,current,803.2158,1767.2998,740909471131498
3,5787,MOVE,historical,803.2998,1767.2002,740909479182000
3,5788,MOVE,current,803.30273,1767.1973,740909479447441
3,5789,MOVE,historical,803.4004,1767.2002,740909486970000
3,5790,MOVE,current,803.41016,1767.2002,740909487763177
3,5791,MOVE,historical,803.5996,1767.0996,740909495440000
3,5792,MOVE,current,803.61523,1767.0928,740909496072340
3,5793,MOVE,historical,803.7002,1767.0,740909503869000
3,5794,MOVE,current,803.70605,1766.9941,740909504381383
3,5795,MOVE,historical,803.9004,1767.0,740909512071000
3,5796,MOVE,current,803.91504,1767.0,740909512690270
3,5797,MOVE,historical,804.0,1766.9004,740909520577000
3,5798,MOVE,current,804.0049,1766.8945,740909520999247
3,5799,MOVE,historical,804.0996,1766.9004,740909528964000
3,5800,MOVE,current,804.1045,1766.9004,740909529308831
3,5801,MOVE,historical,804.2002,1766.7998,740909537421000
3,5802,MOVE,current,804.20215,1766.7979,740909537618350
3,5803,MOVE,historical,804.2998,1766.7998,740909546195000
3,5804,MOVE,current,804.49414,1766.7031,740909554239507
3,5805,MOVE,historical,804.5,1766.7002,740909554496000
3,5806,MOVE,current,804.5996,1766.6504,740909558646500
3,5807,MOVE,historical,804.5996,1766.7002,740909570996000
3,5808,MOVE,current,804.79785,1766.6016,740909579174819
3,5809,MOVE,historical,804.7998,1766.5996,740909579261000
3,5810,MOVE,current,804.8955,1766.5996,740909587486618
3,5811,MOVE,historical,804.9004,1766.5996,740909587906000
3,5812,MOVE,current,804.9922,1766.5078,740909595782670
3,5813,MOVE,historical,805.0,1766.5,740909596409000
3,5814,MOVE,current,805.09375,1766.5,740909604081306
3,5815,MOVE,historical,805.0996,1766.5,740909604597000
3,5816,MOVE,current,805.28516,1766.4072,740909612382374
3,5817,MOVE,historical,805.2998,1766.4004,740909613025000
3,5818,MOVE,current,805.4834,1766.3086,740909620685595
3,5819,MOVE,historical,805.5,1766.2998,740909621397000
3,5820,MOVE,current,805.5879,1766.2998,740909628991026
3,5821,MOVE,historical,805.5996,1766.2998,740909630048000
3,5822,MOVE,current,805.7803,1766.21,740909637298805
3,5823,MOVE,historical,805.7998,1766.2002,740909638086000
3,5824,MOVE,current,805.9004,1766.1504,740909642105000
3,5825,MOVE,historical,806.0,1766.0996,740909646874000
3,5826,MOVE,current,806.0996,1766.0498,740909651268000
3,5827,MOVE,historical,806.0996,1766.0996,740909655494000
3,5828,MOVE,current,806.26465,1766.0176,740909662234719
3,5829,MOVE,historical,806.2998,1766.0,740909663662000
3,5830,MOVE,current,806.4004,1765.9502,740909667746000
3,5831,MOVE,historical,806.4004,1765.9004,740909672290000
3,5832,MOVE,current,806.4502,1765.8496,740909676604000
3,5833,MOVE,historical,806.5996,1765.9004,740909680691000
3,5834,MOVE,current,806.67773,1765.8223,740909687173531
3,5835,MOVE,historical,806.7002,1765.7998,740909689071000
3,5836,MOVE,current,806.75,1765.75,740909693261000
3,5837,MOVE,historical,807.0,1765.7002,740909697404000
3,5838,MOVE,current,807.1504,1765.6504,740909701570500
3,5839,MOVE,historical,807.2002,1765.5996,740909705665000
3,5840,MOVE,current,807.2998,1765.5498,740909709795500
3,5841,MOVE,historical,807.2998,1765.5,740909714379000
3,5842,MOVE,current,807.3496,1765.4502,740909718736000
3,5843,MOVE,historical,807.5,1765.5,740909722558000
3,5844,MOVE,current,807.5996,1765.5,740909726647500
3,5845,MOVE,historical,807.7998,1765.4004,740909731044000
3,5846,MOVE,current,807.9502,1765.3496,740909735287000
3,5847,MOVE,historical,807.9004,1765.2998,740909739107000
3,5848,MOVE,current,807.9502,1765.25,740909743138500
3,5849,MOVE,historical,808.0996,1765.2002,740909747388000
3,5850,MOVE,current,808.2002,1765.1504,740909751528500
3,5851,MOVE,historical,808.2998,1765.0996,740909755966000
3,5852,MOVE,current,808.4004,1765.0498,740909760255000
3,5853,MOVE,historical,808.5,1765.0996,740909764654000
3,5854,MOVE,current,808.5996,1765.0996,740909768998000
3,5855,MOVE,historical,808.5996,1765.0,740909772781000
3,5856,MOVE,current,808.6504,1764.9502,740909776844500
3,5857,MOVE,historical,808.7998,1764.9004,740909781310000
3,5858,MOVE,current,808.9004,1764.8496,740909785574500
3,5859,MOVE,historical,809.0,1764.9004,740909789716000
3,5860,MOVE,current,809.0996,1764.9004,740909793919000
3,5861,MOVE,historical,809.2002,1764.7998,740909798338000
3,5862,MOVE,current,809.2998,1764.75,740909802649000
3,5863,MOVE,historical,809.4004,1764.7002,740909806409000
3,5864,MOVE,current,809.5,1764.6504,740909810444500
3,5865,MOVE,historical,809.5,1764.5996,740909814837000
3,5866,MOVE,current,809.5498,1764.5498,740909819051000
3,5867,MOVE,historical,809.7002,1764.5996,740909823616000
3,5868,MOVE,current,809.7998,1764.5996,740909828005500
3,5869,MOVE,historical,809.9004,1764.5,740909831591000
3,5870,MOVE,current,810.0,1764.4502,740909835578500
3,5871,MOVE,historical,810.0996,1764.4004,740909840253000
3,5872,MOVE,current,810.2002,1764.3496,740909844584000
3,5873,MOVE,historical,810.2998,1764.2998,740909849098000
3,5874,MOVE,current,810.4004,1764.25,740909853520500
3,5875,MOVE,historical,810.5,1764.2002,740909857111000
3,5876,MOVE,current,810.5996,1764.1504,740909861117500
3,5877,MOVE,historical,810.7002,1764.2002,740909865295000
3,5878,MOVE,current,810.7998,1764.2002,740909869387000
3,5879,MOVE,historical,810.7998,1764.0996,740909873845000
3,5880,MOVE,current,810.8496,1764.0498,740909878120000
3,5881,MOVE,historical,811.0996,1764.0,740909882061000
3,5882,MOVE,current,811.25,1763.9502,740909886169000
3,5883,MOVE,historical,811.2002,1763.9004,740909890870000
3,5884,MOVE,current,811.24805,1763.8525,740909895068613
3,5885,MOVE,historical,811.4004,1763.7998,740909898859000
3,5886,MOVE,current,811.5,1763.75,740909902853500
3,5887,MOVE,historical,811.5,1763.7998,740909907428000
3,5888,MOVE,current,811.5498,1763.7998,740909911684206
3,5889,MOVE,historical,811.7002,1763.7002,740909915759000
3,5890,MOVE,current,811.7998,1763.6504,740909919924500
3,5891,MOVE,historical,811.7998,1763.5996,740909924185000
3,5892,MOVE,current,811.84863,1763.5508,740909928302367
3,5893,MOVE,historical,812.0,1763.5,740909932892000
3,5894,MOVE,current,812.08594,1763.457,740909936612588
3,5895,MOVE,historical,812.0996,1763.5,740909941089000
3,5896,MOVE,current,812.1465,1763.5,740909944923599
3,5897,MOVE,historical,812.2998,1763.4004,740909949513000
3,5898,MOVE,current,812.3887,1763.3555,740909953235288
3,5899,MOVE,historical,812.4004,1763.2998,740909957766000
3,5900,MOVE,current,812.4453,1763.2539,740909961547062
3,5901,MOVE,historical,812.5996,1763.2998,740909966099000
3,5902,MOVE,current,812.6904,1763.2998,740909969860317
3,5903,MOVE,historical,812.7002,1763.2002,740909974396000
3,5904,MOVE,current,812.7451,1763.1543,740909978174067
3,5905,MOVE,historical,812.7998,1763.0996,740909982945000
3,5906,MOVE,current,812.8418,1763.0586,740909986488492
3,5907,MOVE,historical,813.0,1763.0,740909991477000
3,5908,MOVE,current,813.0781,1762.9609,740909994803401
3,5909,MOVE,historical,813.0996,1763.0,740909999699000
3,5910,MOVE,current,813.1416,1763.0,740910003118880
3,5911,MOVE,historical,813.2002,1762.9004,740910008167000
3,5912,MOVE,current,813.2383,1762.8613,740910011434969
3,5913,MOVE,historical,813.2998,1762.9004,740910016441000
3,5914,MOVE,current,813.33984,1762.9004,740910019747533
3,5915,MOVE,historical,813.5,1762.7998,740910025218000
3,5916,MOVE,current,813.56445,1762.7676,740910028064497
3,5917,MOVE,historical,813.5996,1762.7002,740910033351000
3,5918,MOVE,current,813.6377,1762.6631,740910036377377
3,5919,MOVE,historical,813.7002,1762.5996,740910042068000
3,5920,MOVE,current,813.73047,1762.5703,740910044695570
3,5921,MOVE,historical,813.7998,1762.5996,740910050140000
3,5922,MOVE,current,813.83594,1762.5996,740910053008828
3,5923,MOVE,historical,814.0,1762.5,740910058826000
3,5924,MOVE,current,814.0576,1762.4717,740910061327606
3,5925,MOVE,historical,814.0996,1762.4004,740910067068000
3,5926,MOVE,current,814.13086,1762.3691,740910069641259
3,5927,MOVE,historical,814.2998,1762.2998,740910075337000
3,5928,MOVE,current,814.3633,1762.2686,740910077954543
3,5929,MOVE,historical,814.5,1762.2998,740910084146000
3,5930,MOVE,current,814.54785,1762.2998,740910086268184
3,5931,MOVE,historical,814.5996,1762.2002,740910092109000
3,5932,MOVE,current,814.63086,1762.169,740910094581074
3,5933,MOVE,historical,814.7002,1762.0996,740910101101000
3,5934,MOVE,current,814.7197,1762.0801,740910102893823
3,5935,MOVE,historical,814.9004,1762.0,740910108999000
3,5936,MOVE,current,814.95605,1761.9717,740910111207391
3,5937,MOVE,historical,815.0996,1761.9004,740910117634000
3,5938,MOVE,current,815.14355,1761.8779,740910119520245
3,5939,MOVE,historical,815.2998,1761.7998,740910126078000
3,5940,MOVE,current,815.3418,1761.7793,740910127833187
3,5941,MOVE,historical,815.4004,1761.7002,740910134300000
3,5942,MOVE,current,815.42285,1761.6777,740910136146176
3,5943,MOVE,historical,815.7002,1761.5996,740910142905000
3,5944,MOVE,current,815.7539,1761.582,740910144459332
3,5945,MOVE,historical,815.7998,1761.5,740910151827000
3,5946,MOVE,current,815.81055,1761.4893,740910152772688
3,5947,MOVE,historical,816.0,1761.4004,740910159588000
3,5948,MOVE,current,816.03906,1761.3809,740910161086272
3,5949,MOVE,historical,816.2002,1761.4004,740910167983000
3,5950,MOVE,current,816.2334,1761.4004,740910169399989
3,5951,MOVE,historical,816.2998,1761.2998,740910176783000
3,5952,MOVE,current,816.31055,1761.2891,740910177713888
3,5953,MOVE,historical,816.5,1761.2002,740910184960000
3,5954,MOVE,current,816.52637,1761.1865,740910186027854
3,5955,MOVE,historical,816.7002,1761.0996,740910193239000
3,5956,MOVE,current,816.72656,1761.0869,740910194341860
3,5957,MOVE,historical,816.7998,1761.0,740910201589000
3,5958,MOVE,current,816.8125,1760.9873,740910202655951
3,5959,MOVE,historical,817.0996,1760.9004,740910210156000
3,5960,MOVE,current,817.1289,1760.8906,740910210970079
3,5961,MOVE,historical,817.2002,1760.7998,740910218617000
3,5962,MOVE,current,817.208,1760.792,740910219284158
3,5963,MOVE,historical,817.4004,1760.7002,740910227086000
3,5964,MOVE,current,817.4121,1760.6943,740910227598105
3,5965,MOVE,historical,817.5996,1760.5996,740910235397000
3,5966,MOVE,current,817.6123,1760.5938,740910235912095
3,5967,MOVE,historical,817.7998,1760.5,740910243579000
3,5968,MOVE,current,817.8154,1760.4922,740910244219617
3,5969,MOVE,historical,818.0,1760.4004,740910252220000
3,5970,MOVE,current,818.00684,1760.3965,740910252527025
3,5971,MOVE,historical,818.2998,1760.2002,740910260713000
3,5972,MOVE,current,818.3047,1760.1973,740910260834307
3,5973,MOVE,historical,818.5,1760.0996,740910268744000
3,5974,MOVE,current,818.50977,1760.0947,740910269141689
3,5975,MOVE,historical,818.7998,1760.0,740910277150000
3,5976,MOVE,current,818.81055,1759.9961,740910277449476
3,5977,MOVE,historical,819.0996,1759.7998,740910285555000
3,5978,MOVE,current,819.1074,1759.7949,740910285756132
3,5979,MOVE,historical,819.2998,1759.7002,740910294027000
3,5980,MOVE,current,819.3008,1759.6992,740910294063730
3,5981,MOVE,historical,819.5996,1759.5996,740910302266000
3,5982,MOVE,current,819.6035,1759.5986,740910302371859
3,5983,MOVE,historical,819.7998,1759.4004,740910310950000
3,5984,MOVE,current,820.18164,1759.209,740910318990003
3,5985,MOVE,historical,820.2002,1759.2002,740910319384000
3,5986,MOVE,current,820.47754,1759.0146,740910327300291
3,5987,MOVE,historical,820.5,1759.0,740910327935000
3,5988,MOVE,current,820.8672,1758.9082,740910335611169
3,5989,MOVE,historical,820.9004,1758.9004,740910336308000
3,5990,MOVE,current,821.0996,1758.8496,740910340494500
3,5991,MOVE,historical,821.2002,1758.7002,740910344991000
3,5992,MOVE,current,821.5625,1758.5186,740910352235369
3,5993,MOVE,historical,821.5996,1758.5,740910352990000
3,5994,MOVE,current,821.9707,1758.3145,740910360548747
3,5995,MOVE,historical,822.0,1758.2998,740910361147000
3,5996,MOVE,current,822.36035,1758.1201,740910368863083
3,5997,MOVE,historical,822.4004,1758.0996,740910369705000
3,5998,MOVE,current,822.75977,1757.8301,740910377170753
3,5999,MOVE,historical,822.7998,1757.7998,740910378017000
3,6000,MOVE,current,823.06445,1757.624,740910385479788
3,6001,MOVE,historical,823.0996,1757.5996,740910386495000
3,6002,MOVE,current,823.25,1757.5,740910390734000
3,6003,MOVE,historical,823.5,1757.4004,740910395057000
3,6004,MOVE,current,823.7002,1757.2998,740910399338000
3,6005,MOVE,historical,823.9004,1757.2002,740910403265000
3,6006,MOVE,current,824.1543,1757.1152,740910410410519
3,6007,MOVE,historical,824.2002,1757.0996,740910411708000
3,6008,MOVE,current,824.5322,1756.9336,740910418719868
3,6009,MOVE,historical,824.5996,1756.9004,740910420143000
3,6010,MOVE,current,824.7998,1756.7998,740910424360500
3,6011,MOVE,historical,824.9004,1756.7002,740910428668000
3,6012,MOVE,current,825.0498,1756.5996,740910432930500
3,6013,MOVE,historical,825.2002,1756.5,740910437180000
3,6014,MOVE,current,825.3496,1756.4004,740910441436000
3,6015,MOVE,historical,825.5996,1756.2998,740910445599000
3,6016,MOVE,current,825.7998,1756.2002,740910449808500
3,6017,MOVE,historical,825.9004,1756.2002,740910453976000
3,6018,MOVE,current,826.0498,1756.1504,740910458164500
3,6019,MOVE,historical,826.2002,1756.0,740910462113000
3,6020,MOVE,current,826.3496,1755.9004,740910466181500
3,6021,MOVE,historical,826.5,1755.7998,740910470813000
3,6022,MOVE,current,826.6504,1755.7002,740910475163000
3,6023,MOVE,historical,826.7998,1755.5996,740910479522000
3,6024,MOVE,current,826.9502,1755.5,740910483876500
3,6025,MOVE,historical,827.2002,1755.4004,740910487241000
3,6026,MOVE,current,827.4004,1755.2998,740910491100500
3,6027,MOVE,historical,827.4004,1755.2998,740910496096000
3,6028,MOVE,current,827.5,1755.25,740910500523500
3,6029,MOVE,historical,827.7002,1755.0996,740910504665000
3,6030,MOVE,current,827.8496,1755.0,740910508949500
3,6031,MOVE,historical,827.9004,1755.0,740910512737000
3,6032,MOVE,current,828.0,1754.9502,740910516773000
3,6033,MOVE,historical,828.2002,1754.9004,740910521120000
3,6034,MOVE,current,828.3496,1754.8496,740910525311500
3,6035,MOVE,historical,828.4004,1754.7998,740910529593000
3,6036,MOVE,current,828.5,1754.75,740910533829500
3,6037,MOVE,historical,828.5996,1754.5996,740910537986000
3,6038,MOVE,current,828.7002,1754.5,740910542182500
3,6039,MOVE,historical,828.7002,1754.5996,740910546414000
3,6040,MOVE,current,828.75,1754.5996,740910550628000
3,6041,MOVE,historical,828.9004,1754.5,740910554821000
3,6042,MOVE,current,829.0,1754.4502,740910559024500
3,6043,MOVE,historical,829.2002,1754.2998,740910563028000
3,6044,MOVE,current,829.3496,1754.2002,740910567131500
3,6045,MOVE,historical,829.2998,1754.2002,740910571457000
3,6046,MOVE,current,829.3496,1754.1504,740910575671500
3,6047,MOVE,historical,829.5,1754.0996,740910579811000
3,6048,MOVE,current,829.5996,1754.0498,740910583988000
3,6049,MOVE,historical,829.7002,1754.0,740910588220000
3,6050,MOVE,current,829.7998,1753.9502,740910592424500
3,6051,MOVE,historical,829.9004,1753.9004,740910596637000
3,6052,MOVE,current,830.0,1753.8496,740910600845500
3,6053,MOVE,historical,830.2002,1753.7998,740910605092000
3,6054,MOVE,current,830.3496,1753.75,740910609319500
3,6055,MOVE,historical,830.2998,1753.7002,740910613689000
3,6056,MOVE,current,830.3496,1753.6504,740910617987500
3,6057,MOVE,historical,830.4004,1753.5996,740910621906000
3,6058,MOVE,current,830.4502,1753.5498,740910626014500
3,6059,MOVE,historical,830.5,1753.5,740910630392000
3,6060,MOVE,current,830.5498,1753.4502,740910634635000
3,6061,MOVE,historical,830.5996,1753.4004,740910638722000
3,6062,MOVE,current,830.6504,1753.3496,740910642887000
3,6063,MOVE,historical,830.7998,1753.4004,740910647267000
3,6064,MOVE,current,830.9004,1753.4004,740910651539500
3,6065,MOVE,historical,830.9004,1753.2998,740910655592000
3,6066,MOVE,current,830.9502,1753.25,740910659754500
3,6067,MOVE,historical,831.0,1753.2002,740910663983000
3,6068,MOVE,current,831.0498,1753.1504,740910668178500
3,6069,MOVE,historical,831.0996,1753.2002,740910672569000
3,6070,MOVE,current,831.1455,1753.2002,740910676496765
3,6071,MOVE,historical,831.2002,1753.0996,740910680830000
3,6072,MOVE,current,831.24805,1753.0518,740910684808918
3,6073,MOVE,historical,831.2998,1753.0996,740910689640000
3,6074,MOVE,current,831.33984,1753.0996,740910693120136
3,6075,MOVE,historical,831.2998,1753.0,740910697694000
3,6076,MOVE,current,831.2998,1752.9541,740910701430561
3,6077,MOVE,historical,831.4004,1752.9004,740910705965000
3,6078,MOVE,current,831.4453,1752.8545,740910709740254
3,6079,MOVE,historical,831.5,1752.9004,740910714385000
3,6080,MOVE,current,831.54395,1752.9004,740910718049131
3,6081,MOVE,historical,831.5996,1752.7998,740910731011000
3,6082,MOVE,current,831.6221,1752.7783,740910734670590
3,6083,MOVE,historical,831.7002,1752.7998,740910739521000
3,6084,MOVE,current,831.74023,1752.7998,740910742984219
3,6085,MOVE,historical,831.7998,1752.7002,740910748148000
3,6086,MOVE,current,831.8369,1752.6631,740910751294996
3,6087,MOVE,historical,831.9004,1752.7002,740910756826000
3,6088,MOVE,current,831.93164,1752.7002,740910759610825
3,6089,MOVE,historical,832.0,1752.5996,740910764595000
3,6090,MOVE,current,832.04297,1752.5576,740910767924371
3,6091,MOVE,historical,832.0996,1752.5996,740910773413000
3,6092,MOVE,current,832.13184,1752.5996,740910776238954
3,6093,MOVE,historical,832.2002,1752.5,740910781575000
3,6094,MOVE,current,832.2363,1752.4639,740910784552558
3,6095,MOVE,historical,832.2998,1752.4004,740910798246000
3,6096,MOVE,current,832.3174,1752.3828,740910801180779
3,6097,MOVE,historical,832.4004,1752.2998,740910806828000
3,6098,MOVE,current,832.43066,1752.2686,740910809495088
3,6099,MOVE,historical,832.5,1752.2998,740910815259000
3,6100,MOVE,current,832.5303,1752.2998,740910817808777
3,6101,MOVE,historical,832.5996,1752.2002,740910823590000
3,6102,MOVE,current,832.63086,1752.1699,740910826123243
3,6103,MOVE,historical,832.7002,1752.2002,740910832470000
3,6104,MOVE,current,832.7217,1752.2002,740910834437883
3,6105,MOVE,historical,832.7998,1752.0996,740910840522000
3,6106,MOVE,current,832.8281,1752.0723,740910842751662
3,6107,MOVE,historical,833.0,1752.0,740910857413000
3,6108,MOVE,current,833.02344,1751.9883,740910859380782
3,6109,MOVE,historical,833.0996,1751.9004,740910865669000
3,6110,MOVE,current,833.125,1751.875,740910867694643
3,6111,MOVE,historical,833.2002,1751.7998,740910874357000
3,6112,MOVE,current,833.21875,1751.7812,740910876009233
3,6113,MOVE,historical,833.2998,1751.7002,740910890841000
3,6114,MOVE,current,833.31055,1751.6895,740910892637394
3,6115,MOVE,historical,833.4004,1751.7002,740910899190000
3,6116,MOVE,current,833.4209,1751.7002,740910900951318
3,6117,MOVE,historical,833.5,1751.5996,740910907821000
3,6118,MOVE,current,833.5166,1751.583,740910909265001
3,6119,MOVE,historical,833.5996,1751.5996,740910916481000
3,6120,MOVE,current,833.6123,1751.5996,740910917578525
3,6121,MOVE,historical,833.7998,1751.5,740910924517000
3,6122,MOVE,current,833.834,1751.4834,740910925891995
3,6123,MOVE,historical,833.9004,1751.4004,740910933040000
3,6124,MOVE,current,833.91406,1751.3867,740910934204654
3,6125,MOVE,historical,834.0996,1751.2998,740910941630000
3,6126,MOVE,current,834.1211,1751.29,740910942517637
3,6127,MOVE,historical,834.2002,1751.2998,740910949912000
3,6128,MOVE,current,834.21094,1751.2998,740910950830792
3,6129,MOVE,historical,834.4004,1751.2002,740910958291000
3,6130,MOVE,current,834.4199,1751.1895,740910959144137
3,6131,MOVE,historical,834.5996,1751.0996,740910966787000
3,6132,MOVE,current,834.6162,1751.0918,740910967457564
3,6133,MOVE,historical,834.7998,1751.0,740910975279000
3,6134,MOVE,current,834.8115,1750.9941,740910975771083
3,6135,MOVE,historical,834.9004,1750.9004,740910983455000
3,6136,MOVE,current,834.9072,1750.8926,740910984084761
3,6137,MOVE,historical,835.0996,1750.7998,740910992307000
3,6138,MOVE,current,835.10254,1750.7988,740910992398543
3,6139,MOVE,historical,835.2002,1750.7002,740911000387000
3,6140,MOVE,current,835.2041,1750.6963,740911000712304
3,6141,MOVE,historical,835.4004,1750.7002,740911008851000
3,6142,MOVE,current,835.4043,1750.7002,740911009026230
3,6143,MOVE,historical,835.5,1750.5996,740911017252000
3,6144,MOVE,current,835.501,1750.5986,740911017340095
3,6145,MOVE,historical,835.7998,1750.4004,740911025480000
3,6146,MOVE,current,835.80664,1750.3955,740911025653937
3,6147,MOVE,historical,835.9004,1750.4004,740911033885000
3,6148,MOVE,current,835.90137,1750.4004,740911033967780
3,6149,MOVE,historical,836.2002,1750.2002,740911042950000
3,6150,MOVE,current,836.3877,1750.1064,740911050595733
3,6151,MOVE,historical,836.4004,1750.0996,740911051111000
3,6152,MOVE,current,836.68555,1749.9102,740911058910070
3,6153,MOVE,historical,836.7002,1749.9004,740911059312000
3,6154,MOVE,current,836.7949,1749.8057,740911067224347
3,6155,MOVE,historical,836.7998,1749.7998,740911067686000
3,6156,MOVE,current,836.9844,1749.708,740911075538329
3,6157,MOVE,historical,837.0,1749.7002,740911076192000
3,6158,MOVE,current,837.0996,1749.6504,740911080445000
3,6159,MOVE,historical,837.2998,1749.5996,740911084855000
3,6160,MOVE,current,837.4502,1749.5498,740911089186500
3,6161,MOVE,historical,837.5,1749.4004,740911093015000
3,6162,MOVE,current,837.77637,1749.3076,740911100459570
3,6163,MOVE,historical,837.7998,1749.2998,740911101092000
3,6164,MOVE,current,837.9502,1749.25,740911105130500
3,6165,MOVE,historical,838.0,1749.2002,740911109557000
3,6166,MOVE,current,838.26953,1749.0205,740911117076778
3,6167,MOVE,historical,838.2998,1749.0,740911117933000
3,6168,MOVE,current,838.4502,1748.9004,740911122121000
3,6169,MOVE,historical,838.5,1748.9004,740911126492000
3,6170,MOVE,current,838.5996,1748.8496,740911130771500
3,6171,MOVE,historical,838.7002,1748.7998,740911134719000
3,6172,MOVE,current,838.8711,1748.7148,740911142000692
3,6173,MOVE,historical,838.9004,1748.7002,740911143230000
3,6174,MOVE,current,839.0,1748.6504,740911147485500
3,6175,MOVE,historical,839.0996,1748.5996,740911151560000
3,6176,MOVE,current,839.2002,1748.5498,740911155725000
3,6177,MOVE,historical,839.2998,1748.5,740911160239000
3,6178,MOVE,current,839.4004,1748.4502,740911164578500
3,6179,MOVE,historical,839.4004,1748.4004,740911168561000
3,6180,MOVE,current,839.4502,1748.3496,740911172722000
3,6181,MOVE,historical,839.5996,1748.2998,740911176993000
3,6182,MOVE,current,839.7002,1748.25,740911181209000
3,6183,MOVE,historical,839.7998,1748.2002,740911185506000
3,6184,MOVE,current,839.9004,1748.1504,740911189762500
3,6185,MOVE,historical,840.0,1748.0996,740911194011000
3,6186,MOVE,current,840.0996,1748.0498,740911198263500
3,6187,MOVE,historical,840.0996,1748.0996,740911202183000
3,6188,MOVE,current,840.1504,1748.0996,740911206269000
3,6189,MOVE,historical,840.2002,1748.0,740911210501000
3,6190,MOVE,current,840.25,1747.9502,740911214660000
3,6191,MOVE,historical,840.4004,1747.9004,740911218762000
3,6192,MOVE,current,840.5,1747.8496,740911222892500
3,6193,MOVE,historical,840.5996,1747.7998,740911227231000
3,6194,MOVE,current,840.7002,1747.75,740911231465500
3,6195,MOVE,historical,840.7002,1747.7002,740911235606000
3,6196,MOVE,current,840.75,1747.6504,740911239793500
3,6197,MOVE,historical,840.9004,1747.5996,740911244046000
3,6198,MOVE,current,841.0,1747.5498,740911248266000
3,6199,MOVE,historical,841.0,1747.5996,740911252397000
3,6200,MOVE,current,841.0498,1747.5996,740911256572500
3,6201,MOVE,historical,841.0996,1747.5,740911261041000
3,6202,MOVE,current,841.1504,1747.4502,740911265363000
3,6203,MOVE,historical,841.2002,1747.4004,740911269950000
3,6204,MOVE,current,841.25,1747.3496,740911274404500
3,6205,MOVE,historical,841.4004,1747.2998,740911277918000
3,6206,MOVE,current,841.5,1747.25,740911281902000
3,6207,MOVE,historical,841.5996,1747.2998,740911286125000
3,6208,MOVE,current,841.7002,1747.2998,740911290228500
3,6209,MOVE,historical,841.7002,1747.2002,740911294767000
3,6210,MOVE,current,841.75,1747.1504,740911299088000
3,6211,MOVE,historical,841.7998,1747.2002,740911302856000
3,6212,MOVE,current,841.8496,1747.2002,740911306900500
3,6213,MOVE,historical,841.9004,1747.0996,740911311466000
3,6214,MOVE,current,841.9502,1747.0498,740911315771000
3,6215,MOVE,historical,842.0996,1747.0,740911328076000
3,6216,MOVE,current,842.1621,1746.9688,740911333243660
3,6217,MOVE,historical,842.2002,1746.9004,740911336773000
3,6218,MOVE,current,842.25,1746.8496,740911341121500
3,6219,MOVE,historical,842.2998,1746.9004,740911345057000
3,6220,MOVE,current,842.3496,1746.9004,740911349199000
3,6221,MOVE,historical,842.5,1746.7998,740911353305000
3,6222,MOVE,current,842.5996,1746.75,740911357429000
3,6223,MOVE,historical,842.7002,1746.7002,740911361757000
3,6224,MOVE,current,842.7998,1746.6504,740911365983000
3,6225,MOVE,historical,842.7998,1746.5996,740911370142000
3,6226,MOVE,current,842.8496,1746.5498,740911374334500
3,6227,MOVE,historical,842.9004,1746.5,740911378500000
3,6228,MOVE,current,842.9502,1746.4502,740911382679000
3,6229,MOVE,historical,843.0,1746.5,740911387023000
3,6230,MOVE,current,843.0498,1746.5,740911391284500
3,6231,MOVE,historical,843.2002,1746.4004,740911395385000
3,6232,MOVE,current,843.2998,1746.3496,740911399566000
3,6233,MOVE,historical,843.2998,1746.2998,740911403750000
3,6234,MOVE,current,843.3496,1746.25,740911407932500
3,6235,MOVE,historical,843.5,1746.2002,740911412163000
3,6236,MOVE,current,843.59863,1746.1504,740911416307645
3,6237,MOVE,historical,843.5996,1746.2002,740911421006000
3,6238,MOVE,current,843.6406,1746.2002,740911424619385
3,6239,MOVE,historical,843.7002,1746.0996,740911429024000
3,6240,MOVE,current,843.749,1746.0518,740911432931999
3,6241,MOVE,historical,843.9004,1746.0,740911437368000
3,6242,MOVE,current,843.99316,1745.9531,740911441245349
3,6243,MOVE,historical,844.0,1746.0,740911445997000
3,6244,MOVE,current,844.041,1746.0,740911449559304
3,6245,MOVE,historical,844.0996,1745.9004,740911454185000
3,6246,MOVE,current,844.1455,1745.8545,740911457873758
3,6247,MOVE,historical,844.2998,1745.9004,740911462605000
3,6248,MOVE,current,844.38477,1745.9004,740911466188554
3,6249,MOVE,historical,844.4004,1745.7998,740911471726000
3,6250,MOVE,current,844.43066,1745.7695,740911474503800
3,6251,MOVE,historical,844.5,1745.7998,740911479420000
3,6252,MOVE,current,844.54395,1745.7998,740911482815591
3,6253,MOVE,historical,844.5996,1745.7002,740911487839000
3,6254,MOVE,current,844.6387,1745.6611,740911491131739
3,6255,MOVE,historical,844.7998,1745.5996,740911496309000
3,6256,MOVE,current,844.874,1745.5635,740911499443828
3,6257,MOVE,historical,844.9004,1745.5996,740911504820000
3,6258,MOVE,current,844.9346,1745.5996,740911507761274
3,6259,MOVE,historical,845.0,1745.5,740911512941000
3,6260,MOVE,current,845.03906,1745.4619,740911516078702
3,6261,MOVE,historical,845.2002,1745.5,740911521409000
3,6262,MOVE,current,845.2705,1745.5,740911524395699
3,6263,MOVE,historical,845.2998,1745.4004,740911529990000
3,6264,MOVE,current,845.33203,1745.3682,740911532712740
3,6265,MOVE,historical,845.5,1745.2998,740911538306000
3,6266,MOVE,current,845.5654,1745.2676,740911541026209
3,6267,MOVE,historical,845.5996,1745.2998,740911546618000
3,6268,MOVE,current,845.6328,1745.2998,740911549338799
3,6269,MOVE,historical,845.7998,1745.2002,740911554916000
3,6270,MOVE,current,845.8662,1745.167,740911557652223
3,6271,MOVE,historical,846.0,1745.0996,740911563587000
3,6272,MOVE,current,846.0547,1745.0723,740911565963226
3,6273,MOVE,historical,846.0996,1745.0,740911571954000
3,6274,MOVE,current,846.1279,1744.9727,740911574276520
3,6275,MOVE,historical,846.2998,1745.0,740911580367000
3,6276,MOVE,current,846.35254,1745.0,740911582587644
3,6277,MOVE,historical,846.5,1744.9004,740911588843000
3,6278,MOVE,current,846.5488,1744.876,740911590899483
3,6279,MOVE,historical,846.5996,1744.7998,740911597133000
3,6280,MOVE,current,846.625,1744.7754,740911599211768
3,6281,MOVE,historical,846.7998,1744.7998,740911605588000
3,6282,MOVE,current,846.8457,1744.7998,740911607524315
3,6283,MOVE,historical,846.9004,1744.7002,740911614062000
3,6284,MOVE,current,846.9209,1744.6787,740911615837012
3,6285,MOVE,historical,847.0996,1744.5996,740911622395000
3,6286,MOVE,current,847.1426,1744.5791,740911624149911
3,6287,MOVE,historical,847.2998,1744.5,740911630820000
3,6288,MOVE,current,847.33887,1744.4805,740911632462869
3,6289,MOVE,historical,847.5,1744.4004,740911639335000
3,6290,MOVE,current,847.5342,1744.3828,740911640775971
3,6291,MOVE,historical,847.5996,1744.4004,740911647940000
3,6292,MOVE,current,847.6133,1744.4004,740911649089528
3,6293,MOVE,historical,847.7998,1744.2998,740911656494000
3,6294,MOVE,current,847.8213,1744.2891,740911657397149
3,6295,MOVE,historical,848.0,1744.2002,740911664570000
3,6296,MOVE,current,848.0283,1744.1855,740911665705291
3,6297,MOVE,historical,848.2002,1744.0996,740911673069000
3,6298,MOVE,current,848.22266,1744.0889,740911674013843
3,6299,MOVE,historical,848.4004,1744.0,740911681315000
3,6300,MOVE,current,848.4248,1743.9883,740911682321859
3,6301,MOVE,historical,848.5,1744.0,740911689739000
3,6302,MOVE,current,848.51074,1744.0,740911690629750
3,6303,MOVE,historical,848.7002,1743.9004,740911698338000
3,6304,MOVE,current,848.71387,1743.8926,740911698930666
3,6305,MOVE,historical,848.9004,1743.7998,740911706544000
3,6306,MOVE,current,848.917,1743.792,740911707225072
3,6307,MOVE,historical,849.0996,1743.7002,740911715171000
3,6308,MOVE,current,849.1084,1743.6963,740911715520188
3,6309,MOVE,historical,849.2998,1743.5996,740911723503000
3,6310,MOVE,current,849.3076,1743.5967,740911723816179
3,6311,MOVE,historical,849.5,1743.5,740911731517000
3,6312,MOVE,current,849.51465,1743.4922,740911732112745
3,6313,MOVE,historical,849.7998,1743.4004,740911740066000
3,6314,MOVE,current,849.8125,1743.3955,740911740411283
3,6315,MOVE,historical,850.0,1743.2998,740911748543000
3,6316,MOVE,current,850.0039,1743.2979,740911748713123
3,6317,MOVE,historical,850.2002,1743.2002,740911756943000
3,6318,MOVE,current,850.20215,1743.1992,740911757018783
3,6319,MOVE,historical,850.4004,1743.0996,740911765618000
3,6320,MOVE,current,850.5996,1743.0996,740911773637171
3,6321,MOVE,historical,850.5996,1743.0996,740911773644000
3,6322,MOVE,current,850.792,1743.0039,740911781949641
3,6323,MOVE,historical,850.7998,1743.0,740911782303000
3,6324,MOVE,current,850.9922,1742.9043,740911790263608
3,6325,MOVE,historical,851.0,1742.9004,740911790597000
3,6326,MOVE,current,851.18945,1742.8047,740911798578711
3,6327,MOVE,historical,851.2002,1742.7998,740911799007000
3,6328,MOVE,current,851.47754,1742.707,740911806896098
3,6329,MOVE,historical,851.5,1742.7002,740911807527000
3,6330,MOVE,current,851.7744,1742.6084,740911815216191
3,6331,MOVE,historical,851.7998,1742.5996,740911815934000
3,6332,MOVE,current,851.9795,1742.5098,740911823533972
3,6333,MOVE,historical,852.0,1742.5,740911824382000
3,6334,MOVE,current,852.2676,1742.4111,740911831853214
3,6335,MOVE,historical,852.2998,1742.4004,740911832747000
3,6336,MOVE,current,852.4502,1742.3496,740911836929500
3,6337,MOVE,historical,852.5,1742.2998,740911841174000
3,6338,MOVE,current,852.5996,1742.25,740911845387500
3,6339,MOVE,historical,852.7998,1742.0996,740911849567000
3,6340,MOVE,current,852.9717,1742.0137,740911856819684
3,6341,MOVE,historical,853.0,1742.0,740911858007000
3,6342,MOVE,current,853.0996,1741.9502,740911862227000
3,6343,MOVE,historical,853.2998,1741.9004,740911866644000
3,6344,MOVE,current,853.4502,1741.8496,740911870962500
3,6345,MOVE,historical,853.5996,1741.7998,740911874960000
3,6346,MOVE,current,853.75,1741.75,740911879118000
3,6347,MOVE,historical,853.7998,1741.7002,740911882999000
3,6348,MOVE,current,854.0488,1741.6172,740911890081764
3,6349,MOVE,historical,854.0996,1741.5996,740911891545000
3,6350,MOVE,current,854.3369,1741.5215,740911898396274
3,6351,MOVE,historical,854.4004,1741.5,740911900216000
3,6352,MOVE,current,854.5498,1741.4502,740911904551500
3,6353,MOVE,historical,854.7002,1741.4004,740911908546000
3,6354,MOVE,current,854.8496,1741.3496,740911912711000
3,6355,MOVE,historical,855.0,1741.2998,740911916916000
3,6356,MOVE,current,855.1504,1741.25,740911921101000
3,6357,MOVE,historical,855.2002,1741.2002,740911925310000
3,6358,MOVE,current,855.2998,1741.1504,740911929507000
3,6359,MOVE,historical,855.5,1741.0,740911933641000
3,6360,MOVE,current,855.6504,1740.9004,740911937806500
3,6361,MOVE,historical,855.9004,1740.9004,740911942222000
3,6362,MOVE,current,856.0996,1740.8496,740911946512500
3,6363,MOVE,historical,856.2002,1740.7998,740911950256000
3,6364,MOVE,current,856.3496,1740.75,740911954273000
3,6365,MOVE,historical,856.5,1740.7002,740911958871000
3,6366,MOVE,current,856.6504,1740.6504,740911963178500
3,6367,MOVE,historical,856.7998,1740.5,740911967210000
3,6368,MOVE,current,856.9502,1740.4004,740911971379500
3,6369,MOVE,historical,857.2002,1740.2998,740911976168000
3,6370,MOVE,current,857.4004,1740.2002,740911980647000
3,6371,MOVE,historical,857.7002,1740.2002,740911984206000
3,6372,MOVE,current,857.9502,1740.1504,740911988225000
3,6373,MOVE,historical,858.0996,1740.0,740911992675000
3,6374,MOVE,current,858.2998,1739.9004,740911996909500
3,6375,MOVE,historical,858.5,1739.7998,740912000982000
3,6376,MOVE,current,858.7002,1739.7002,740912005135500
3,6377,MOVE,historical,858.9004,1739.7002,740912009447000
3,6378,MOVE,current,859.0996,1739.6504,740912013679500
3,6379,MOVE,historical,859.2002,1739.5,740912017603000
3,6380,MOVE,current,859.3496,1739.4004,740912021681000
3,6381,MOVE,historical,859.5996,1739.4004,740912026068000
3,6382,MOVE,current,859.7998,1739.3496,740912030300500
3,6383,MOVE,historical,859.9004,1739.2002,740912034409000
3,6384,MOVE,current,860.0498,1739.0996,740912038579500
3,6385,MOVE,historical,860.2002,1739.0996,740912043129000
3,6386,MOVE,current,860.3496,1739.0498,740912047489000
3,6387,MOVE,historical,860.5,1739.0,740912051271000
3,6388,MOVE,current,860.6504,1738.9502,740912055342000
3,6389,MOVE,historical,860.7002,1738.9004,740912059716000
3,6390,MOVE,current,860.7998,1738.8496,740912063938500
3,6391,MOVE,historical,860.9004,1738.7998,740912068140000
3,6392,MOVE,current,861.0,1738.75,740912072352000
3,6393,MOVE,historical,861.0996,1738.7002,740912076696000
3,6394,MOVE,current,861.2002,1738.6504,740912080974000
3,6395,MOVE,historical,861.2998,1738.7002,740912084867000
3,6396,MOVE,current,861.4004,1738.7002,740912088952500
3,6397,MOVE,historical,861.5,1738.5996,740912093206000
3,6398,MOVE,current,861.5996,1738.5498,740912097375500
3,6399,MOVE,historical,861.7002,1738.4004,740912101605000
3,6400,MOVE,current,861.7998,1738.2998,740912105804500
3,6401,MOVE,historical,862.0,1738.2998,740912110024000
3,6402,MOVE,current,862.1504,1738.25,740912114233500
3,6403,MOVE,historical,862.2998,1738.2002,740912118535000
3,6404,MOVE,current,862.4502,1738.1504,740912122789080
3,6405,MOVE,historical,862.5,1738.0996,740912127321000
3,6406,MOVE,current,862.58594,1738.0566,740912131104423
3,6407,MOVE,historical,862.7998,1738.0,740912135421000
3,6408,MOVE,current,862.94824,1737.9512,740912139421029
3,6409,MOVE,historical,863.2002,1737.7998,740912143774000
3,6410,MOVE,current,863.38965,1737.7051,740912147738731
3,6411,MOVE,historical,863.5,1737.7002,740912152228000
3,6412,MOVE,current,863.63574,1737.6543,740912156057421
3,6413,MOVE,historical,863.7998,1737.5,740912160829000
3,6414,MOVE,current,863.9238,1737.418,740912164377419
3,6415,MOVE,historical,864.0996,1737.4004,740912169205000
3,6416,MOVE,current,864.2246,1737.3584,740912172693364
3,6417,MOVE,historical,864.4004,1737.2002,740912177756000
3,6418,MOVE,current,864.5137,1737.124,740912181009182
3,6419,MOVE,historical,864.7002,1737.0996,740912185895000
3,6420,MOVE,current,864.8262,1737.0576,740912189325251
3,6421,MOVE,historical,865.0,1737.0,740912194448000
3,6422,MOVE,current,865.1123,1736.9629,740912197641762
3,6423,MOVE,historical,865.2998,1736.7998,740912202622000
3,6424,MOVE,current,865.4219,1736.7188,740912205951414
3,6425,MOVE,historical,865.5996,1736.7002,740912210931000
3,6426,MOVE,current,865.7207,1736.6602,740912214262067
3,6427,MOVE,historical,865.9004,1736.5996,740912219543000
3,6428,MOVE,current,866.00586,1736.5645,740912222573219
3,6429,MOVE,historical,866.2002,1736.4004,740912227704000
3,6430,MOVE,current,866.3174,1736.3223,740912230886828
3,6431,MOVE,historical,866.5,1736.2998,740912236145000
3,6432,MOVE,current,866.6084,1736.2637,740912239197519
3,6433,MOVE,historical,866.7998,1736.2002,740912244713000
3,6434,MOVE,current,866.89746,1736.167,740912247508199
3,6435,MOVE,historical,867.0,1736.0996,740912252944000
3,6436,MOVE,current,867.0703,1736.0654,740912255821458
3,6437,MOVE,historical,867.2002,1736.0,740912261404000
3,6438,MOVE,current,867.26465,1735.9678,740912264132927
3,6439,MOVE,historical,867.5,1735.7998,740912270381000
3,6440,MOVE,current,867.56934,1735.7539,740912272446061
3,6441,MOVE,historical,867.7002,1735.7002,740912278102000
3,6442,MOVE,current,867.76855,1735.666,740912280759423
3,6443,MOVE,historical,868.0,1735.5996,740912286803000
3,6444,MOVE,current,868.0781,1735.5742,740912289073503
3,6445,MOVE,historical,868.2002,1735.5,740912295255000
3,6446,MOVE,current,868.25,1735.4746,740912297387761
3,6447,MOVE,historical,868.5,1735.4004,740912303509000
3,6448,MOVE,current,868.5801,1735.373,740912305700925
3,6449,MOVE,historical,868.7002,1735.2998,740912311928000
3,6450,MOVE,current,868.75,1735.2754,740912314015536
3,6451,MOVE,historical,869.0,1735.2002,740912320524000
3,6452,MOVE,current,869.0635,1735.1787,740912322331262
3,6453,MOVE,historical,869.2002,1735.0996,740912328952000
3,6454,MOVE,current,869.24023,1735.0801,740912330647194
3,6455,MOVE,historical,869.5,1734.9004,740912337137000
3,6456,MOVE,current,869.5674,1734.8555,740912338962941
3,6457,MOVE,historical,869.7998,1734.7998,740912345268000
3,6458,MOVE,current,869.874,1734.7754,740912347278946
3,6459,MOVE,historical,870.0996,1734.7002,740912354430000
3,6460,MOVE,current,870.1377,1734.6875,740912355594924
3,6461,MOVE,historical,870.5996,1734.5,740912362877000
3,6462,MOVE,current,870.66113,1734.4756,740912363917784
3,6463,MOVE,historical,870.9004,1734.2998,740912370806000
3,6464,MOVE,current,870.9541,1734.2637,740912372240314
3,6465,MOVE,historical,871.4004,1734.0996,740912379602000
3,6466,MOVE,current,871.4551,1734.0781,740912380562589
3,6467,MOVE,historical,871.9004,1733.9004,740912387462000
3,6468,MOVE,current,871.99023,1733.8633,740912388884779
3,6469,MOVE,historical,872.4004,1733.7002,740912396117000
3,6470,MOVE,current,872.4629,1733.6748,740912397207114
3,6471,MOVE,historical,873.0996,1733.4004,740912404630000
3,6472,MOVE,current,873.1738,1733.3682,740912405525639
3,6473,MOVE,historical,873.9004,1733.0996,740912412777000
3,6474,MOVE,current,874.0049,1733.0605,740912413843953
3,6475,MOVE,historical,874.7002,1732.7998,740912421674000
3,6476,MOVE,current,874.74414,1732.7832,740912422162057
3,6477,MOVE,historical,875.4004,1732.5,740912429833000
3,6478,MOVE,current,875.4551,1732.4766,740912430480204
3,6479,MOVE,historical,876.2998,1732.2002,740912438061000
3,6480,MOVE,current,876.38086,1732.1729,740912438797645
3,6481,MOVE,historical,877.0,1731.9004,740912446749000
3,6482,MOVE,current,877.0293,1731.8877,740912447114923
3,6483,MOVE,historical,877.7998,1731.5996,740912454711000
3,6484,MOVE,current,877.8721,1731.5732,740912455432064
3,6485,MOVE,historical,878.5996,1731.4004,740912463298000
3,6486,MOVE,current,878.6416,1731.3896,740912463748268
3,6487,MOVE,historical,879.2002,1731.0996,740912472312000
3,6488,MOVE,historical,879.9004,1730.9004,740912479942000
3,6489,MOVE,current,879.93945,1730.8887,740912480377371
3,6490,MOVE,historical,880.5996,1730.7002,740912488531000
3,6491,MOVE,current,880.6133,1730.6963,740912488690759
3,6492,MOVE,historical,881.0996,1730.5,740912496777000
3,6493,MOVE,current,881.1133,1730.4941,740912497003774
3,6494,MOVE,historical,881.7002,1730.2998,740912505518000
3,6495,MOVE,current,882.1865,1730.1055,740912513627736
3,6496,MOVE,historical,882.2002,1730.0996,740912513857000
3,6497,MOVE,current,882.5781,1729.9111,740912521938709
3,6498,MOVE,historical,882.5996,1729.9004,740912522397000
3,6499,MOVE,current,883.084,1729.706,740912530253921
3,6500,MOVE,historical,883.0996,1729.7002,740912530515000
3,6501,MOVE,current,883.56934,1729.5117,740912538569168
3,6502,MOVE,historical,883.5996,1729.5,740912539090000
3,6503,MOVE,current,884.0742,1729.3105,740912546884353
3,6504,MOVE,historical,884.0996,1729.2998,740912547314000
3,6505,MOVE,current,884.5547,1729.1182,740912555199334
3,6506,MOVE,historical,884.5996,1729.0996,740912555988000
3,6507,MOVE,current,885.05176,1728.919,740912563514183
3,6508,MOVE,historical,885.0996,1728.9004,740912564317000
3,6509,MOVE,current,885.53125,1728.7275,740912571828943
3,6510,MOVE,historical,885.5996,1728.7002,740912573024000
3,6511,MOVE,current,886.04785,1728.5215,740912580143761
3,6512,MOVE,historical,886.0996,1728.5,740912580980000
3,6513,MOVE,current,886.3496,1728.4004,740912584958000
3,6514,MOVE,historical,886.5996,1728.4004,740912589387000
3,6515,MOVE,current,886.8496,1728.3496,740912593590500
3,6516,MOVE,historical,887.0996,1728.2002,740912597863000
3,6517,MOVE,current,887.3496,1728.0996,740912602101000
3,6518,MOVE,historical,887.5,1728.0,740912606594000
3,6519,MOVE,current,887.8447,1727.9141,740912613400201
3,6520,MOVE,historical,887.9004,1727.9004,740912614489000
3,6521,MOVE,current,888.23926,1727.8154,740912621714203
3,6522,MOVE,historical,888.2998,1727.7998,740912623012000
3,6523,MOVE,current,888.5,1727.75,740912627273500
3,6524,MOVE,historical,888.5996,1727.5996,740912631769000
3,6525,MOVE,current,888.75,1727.5,740912636147500
3,6526,MOVE,historical,888.9004,1727.5,740912640075000
3,6527,MOVE,current,889.0498,1727.4502,740912644228000
3,6528,MOVE,historical,889.2002,1727.4004,740912648535000
3,6529,MOVE,current,889.3496,1727.3496,740912652765000
3,6530,MOVE,historical,889.5,1727.2998,740912656772000
3,6531,MOVE,current,889.6504,1727.25,740912660890500
3,6532,MOVE,historical,889.7998,1727.2002,740912665285000
3,6533,MOVE,current,889.9502,1727.1504,740912669541500
3,6534,MOVE,historical,890.0,1727.0996,740912673568000
3,6535,MOVE,current,890.0996,1727.0498,740912677709500
3,6536,MOVE,historical,890.2998,1727.0,740912682034000
3,6537,MOVE,current,890.4502,1726.9502,740912686267000
3,6538,MOVE,historical,890.5,1727.0,740912690343000
3,6539,MOVE,current,890.5996,1727.0,740912694497500
3,6540,MOVE,historical,890.5996,1726.9004,740912698604000
3,6541,MOVE,current,890.6504,1726.8496,740912702734500
3,6542,MOVE,historical,890.7998,1726.9004,740912706988000
3,6543,MOVE,current,890.9004,1726.9004,740912711180000
3,6544,MOVE,historical,891.0,1726.7998,740912715473000
3,6545,MOVE,current,891.0996,1726.75,740912719715500
3,6546,MOVE,historical,891.0996,1726.7998,740912724134000
3,6547,MOVE,current,891.1504,1726.7998,740912728464500
3,6548,MOVE,historical,891.2002,1726.7002,740912732428000
3,6549,MOVE,current,891.25,1726.6504,740912736575000
3,6550,MOVE,historical,891.4004,1726.7002,740912740969000
3,6551,MOVE,current,891.5,1726.7002,740912745239500
3,6552,MOVE,historical,891.5,1726.5996,740912749209000
3,6553,MOVE,current,891.5498,1726.5498,740912753329000
3,6554,MOVE,historical,891.7002,1726.5996,740912757554000
3,6555,MOVE,current,891.7998,1726.5996,740912761726500
3,6556,MOVE,historical,891.7998,1726.5,740912765925000
3,6557,MOVE,current,891.8496,1726.4502,740912770110500
3,6558,MOVE,historical,891.9004,1726.5,740912774259000
3,6559,MOVE,current,891.9502,1726.5,740912778426000
3,6560,MOVE,historical,892.0,1726.5,740912782660000
3,6561,MOVE,current,892.0498,1726.5,740912786860500
3,6562,MOVE,historical,892.0996,1726.4004,740912791253000
3,6563,MOVE,current,892.1504,1726.3496,740912795549500
3,6564,MOVE,historical,892.2002,1726.4004,740912799510000
3,6565,MOVE,current,892.25,1726.4004,740912803638500
3,6566,MOVE,historical,891.7998,1726.5996,740913161180000
3,6567,MOVE,historical,891.2002,1727.0,740913169319000
3,6568,MOVE,current,891.11426,1727.0576,740913170483995
3,6569,MOVE,historical,890.7002,1727.2002,740913178300000
3,6570,MOVE,current,890.6709,1727.2119,740913178817328
3,6571,MOVE,historical,890.2002,1727.5,740913186239000
3,6572,MOVE,current,890.1426,1727.5342,740913187150661
3,6573,MOVE,historical,889.7002,1727.7998,740913194764000
3,6574,MOVE,current,889.66016,1727.8242,740913195447375
3,6575,MOVE,historical,889.2002,1728.0996,740913202962000
3,6576,MOVE,current,889.15137,1728.1289,740913203761328
3,6577,MOVE,historical,888.7002,1728.2998,740913211525000
3,6578,MOVE,current,888.667,1728.3135,740913212094661
3,6579,MOVE,historical,888.2998,1728.5996,740913219730000
3,6580,MOVE,current,888.2656,1728.626,740913220427994
3,6581,MOVE,historical,887.7998,1728.7998,740913228377000
3,6582,MOVE,current,887.77734,1728.8086,740913228761327
3,6583,MOVE,historical,887.2998,1729.0,740913236839000
3,6584,MOVE,current,887.28516,1729.0059,740913237094660
3,6585,MOVE,historical,886.7998,1729.2998,740913244926000
3,6586,MOVE,current,886.7793,1729.3125,740913245259078
3,6587,MOVE,historical,886.4004,1729.5,740913253366000
3,6588,MOVE,current,886.38965,1729.5049,740913253575889
3,6589,MOVE,historical,885.9004,1729.7002,740913262303000
3,6590,MOVE,current,885.41504,1729.8945,740913270207727
3,6591,MOVE,historical,885.4004,1729.9004,740913270446000
3,6592,MOVE,current,884.9248,1730.0898,740913278522846
3,6593,MOVE,historical,884.9004,1730.0996,740913278947000
3,6594,MOVE,current,884.42285,1730.291,740913286837780
3,6595,MOVE,historical,884.4004,1730.2998,740913287214000
3,6596,MOVE,current,883.92676,1730.4893,740913295152701
3,6597,MOVE,historical,883.9004,1730.5,740913295606000
3,6598,MOVE,current,883.4463,1730.6816,740913303467808
3,6599,MOVE,historical,883.4004,1730.7002,740913304263000
3,6600,MOVE,current,882.95703,1730.877,740913311782726
3,6601,MOVE,historical,882.9004,1730.9004,740913312745000
3,6602,MOVE,current,882.6504,1731.0,740913316986000
3,6603,MOVE,historical,882.5,1731.0996,740913320977000
3,6604,MOVE,current,882.0537,1731.2783,740913328411862
3,6605,MOVE,historical,882.0,1731.2998,740913329315000
3,6606,MOVE,current,881.75,1731.4004,740913333484000
3,6607,MOVE,historical,881.5996,1731.4004,740913337547000
3,6608,MOVE,current,881.4004,1731.4502,740913341663000
3,6609,MOVE,historical,881.0996,1731.5996,740913346174000
3,6610,MOVE,current,880.8496,1731.7002,740913350487500
3,6611,MOVE,historical,880.7002,1731.7998,740913354718000
3,6612,MOVE,current,880.5,1731.9004,740913358990000
3,6613,MOVE,historical,880.2998,1731.9004,740913362751000
3,6614,MOVE,current,880.0996,1731.9502,740913366767500
3,6615,MOVE,historical,879.9004,1732.0996,740913371346000
3,6616,MOVE,current,879.7002,1732.2002,740913375643500
3,6617,MOVE,historical,879.5,1732.2002,740913379576000
3,6618,MOVE,current,879.2998,1732.25,740913383691000
3,6619,MOVE,historical,879.0996,1732.4004,740913388247000
3,6620,MOVE,current,878.9004,1732.5,740913392582500
3,6621,MOVE,historical,878.5996,1732.5996,740913396662000
3,6622,MOVE,current,878.3496,1732.7002,740913400869500
3,6623,MOVE,historical,878.2002,1732.7002,740913405095000
3,6624,MOVE,current,878.0,1732.75,740913409311500
3,6625,MOVE,historical,877.7998,1732.9004,740913413443000
3,6626,MOVE,current,877.5996,1733.0,740913417617000
3,6627,MOVE,historical,877.4004,1733.0,740913421874000
3,6628,MOVE,current,877.2002,1733.0498,740913426089500
3,6629,MOVE,historical,877.0,1733.2002,740913430401000
3,6630,MOVE,current,876.7998,1733.2998,740913434664500
3,6631,MOVE,historical,876.5996,1733.2998,740913438362000
3,6632,MOVE,current,876.4004,1733.3496,740913442342500
3,6633,MOVE,historical,876.2002,1733.5,740913446898000
3,6634,MOVE,current,876.0,1733.6006,740913451166000
3,6635,MOVE,historical,875.9004,1733.5996,740913455169000
3,6636,MOVE,current,875.75,1733.6504,740913459304500
3,6637,MOVE,historical,875.5996,1733.7002,740913463597000
3,6638,MOVE,current,875.4502,1733.75,740913467811000
3,6639,MOVE,historical,875.2002,1733.9004,740913472127000
3,6640,MOVE,current,875.0,1734.0,740913476392000
3,6641,MOVE,historical,874.9004,1734.0,740913480628000
3,6642,MOVE,current,874.75,1734.0498,740913484878500
3,6643,MOVE,historical,874.5,1734.0996,740913489217000
3,6644,MOVE,current,874.2998,1734.1504,740913493511500
3,6645,MOVE,historical,874.2002,1734.2002,740913497390000
3,6646,MOVE,current,874.0498,1734.25,740913501476500
3,6647,MOVE,historical,874.0,1734.2998,740913505827000
3,6648,MOVE,current,873.9004,1734.3496,740913510045500
3,6649,MOVE,historical,873.7002,1734.4004,740913514060000
3,6650,MOVE,current,873.5498,1734.4502,740913518176500
3,6651,MOVE,historical,873.5,1734.5,740913522471000
3,6652,MOVE,current,873.4004,1734.5498,740913526676500
3,6653,MOVE,historical,873.2002,1734.5996,740913530981000
3,6654,MOVE,current,873.0498,1734.6504,740913535236000
3,6655,MOVE,historical,873.0,1734.7002,740913539237000
3,6656,MOVE,current,872.9004,1734.75,740913543365000
3,6657,MOVE,historical,872.7002,1734.7998,740913547681000
3,6658,MOVE,current,872.5498,1734.8496,740913551903000
3,6659,MOVE,historical,872.4004,1734.9004,740913556282000
3,6660,MOVE,current,872.25,1734.9502,740913560582500
3,6661,MOVE,historical,872.0996,1735.0,740913564606000
3,6662,MOVE,current,871.9502,1735.0498,740913568768000
3,6663,MOVE,historical,871.9004,1735.0996,740913573010000
3,6664,MOVE,current,871.7998,1735.1504,740913577212000
3,6665,MOVE,historical,871.5996,1735.2998,740913581443000
3,6666,MOVE,current,871.4502,1735.4004,740913585659500
3,6667,MOVE,historical,871.4004,1735.2998,740913589862000
3,6668,MOVE,current,871.2998,1735.2998,740913594071500
3,6669,MOVE,historical,871.0996,1735.4004,740913598102000
3,6670,MOVE,current,870.9502,1735.4502,740913602222000
3,6671,MOVE,historical,870.7998,1735.5996,740913606622000
3,6672,MOVE,current,870.6504,1735.7002,740913610882000
3,6673,MOVE,historical,870.5996,1735.7002,740913614969000
3,6674,MOVE,current,870.5,1735.75,740913619142500
3,6675,MOVE,historical,870.2998,1735.7998,740913623668000
3,6676,MOVE,current,870.1631,1735.8457,740913627636555
3,6677,MOVE,historical,870.0996,1735.9004,740913631740000
3,6678,MOVE,current,870.0,1735.9502,740913635776000
3,6679,MOVE,historical,869.7998,1736.0,740913640581000
3,6680,MOVE,current,869.6748,1736.042,740913644259351
3,6681,MOVE,historical,869.5,1736.0996,740913648544000
3,6682,MOVE,current,869.3496,1736.1504,740913652525500
3,6683,MOVE,historical,869.2998,1736.2002,740913656964000
3,6684,MOVE,current,869.20703,1736.2461,740913660884842
3,6685,MOVE,historical,869.0,1736.4004,740913665440000
3,6686,MOVE,current,868.8672,1736.4883,740913669198542
3,6687,MOVE,historical,868.7998,1736.5,740913673842000
3,6688,MOVE,current,868.7129,1736.544,740913677512777
3,6689,MOVE,historical,868.5,1736.5996,740913682359000
3,6690,MOVE,current,868.3779,1736.6406,740913685827469
3,6691,MOVE,historical,868.2002,1736.7002,740913690676000
3,6692,MOVE,current,868.0752,1736.7412,740913694142592
3,6693,MOVE,historical,867.9004,1736.7998,740913699035000
3,6694,MOVE,current,867.77734,1736.8408,740913702458021
3,6695,MOVE,historical,867.5996,1736.9004,740913707481000
3,6696,MOVE,current,867.4834,1736.9385,740913710773698
3,6697,MOVE,historical,867.4004,1737.0,740913715798000
3,6698,MOVE,current,867.3213,1737.04,740913719086522
3,6699,MOVE,historical,867.2002,1737.0996,740913724358000
3,6700,MOVE,current,867.1289,1737.1357,740913727402911
3,6701,MOVE,historical,866.9004,1737.2002,740913732673000
3,6702,MOVE,current,866.79004,1737.2363,740913735716019
3,6703,MOVE,historical,866.5996,1737.4004,740913740949000
3,6704,MOVE,current,866.4883,1737.4746,740913744032556
3,6705,MOVE,historical,866.4004,1737.5,740913749391000
3,6706,MOVE,current,866.3301,1737.5352,740913752345949
3,6707,MOVE,historical,866.0996,1737.5996,740913757681000
3,6708,MOVE,current,865.9922,1737.6357,740913760662354
3,6709,MOVE,historical,865.7998,1737.7002,740913766807000
3,6710,MOVE,current,865.7285,1737.7236,740913768972655
3,6711,MOVE,historical,865.5,1737.9004,740913774490000
3,6712,MOVE,current,865.3906,1737.9727,740913777286133
3,6713,MOVE,historical,865.0996,1738.0,740913783186000
3,6714,MOVE,current,864.98926,1738.0273,740913785596805
3,6715,MOVE,historical,864.7998,1738.0996,740913791548000
3,6716,MOVE,current,864.71484,1738.1279,740913793910126
3,6717,MOVE,historical,864.5,1738.2998,740913799911000
3,6718,MOVE,current,864.41797,1738.3545,740913802202054
3,6719,MOVE,historical,864.0996,1738.4004,740913808549000
3,6720,MOVE,current,864.00977,1738.4229,740913810496701
3,6721,MOVE,historical,863.7998,1738.5996,740913816937000
3,6722,MOVE,current,863.7334,1738.6445,740913818795335
3,6723,MOVE,historical,863.4004,1738.7002,740913825285000
3,6724,MOVE,current,863.3135,1738.7217,740913827096847
3,6725,MOVE,historical,863.0996,1738.9004,740913833555000
3,6726,MOVE,current,863.0332,1738.9443,740913835400521
3,6727,MOVE,historical,862.5996,1739.0,740913841965000
3,6728,MOVE,current,862.4961,1739.0205,740913843705910
3,6729,MOVE,historical,862.2998,1739.2002,740913850440000
3,6730,MOVE,current,862.24414,1739.2373,740913852012543
3,6731,MOVE,historical,861.9004,1739.4004,740913858873000
3,6732,MOVE,current,861.83105,1739.4346,740913860320366
3,6733,MOVE,historical,861.4004,1739.5996,740913867162000
3,6734,MOVE,current,861.3115,1739.6357,740913868629152
3,6735,MOVE,historical,860.9004,1739.7002,740913875874000
3,6736,MOVE,current,860.83887,1739.7119,740913876932845
3,6737,MOVE,historical,860.4004,1739.9004,740913884353000
3,6738,MOVE,current,860.34766,1739.9209,740913885237732
3,6739,MOVE,historical,859.9004,1740.0996,740913892642000
3,6740,MOVE,current,859.8457,1740.1221,740913893543580
3,6741,MOVE,historical,859.2998,1740.2998,740913901041000
3,6742,MOVE,current,859.2422,1740.3193,740913901850115
3,6743,MOVE,historical,858.7002,1740.5996,740913909561000
3,6744,MOVE,current,858.6582,1740.6211,740913910157740
3,6745,MOVE,historical,858.0996,1740.7998,740913917943000
3,6746,MOVE,current,858.0625,1740.8125,740913918466551
3,6747,MOVE,historical,857.5996,1741.0,740913926159000
3,6748,MOVE,current,857.5625,1741.0146,740913926776886
3,6749,MOVE,historical,857.0996,1741.2002,740913934469000
3,6750,MOVE,current,857.0625,1741.2148,740913935089665
3,6751,MOVE,historical,856.5,1741.4004,740913942913000
3,6752,MOVE,current,856.46484,1741.4111,740913943405054
3,6753,MOVE,historical,856.0996,1741.5996,740913951269000
3,6754,MOVE,current,856.0781,1741.6113,740913951723244
3,6755,MOVE,historical,855.5996,1741.7998,740913959863000
3,6756,MOVE,current,855.58984,1741.8047,740913960044645
3,6757,MOVE,historical,855.2002,1742.0,740913968245000
3,6758,MOVE,current,855.19434,1742.0029,740913968357173
3,6759,MOVE,historical,854.7998,1742.2002,740913976548000
3,6760,MOVE,current,854.79395,1742.2031,740913976670034
3,6761,MOVE,historical,854.4004,1742.2998,740913985146000
3,6762,MOVE,current,854.20605,1742.4941,740913993297473
3,6763,MOVE,historical,854.2002,1742.5,740913993566000
3,6764,MOVE,current,853.82324,1742.5947,740914001612102
3,6765,MOVE,historical,853.7998,1742.5996,740914002105000
3,6766,MOVE,current,853.5127,1742.6963,740914009927543
3,6767,MOVE,historical,853.5,1742.7002,740914010263000
3,6768,MOVE,current,853.3115,1742.794,740914018243652
3,6769,MOVE,historical,853.2998,1742.7998,740914018751000
3,6770,MOVE,current,853.02246,1742.9854,740914026560550
3,6771,MOVE,historical,853.0,1743.0,740914027181000
3,6772,MOVE,current,852.72656,1743.0908,740914034878066
3,6773,MOVE,historical,852.7002,1743.0996,740914035629000
3,6774,MOVE,current,852.5498,1743.1504,740914039853000
3,6775,MOVE,historical,852.5,1743.2002,740914044274000
3,6776,MOVE,current,852.4004,1743.25,740914048596500
3,6777,MOVE,historical,852.2998,1743.2998,740914052524000
3,6778,MOVE,current,852.2002,1743.3496,740914056649000
3,6779,MOVE,historical,852.2002,1743.2998,740914060960000
3,6780,MOVE,current,852.0205,1743.3896,740914068133306
3,6781,MOVE,historical,852.0,1743.4004,740914068964000
3,6782,MOVE,current,851.8262,1743.4873,740914076447547
3,6783,MOVE,historical,851.7998,1743.5,740914077576000
3,6784,MOVE,current,851.7002,1743.5498,740914081882000
3,6785,MOVE,historical,851.5996,1743.5996,740914086127000
3,6786,MOVE,current,851.5,1743.6504,740914090402500
3,6787,MOVE,historical,851.5,1743.5996,740914094271000
3,6788,MOVE,current,851.4502,1743.5996,740914098343000
3,6789,MOVE,historical,851.2002,1743.7002,740914102658000
3,6790,MOVE,current,851.12305,1743.7773,740914109703891
3,6791,MOVE,historical,851.0996,1743.7998,740914111791000
3,6792,MOVE,current,851.0498,1743.8496,740914116357500
3,6793,MOVE,historical,850.9004,1743.9004,740914119730000
3,6794,MOVE,current,850.7998,1743.9502,740914123699500
3,6795,MOVE,historical,850.7002,1744.0,740914128151000
3,6796,MOVE,current,850.5996,1744.0498,740914132361500
3,6797,MOVE,historical,850.4004,1744.0996,740914136631000
3,6798,MOVE,current,850.25,1744.1504,740914140871000
3,6799,MOVE,historical,850.2002,1744.2002,740914145102000
3,6800,MOVE,current,850.0996,1744.25,740914149337500
3,6801,MOVE,historical,849.9004,1744.4004,740914153328000
3,6802,MOVE,current,849.75,1744.5,740914157441000
3,6803,MOVE,historical,849.5996,1744.5,740914161782000
3,6804,MOVE,current,849.4502,1744.5498,740914166009000
3,6805,MOVE,historical,849.2998,1744.7002,740914170129000
3,6806,MOVE,current,849.1504,1744.7998,740914174302500
3,6807,MOVE,historical,849.0,1744.7998,740914178422000
3,6808,MOVE,current,848.8496,1744.8496,740914182568500
3,6809,MOVE,historical,848.5996,1745.0,740914186659000
3,6810,MOVE,current,848.4004,1745.1006,740914190777500
3,6811,MOVE,historical,848.2998,1745.0996,740914195234000
3,6812,MOVE,current,848.1504,1745.1504,740914199521500
3,6813,MOVE,historical,848.0,1745.2998,740914203475000
3,6814,MOVE,current,847.8496,1745.4004,740914207595500
3,6815,MOVE,historical,847.7002,1745.4004,740914212230000
3,6816,MOVE,current,847.5498,1745.4502,740914216607500
3,6817,MOVE,historical,847.4004,1745.5996,740914220587000
3,6818,MOVE,current,847.25,1745.7002,740914224765500
3,6819,MOVE,historical,847.2002,1745.7002,740914228758000
3,6820,MOVE,current,847.0996,1745.75,740914232843500
3,6821,MOVE,historical,846.9004,1745.7998,740914237360000
3,6822,MOVE,current,846.75,1745.8496,740914241661000
3,6823,MOVE,historical,846.5996,1746.0,740914245734000
3,6824,MOVE,current,846.4502,1746.1006,740914249921000
3,6825,MOVE,historical,846.4004,1746.0996,740914254156000
3,6826,MOVE,current,846.2998,1746.1504,740914258367000
3,6827,MOVE,historical,846.0996,1746.2002,740914262534000
3,6828,MOVE,current,845.9502,1746.25,740914266723000
3,6829,MOVE,historical,845.7998,1746.2998,740914271263000
3,6830,MOVE,current,845.6504,1746.3496,740914275627500
3,6831,MOVE,historical,845.5996,1746.4004,740914279385000
3,6832,MOVE,current,845.5,1746.4502,740914283446000
3,6833,MOVE,historical,845.4004,1746.5996,740914287771000
3,6834,MOVE,current,845.2998,1746.7002,740914291964000
3,6835,MOVE,historical,845.2002,1746.7002,740914295935000
3,6836,MOVE,current,845.0996,1746.75,740914300017000
3,6837,MOVE,historical,845.0,1746.7998,740914304379000
3,6838,MOVE,current,844.9004,1746.8496,740914308601000
3,6839,MOVE,historical,844.7998,1746.9004,740914312996000
3,6840,MOVE,current,844.7002,1746.9502,740914317304500
3,6841,MOVE,historical,844.5,1747.0,740914321254000
3,6842,MOVE,current,844.3496,1747.0498,740914325383000
3,6843,MOVE,historical,844.2998,1747.0996,740914330001000
3,6844,MOVE,current,844.2051,1747.1475,740914334158385
3,6845,MOVE,historical,844.0996,1747.2002,740914338400000
3,6846,MOVE,current,844.0029,1747.248,740914342467089
3,6847,MOVE,historical,843.7998,1747.2998,740914346386000
3,6848,MOVE,current,843.6504,1747.3496,740914350379000
3,6849,MOVE,historical,843.5,1747.5,740914354789000
3,6850,MOVE,current,843.3496,1747.6006,740914358990500
3,6851,MOVE,historical,843.2998,1747.5996,740914363670000
3,6852,MOVE,current,843.2158,1747.6416,740914367397281
3,6853,MOVE,historical,843.0996,1747.7002,740914371914000
3,6854,MOVE,current,843.0078,1747.7461,740914375709000
3,6855,MOVE,historical,843.0,1747.7998,740914380078000
3,6856,MOVE,current,842.95215,1747.8486,740914384021552
3,6857,MOVE,historical,842.7002,1747.9004,740914388583000
3,6858,MOVE,current,842.5674,1747.9443,740914392334948
3,6859,MOVE,historical,842.5,1748.0,740914397100000
3,6860,MOVE,current,842.417,1748.042,740914400649326
3,6861,MOVE,historical,842.4004,1748.0996,740914405505000
3,6862,MOVE,current,842.3584,1748.1416,740914408964642
3,6863,MOVE,historical,842.0996,1748.2002,740914413870000
3,6864,MOVE,current,841.97754,1748.2412,740914417280759
3,6865,MOVE,historical,841.9004,1748.2998,740914422341000
3,6866,MOVE,current,841.82324,1748.3389,740914425597610
3,6867,MOVE,historical,841.7002,1748.4004,740914430601000
3,6868,MOVE,current,841.6201,1748.4404,740914433915433
3,6869,MOVE,historical,841.5996,1748.5,740914438887000
3,6870,MOVE,current,841.5596,1748.54,740914442228107
3,6871,MOVE,historical,841.4004,1748.5996,740914447308000
3,6872,MOVE,current,841.32324,1748.6387,740914450541900
3,6873,MOVE,historical,841.2002,1748.7002,740914455759000
3,6874,MOVE,current,841.12695,1748.7363,740914458855765
3,6875,MOVE,historical,841.0996,1748.7998,740914464876000
3,6876,MOVE,current,841.0752,1748.8252,740914467169372
3,6877,MOVE,historical,841.0,1748.9004,740914472472000
3,6878,MOVE,current,840.95996,1748.9395,740914475482269
3,6879,MOVE,historical,840.7002,1749.0,740914481043000
3,6880,MOVE,current,840.6035,1749.0322,740914483795740
3,6881,MOVE,historical,840.5996,1749.0996,740914489616000
3,6882,MOVE,current,840.5713,1749.1289,740914492109243
3,6883,MOVE,historical,840.5,1749.2002,740914498030000
3,6884,MOVE,current,840.4717,1749.2285,740914500422212
3,6885,MOVE,historical,840.2998,1749.2998,740914506281000
3,6886,MOVE,current,840.24023,1749.3301,740914508735685
3,6887,MOVE,historical,840.0996,1749.4004,740914514815000
3,6888,MOVE,current,840.04785,1749.4258,740914517049254
3,6889,MOVE,historical,839.9004,1749.5,740914523241000
3,6890,MOVE,current,839.8496,1749.5254,740914525362289
3,6891,MOVE,historical,839.7002,1749.5996,740914531783000
3,6892,MOVE,current,839.6553,1749.6221,740914533675907
3,6893,MOVE,historical,839.5,1749.7002,740914540158000
3,6894,MOVE,current,839.45605,1749.7217,740914541989287
3,6895,MOVE,historical,839.2998,1749.9004,740914548353000
3,6896,MOVE,current,839.25195,1749.9473,740914550302723
3,6897,MOVE,historical,839.0996,1750.0,740914556700000
3,6898,MOVE,current,839.0537,1750.0234,740914558616114
3,6899,MOVE,historical,838.9004,1750.0996,740914564893000
3,6900,MOVE,current,838.8506,1750.125,740914566929642
3,6901,MOVE,historical,838.5996,1750.2998,740914573385000
3,6902,MOVE,current,838.5342,1750.3438,740914575242986
3,6903,MOVE,historical,838.2998,1750.5,740914582018000
3,6904,MOVE,current,838.2461,1750.5361,740914583556284
3,6905,MOVE,historical,838.0996,1750.5996,740914590169000
3,6906,MOVE,current,838.0586,1750.6211,740914591869630
3,6907,MOVE,historical,837.7002,1750.7998,740914598687000
3,6908,MOVE,current,837.6299,1750.835,740914600183050
3,6909,MOVE,historical,837.5,1751.0,740914607118000
3,6910,MOVE,current,837.4678,1751.0332,740914608496374
3,6911,MOVE,historical,837.0996,1751.2002,740914615545000
3,6912,MOVE,current,837.04004,1751.2305,740914616809718
3,6913,MOVE,historical,836.9004,1751.4004,740914623984000
3,6914,MOVE,current,836.87305,1751.4268,740914625123024
3,6915,MOVE,historical,836.5,1751.5996,740914632225000
3,6916,MOVE,current,836.4414,1751.6299,740914633436354
3,6917,MOVE,historical,836.2002,1751.7998,740914641014000
3,6918,MOVE,current,836.1748,1751.8164,740914641749735
3,6919,MOVE,historical,835.7998,1752.0,740914649190000
3,6920,MOVE,current,835.75684,1752.0215,740914650063120
3,6921,MOVE,historical,835.5,1752.2002,740914657471000
3,6922,MOVE,current,835.4668,1752.2217,740914658376630
3,6923,MOVE,historical,835.0996,1752.5,740914666118000
3,6924,MOVE,current,835.07324,1752.5195,740914666690165
3,6925,MOVE,historical,834.7998,1752.7002,740914674406000
3,6926,MOVE,current,834.7783,1752.7148,740914675003621
3,6927,MOVE,historical,834.4004,1752.9004,740914682741000
3,6928,MOVE,current,834.3721,1752.9141,740914683316954
3,6929,MOVE,historical,834.0,1753.0996,740914691034000
3,6930,MOVE,current,833.9717,1753.1143,740914691630152
3,6931,MOVE,historical,833.7002,1753.2998,740914699584000
3,6932,MOVE,current,833.6875,1753.3086,740914699950787
3,6933,MOVE,historical,833.4004,1753.5996,740914707996000
3,6934,MOVE,current,833.3906,1753.6094,740914708270761
3,6935,MOVE,historical,833.0996,1753.7002,740914716577000
3,6936,MOVE,current,833.0996,1753.7002,740914716590099
3,6937,MOVE,historical,832.7998,1753.9004,740914724650000
3,6938,MOVE,current,832.79004,1753.9062,740914724908485
3,6939,MOVE,historical,832.5,1754.0996,740914733019000
3,6940,MOVE,current,832.49316,1754.1045,740914733218708
3,6941,MOVE,historical,832.2002,1754.2998,740914741741000
3,6942,MOVE,current,831.9092,1754.4941,740914749838270
3,6943,MOVE,historical,831.9004,1754.5,740914750096000
3,6944,MOVE,current,831.61426,1754.5957,740914758147743
3,6945,MOVE,historical,831.5996,1754.5996,740914758538000
3,6946,MOVE,current,831.41016,1754.79,740914766457263
3,6947,MOVE,historical,831.4004,1754.7998,740914766886000
3,6948,MOVE,current,831.21484,1754.8926,740914774766551
3,6949,MOVE,historical,831.2002,1754.9004,740914775385000
3,6950,MOVE,current,830.9238,1755.084,740914783075881
3,6951,MOVE,historical,830.9004,1755.0996,740914783727000
3,6952,MOVE,current,830.7158,1755.1924,740914791385202
3,6953,MOVE,historical,830.7002,1755.2002,740914792055000
3,6954,MOVE,current,830.51953,1755.29,740914799694461
3,6955,MOVE,historical,830.5,1755.2998,740914800513000
3,6956,MOVE,current,830.4004,1755.3496,740914804742000
3,6957,MOVE,historical,830.2998,1755.4004,740914808928000
3,6958,MOVE,current,830.2002,1755.4502,740914813135500
3,6959,MOVE,historical,830.0996,1755.5996,740914817401000
3,6960,MOVE,current,830.0,1755.7002,740914821637500
3,6961,MOVE,historical,829.9004,1755.5996,740914825662000
3,6962,MOVE,current,829.7998,1755.5996,740914829792500
3,6963,MOVE,historical,829.7002,1755.7998,740914834366000
3,6964,MOVE,current,829.5996,1755.9004,740914838718000
3,6965,MOVE,historical,829.5,1755.9004,740914842678000
3,6966,MOVE,current,829.41504,1755.9004,740914849550053
3,6967,MOVE,historical,829.4004,1755.9004,740914850784000
3,6968,MOVE,current,829.3496,1755.9004,740914854837000
3,6969,MOVE,historical,829.2002,1756.0996,740914859425000
3,6970,MOVE,current,829.0996,1756.2002,740914863745500
3,6971,MOVE,historical,829.0,1756.2002,740914867986000
3,6972,MOVE,current,828.9004,1756.25,740914872266500
3,6973,MOVE,historical,828.7998,1756.2998,740914876623000
3,6974,MOVE,current,828.7002,1756.3496,740914880941500
3,6975,MOVE,historical,828.5996,1756.4004,740914884688000
3,6976,MOVE,current,828.5,1756.4502,740914888720500
3,6977,MOVE,historical,828.5,1756.4004,740914892999000
3,6978,MOVE,current,828.4502,1756.4004,740914897154500
3,6979,MOVE,historical,828.5,1756.5,740914901517000
3,6980,MOVE,current,828.5,1756.5498,740914905776000
3,6981,MOVE,historical,828.4004,1756.5,740914909885000
3,6982,MOVE,current,828.3496,1756.5,740914914069000
3,6983,MOVE,historical,828.2998,1756.5,740914918082000
3,6984,MOVE,current,828.25,1756.5,740914922180500
3,6985,MOVE,historical,828.2002,1756.5996,740914926399000
3,6986,MOVE,current,828.1504,1756.6504,740914930557500
3,6987,UP,current,828.2002,1756.5996,740915028182000
4,6988,DOWN,current,847.7998,1747.9004,740917817179000
4,6989,MOVE,historical,847.9004,1747.7998,740918868686000
4,6990,MOVE,historical,849.0,1747.0996,740918875886000
4,6991,MOVE,current,849.5498,1746.75,740918879486000
4,6992,MOVE,historical,850.0996,1746.4004,740918884261000
4,6993,MOVE,current,850.6504,1746.0498,740918888448500
4,6994,MOVE,historical,851.0996,1745.7998,740918892385000
4,6995,MOVE,current,851.5996,1745.5,740918896447000
4,6996,MOVE,historical,852.2002,1745.2002,740918900971000
4,6997,MOVE,current,852.75,1744.9004,740918905264000
4,6998,MOVE,historical,853.2002,1744.5996,740918909366000
4,6999,MOVE,current,853.7002,1744.2998,740918913563500
4,7000,MOVE,historical,854.5,1743.9004,740918917797000
4,7001,MOVE,current,855.1504,1743.5498,740918922012500
4,7002,MOVE,historical,855.5996,1743.2998,740918926249000
4,7003,MOVE,current,856.1504,1743.0,740918930475000
4,7004,MOVE,historical,856.7002,1742.7998,740918934492000
4,7005,MOVE,current,857.25,1742.5498,740918938613500
4,7006,MOVE,historical,858.0,1742.0996,740918942909000
4,7007,MOVE,current,858.6504,1741.75,740918947117500
4,7008,MOVE,historical,859.2002,1741.5,740918951357000
4,7009,MOVE,current,859.7998,1741.2002,740918955581000
4,7010,MOVE,historical,860.4004,1740.9004,740918959730000
4,7011,MOVE,current,861.0,1740.5996,740918963916500
4,7012,MOVE,historical,861.5996,1740.2002,740918968307000
4,7013,MOVE,current,862.2002,1739.8496,740918972595500
4,7014,MOVE,historical,862.7998,1739.5996,740918976769000
4,7015,MOVE,current,863.4004,1739.2998,740918981000000
4,7016,MOVE,historical,864.0996,1739.0,740918984942000
4,7017,MOVE,current,864.75,1738.7002,740918989028500
4,7018,MOVE,historical,865.5,1738.2998,740918993448000
4,7019,MOVE,current,866.2002,1737.9502,740918997701000
4,7020,MOVE,historical,866.7998,1737.7002,740919001846000
4,7021,MOVE,current,867.4502,1737.4004,740919006045000
4,7022,MOVE,historical,868.0996,1737.0996,740919010216000
4,7023,MOVE,current,868.75,1736.7998,740919014401000
4,7024,MOVE,historical,869.2998,1736.5,740919018534000
4,7025,MOVE,current,869.9004,1736.2002,740919022693000
4,7026,MOVE,historical,870.5,1735.9004,740919026955000
4,7027,MOVE,current,871.0996,1735.5996,740919031165500
4,7028,MOVE,historical,871.5996,1735.4004,740919035469000
4,7029,MOVE,current,872.12305,1735.1621,740919039521161
4,7030,MOVE,historical,872.5996,1734.9004,740919043779000
4,7031,MOVE,current,873.08887,1734.6562,740919047837570
4,7032,MOVE,historical,873.7002,1734.4004,740919052451000
4,7033,MOVE,current,874.1699,1734.1865,740919056154447
4,7034,MOVE,historical,874.7002,1734.0,740919060519000
4,7035,MOVE,current,875.18945,1733.8047,740919064470145
4,7036,MOVE,historical,875.5996,1733.5996,740919069054000
4,7037,MOVE,current,875.9912,1733.4258,740919072767456
4,7038,MOVE,historical,876.4004,1733.2002,740919077440000
4,7039,MOVE,current,876.7461,1733.0273,740919081067882
4,7040,MOVE,historical,877.2002,1732.7998,740919085974000
4,7041,MOVE,current,877.51855,1732.6406,740919089369641
4,7042,MOVE,historical,877.7998,1732.5996,740919094216000
4,7043,MOVE,current,878.05176,1732.5166,740919097672172
4,7044,MOVE,historical,878.2998,1732.2998,740919102709000
4,7045,MOVE,current,878.4922,1732.1846,740919105974600
4,7046,MOVE,historical,878.7998,1732.0,740919111179000
4,7047,MOVE,current,878.9834,1731.8906,740919114277819
4,7048,MOVE,historical,879.4004,1731.7998,740919119687000
4,7049,MOVE,current,879.6045,1731.7314,740919122581613
4,7050,MOVE,historical,879.7998,1731.5996,740919127859000
4,7051,MOVE,current,879.94824,1731.5254,740919130893055
4,7052,MOVE,historical,880.0996,1731.4004,740919136659000
4,7053,MOVE,current,880.1865,1731.3418,740919139197250
4,7054,MOVE,historical,880.5,1731.2002,740919144723000
4,7055,MOVE,current,880.6387,1731.1309,740919147508153
4,7056,MOVE,historical,881.0,1731.0,740919153144000
4,7057,MOVE,current,881.1582,1730.9365,740919155813172
4,7058,MOVE,historical,881.4004,1730.7998,740919161758000
4,7059,MOVE,current,881.50977,1730.7451,740919164123612
4,7060,MOVE,historical,881.9004,1730.5996,740919169883000
4,7061,MOVE,current,882.05664,1730.5371,740919172430317
4,7062,MOVE,historical,882.5996,1730.2998,740919178732000
4,7063,MOVE,current,882.7588,1730.2314,740919180740408
4,7064,MOVE,historical,883.4004,1730.0,740919186646000
4,7065,MOVE,current,883.6426,1729.9092,740919189049223
4,7066,MOVE,historical,884.2998,1729.7002,740919195236000
4,7067,MOVE,current,884.52246,1729.626,740919197360065
4,7068,MOVE,historical,885.2002,1729.2998,740919203386000
4,7069,MOVE,current,885.45215,1729.1875,740919205669810
4,7070,MOVE,historical,886.0996,1729.0,740919212264000
4,7071,MOVE,current,886.2744,1728.9414,740919213986075
4,7072,MOVE,historical,887.0996,1728.5996,740919220447000
4,7073,MOVE,current,887.32715,1728.5088,740919222303841
4,7074,MOVE,historical,888.0996,1728.2002,740919228780000
4,7075,MOVE,current,888.3213,1728.1113,740919230621393
4,7076,MOVE,historical,889.2002,1727.7998,740919237394000
4,7077,MOVE,current,889.39746,1727.7285,740919238938727
4,7078,MOVE,historical,890.2002,1727.4004,740919245883000
4,7079,MOVE,current,890.3613,1727.335,740919247255325
4,7080,MOVE,historical,891.4004,1727.0,740919254099000
4,7081,MOVE,current,891.61523,1726.9287,740919255572695
4,7082,MOVE,historical,892.5,1726.5,740919262366000
4,7083,MOVE,current,892.70215,1726.4082,740919263884727
4,7084,MOVE,historical,893.5996,1726.0996,740919272069000
4,7085,MOVE,current,893.61426,1726.0947,740919272198754
4,7086,MOVE,historical,894.7002,1725.5996,740919279526000
4,7087,MOVE,current,894.8447,1725.5342,740919280506803
4,7088,MOVE,historical,895.7998,1725.0996,740919287672000
4,7089,MOVE,current,895.9541,1725.0303,740919288815547
4,7090,MOVE,historical,897.0,1724.7002,740919296499000
4,7091,MOVE,current,897.08496,1724.6719,740919297124975
4,7092,MOVE,historical,898.0996,1724.2002,740919304906000
4,7093,MOVE,current,898.16895,1724.169,740919305434900
4,7094,MOVE,historical,899.2002,1723.7002,740919313127000
4,7095,MOVE,current,899.2822,1723.6621,740919313744694
4,7096,MOVE,historical,900.2998,1723.2002,740919321611000
4,7097,MOVE,current,900.3574,1723.1738,740919322054880
4,7098,MOVE,historical,901.4004,1722.7002,740919329820000
4,7099,MOVE,current,901.47266,1722.667,740919330365172
4,7100,MOVE,historical,902.4004,1722.2002,740919338199000
4,7101,MOVE,current,902.45703,1722.1719,740919338675844
4,7102,MOVE,historical,903.5,1721.7998,740919346431000
4,7103,MOVE,current,903.5742,1721.7734,740919346987375
4,7104,MOVE,historical,904.4004,1721.4004,740919354804000
4,7105,MOVE,current,904.4531,1721.376,740919355300189
4,7106,MOVE,historical,905.2998,1721.0,740919363607000
4,7107,MOVE,current,905.3008,1721.0,740919363613893
4,7108,MOVE,historical,906.0996,1720.5996,740919371823000
4,7109,MOVE,current,906.11035,1720.5947,740919371928954
4,7110,MOVE,historical,907.0,1720.2002,740919380201000
4,7111,MOVE,current,907.0049,1720.1982,740919380245162
4,7112,MOVE,historical,907.7998,1719.9004,740919388942000
4,7113,MOVE,current,908.58887,1719.5059,740919396880517
4,7114,MOVE,historical,908.5996,1719.5,740919396988000
4,7115,MOVE,current,909.26465,1719.1201,740919405199418
4,7116,MOVE,historical,909.2998,1719.0996,740919405634000
4,7117,MOVE,current,909.96094,1718.8164,740919413518442
4,7118,MOVE,historical,910.0,1718.7998,740919413987000
4,7119,MOVE,current,910.6572,1718.4248,740919421838277
4,7120,MOVE,historical,910.7002,1718.4004,740919422354000
4,7121,MOVE,current,911.25195,1718.124,740919430153954
4,7122,MOVE,historical,911.2998,1718.0996,740919430832000
4,7123,MOVE,current,911.9453,1717.7314,740919438469902
4,7124,MOVE,historical,912.0,1717.7002,740919439114000
4,7125,MOVE,current,912.3496,1717.5,740919443255000
4,7126,MOVE,historical,912.5996,1717.4004,740919448481000
4,7127,MOVE,current,912.9004,1717.25,740919453164500
4,7128,MOVE,historical,913.2002,1717.0996,740919456462000
4,7129,MOVE,current,913.5,1716.9502,740919460452500
4,7130,MOVE,historical,913.7002,1716.9004,740919464389000
4,7131,MOVE,current,913.9502,1716.7998,740919468352500
4,7132,MOVE,historical,914.2002,1716.5996,740919473042000
4,7133,MOVE,current,914.4502,1716.4502,740919477368500
4,7134,MOVE,historical,914.7002,1716.2998,740919481566000
4,7135,MOVE,current,914.9502,1716.1504,740919485828000
4,7136,MOVE,historical,915.0996,1716.0996,740919489794000
4,7137,MOVE,current,915.2998,1716.0,740919493908000
4,7138,MOVE,historical,915.4004,1715.9004,740919498070000
4,7139,MOVE,current,915.65625,1715.8145,740919504966747
4,7140,MOVE,historical,915.7002,1715.7998,740919506136000
4,7141,MOVE,current,915.7822,1715.7178,740919513277700
4,7142,MOVE,historical,915.7998,1715.7002,740919514841000
4,7143,MOVE,current,915.8496,1715.6504,740919519193500
4,7144,MOVE,historical,915.9004,1715.7002,740919523060000
4,7145,MOVE,current,915.9502,1715.7002,740919527169500
4,7146,MOVE,historical,916.0,1715.5996,740919542090000
4,7147,MOVE,current,916.2002,1715.5996,740919542428000
4,7148,MOVE,historical,916.4004,1715.5,740919548198000
4,7149,MOVE,current,916.5,1715.4502,740919551083000
4,7150,MOVE,historical,916.5996,1715.4004,740919556886000
4,7151,MOVE,current,916.7002,1715.3496,740919561230000
4,7152,MOVE,historical,916.7998,1715.2998,740919565051000
4,7153,MOVE,current,916.9004,1715.25,740919569133500
4,7154,MOVE,historical,917.0,1715.2002,740919573605000
4,7155,MOVE,current,917.0996,1715.1504,740919577882000
4,7156,MOVE,historical,917.2998,1715.0996,740919582027000
4,7157,MOVE,current,917.4502,1715.0498,740919586238000
4,7158,MOVE,historical,917.4004,1715.0996,740919590214000
4,7159,MOVE,current,917.4502,1715.0996,740919594307500
4,7160,MOVE,historical,917.5996,1715.0,740919599002000
4,7161,MOVE,current,917.7002,1714.9502,740919603396000
4,7162,MOVE,historical,917.7002,1715.0,740919607484000
4,7163,MOVE,current,917.75,1715.0,740919611725000
4,7164,MOVE,historical,917.9004,1714.9004,740919615592000
4,7165,MOVE,current,918.0,1714.8496,740919619646000
4,7166,MOVE,historical,918.0,1714.9004,740919623958000
4,7167,MOVE,current,918.0498,1714.9004,740919628141000
4,7168,MOVE,historical,918.0,1715.0,740919632437000
4,7169,MOVE,current,918.0,1715.0498,740919636676500
4,7170,MOVE,historical,918.0996,1714.9004,740919641120000
4,7171,MOVE,current,918.1504,1714.8496,740919645461500
4,7172,MOVE,historical,918.0996,1715.0,740919649131000
4,7173,MOVE,current,918.0996,1715.0498,740919653136500
4,7174,MOVE,historical,918.2002,1715.0,740919657551000
4,7175,MOVE,current,918.25,1715.0,740919661761000
4,7176,MOVE,historical,918.2002,1715.0996,740919666136000
4,7177,MOVE,current,918.2002,1715.1504,740919670428500
4,7178,MOVE,historical,918.2998,1715.0,740919674679000
4,7179,MOVE,current,918.3496,1714.9502,740919678950500
4,7180,MOVE,historical,918.2998,1715.0996,740919682896000
4,7181,MOVE,current,918.2998,1715.1504,740919687004500
4,7182,MOVE,historical,918.2998,1715.2002,740919691215000
4,7183,MOVE,current,918.2998,1715.25,740919695374500
4,7184,MOVE,historical,918.2998,1715.2998,740919700346000
4,7185,MOVE,current,918.2998,1715.3447,740919704441524
4,7186,MOVE,historical,918.2998,1715.4004,740919708106000
4,7187,MOVE,current,918.2998,1715.4502,740919711986000
4,7188,MOVE,historical,918.2998,1715.5,740919716541000
4,7189,MOVE,current,918.2998,1715.5498,740919720758500
4,7190,MOVE,historical,918.2998,1715.5996,740919724926000
4,7191,MOVE,current,918.2998,1715.6504,740919729118500
4,7192,MOVE,historical,918.2998,1715.7002,740919734042000
4,7193,MOVE,current,918.2998,1715.7402,740919737691735
4,7194,MOVE,historical,918.2998,1715.7998,740919741759000
4,7195,MOVE,current,918.2998,1715.8496,740919745617500
4,7196,MOVE,historical,918.2998,1715.9004,740919750002000
4,7197,MOVE,current,918.2998,1715.9502,740919754123500
4,7198,MOVE,historical,917.5,1716.4004,740921860685000
4,7199,MOVE,historical,915.0,1717.5,740921869009000
4,7200,MOVE,current,914.7363,1717.6162,740921869886257
4,7201,MOVE,historical,912.0996,1718.7998,740921877048000
4,7202,MOVE,current,910.6504,1719.4502,740921881067500
4,7203,MOVE,historical,908.9004,1720.2998,740921886001000
4,7204,MOVE,current,907.2998,1721.0498,740921890477500
4,7205,MOVE,historical,905.4004,1721.7002,740921893936000
4,7206,MOVE,current,903.6504,1722.4004,740921897903500
4,7207,MOVE,historical,901.7998,1723.2998,740921902341000
4,7208,MOVE,current,900.0,1724.0996,740921906543500
4,7209,MOVE,historical,898.5,1724.7002,740921910870000
4,7210,MOVE,current,896.8496,1725.4004,740921915134500
4,7211,MOVE,historical,895.0996,1726.2002,740921919292000
4,7212,MOVE,current,893.4004,1726.9502,740921923503000
4,7213,MOVE,historical,891.7998,1727.7002,740921927543000
4,7214,MOVE,current,890.1504,1728.4502,740921931668500
4,7215,MOVE,historical,888.5996,1729.0,740921936188000
4,7216,MOVE,current,887.0,1729.6504,740921940510500
4,7217,MOVE,historical,885.4004,1730.2998,740921944372000
4,7218,MOVE,current,883.7998,1730.9502,740921948464000
4,7219,MOVE,historical,882.2998,1731.4004,740921952866000
4,7220,MOVE,current,880.75,1731.9502,740921957113000
4,7221,MOVE,historical,879.2002,1732.5,740921961476000
4,7222,MOVE,current,877.6504,1733.0498,740921965781000
4,7223,MOVE,historical,876.0,1733.5,740921970014000
4,7224,MOVE,current,874.40137,1734.0,740921974280081
4,7225,MOVE,historical,873.0,1734.5,740921977870000
4,7226,MOVE,current,871.5,1735.0,740921981798000
4,7227,MOVE,historical,870.0996,1735.5,740921986322000
4,7228,MOVE,current,868.6504,1736.0,740921990548000
4,7229,MOVE,historical,867.2002,1736.5,740921994819000
4,7230,MOVE,current,865.75,1737.0,740921999067500
4,7231,MOVE,historical,864.7002,1737.4004,740922003235000
4,7232,MOVE,current,863.4502,1737.8496,740922007443000
4,7233,MOVE,historical,862.4004,1738.4004,740922011546000
4,7234,MOVE,current,861.25,1738.9004,740922015701500
4,7235,MOVE,historical,860.2998,1739.2002,740922019990000
4,7236,MOVE,current,859.2627,1739.5957,740922024162769
4,7237,MOVE,historical,858.4004,1740.0,740922028552000
4,7238,MOVE,current,857.5303,1740.3662,740922032470295
4,7239,MOVE,historical,856.7002,1740.7998,740922036760000
4,7240,MOVE,current,855.8672,1741.1914,740922040780152
4,7241,MOVE,historical,855.0,1741.4004,740922045245000
4,7242,MOVE,current,854.2295,1741.6719,740922049091551
4,7243,MOVE,historical,853.0996,1742.2002,740922053595000
4,7244,MOVE,current,852.2334,1742.5654,740922057404246
4,7245,MOVE,historical,851.5996,1742.7998,740922062181000
4,7246,MOVE,current,850.9824,1743.0469,740922065717674
4,7247,MOVE,historical,849.9004,1743.4004,740922070912000
4,7248,MOVE,current,849.29297,1743.6143,740922074031709
4,7249,MOVE,historical,848.2002,1744.0,740922079022000
4,7250,MOVE,current,847.5039,1744.2461,740922082344635
4,7251,MOVE,historical,846.5,1744.5996,740922087370000
4,7252,MOVE,current,845.8301,1744.8359,740922090658137
4,7253,MOVE,historical,844.9004,1745.2998,740922095685000
4,7254,MOVE,current,844.2676,1745.5771,740922098971999
4,7255,MOVE,historical,843.2002,1746.0,740922104242000
4,7256,MOVE,current,842.5947,1746.249,740922107286431
4,7257,MOVE,historical,841.4004,1746.9004,740922112711000
4,7258,MOVE,current,840.78516,1747.207,740922115602394
4,7259,MOVE,historical,839.7998,1747.7002,740922120918000
4,7260,MOVE,current,839.21484,1747.9922,740922123918907
4,7261,MOVE,historical,838.0,1748.7002,740922129518000
4,7262,MOVE,current,837.43066,1749.0156,740922132236105
4,7263,MOVE,historical,836.5996,1749.5,740922138105000
4,7264,MOVE,current,836.2012,1749.7275,740922140550311
4,7265,MOVE,historical,835.2998,1750.2002,740922146203000
4,7266,MOVE,current,834.8721,1750.4307,740922148868410
4,7267,MOVE,historical,834.2002,1750.9004,740922154693000
4,7268,MOVE,current,833.87695,1751.1055,740922157187656
4,7269,MOVE,historical,833.0996,1751.5,740922162988000
4,7270,MOVE,current,832.7666,1751.6816,740922165502370
4,7271,MOVE,historical,832.2998,1752.0,740922171336000
4,7272,MOVE,current,832.0615,1752.1494,740922173822285
4,7273,MOVE,historical,831.4004,1752.5,740922179628000
4,7274,MOVE,current,831.1279,1752.6514,740922182137317
4,7275,MOVE,historical,830.7002,1752.9004,740922188466000
4,7276,MOVE,current,830.542,1752.9902,740922190457498
4,7277,MOVE,historical,830.0,1753.2998,740922196500000
4,7278,MOVE,current,829.80176,1753.4131,740922198772837
4,7279,MOVE,historical,829.5,1753.7002,740922205179000
4,7280,MOVE,current,829.38965,1753.7881,740922207093772
4,7281,MOVE,historical,829.0996,1753.9004,740922213568000
4,7282,MOVE,current,829.0117,1753.9443,740922215415006
4,7283,MOVE,historical,828.7002,1754.0996,740922221932000
4,7284,MOVE,current,828.6133,1754.1436,740922223735605
4,7285,MOVE,historical,828.4004,1754.2002,740922230168000
4,7286,MOVE,current,828.33105,1754.2227,740922232051002
4,7287,MOVE,historical,828.2998,1754.2998,740922238663000
4,7288,MOVE,current,828.2803,1754.3203,740922240365684
4,7289,MOVE,historical,828.2998,1754.4004,740922246970000
4,7290,MOVE,current,828.2998,1754.4209,740922248680359
4,7291,MOVE,historical,828.2002,1754.4004,740922264132000
4,7292,MOVE,current,828.19336,1754.4004,740922265309975
4,7293,MOVE,current,828.0,1754.5,740923701846000
4,7294,MOVE,historical,827.5996,1754.7998,740923710065000
4,7295,MOVE,current,827.5,1754.875,740923712114995
4,7296,MOVE,historical,827.0,1755.2998,740923718479000
4,7297,MOVE,current,826.8594,1755.417,740923720448328
4,7298,MOVE,historical,825.9004,1755.9004,740923726659000
4,7299,MOVE,current,825.61426,1756.0557,740923728781661
4,7300,MOVE,historical,824.2998,1756.9004,740923735178000
4,7301,MOVE,current,823.9365,1757.127,740923737114994
4,7302,MOVE,historical,822.0,1758.0996,740923743556000
4,7303,MOVE,current,821.48047,1758.3711,740923745448327
4,7304,MOVE,historical,818.7998,1759.7998,740923751934000
4,7305,MOVE,current,818.12305,1760.1602,740923753706747
4,7306,MOVE,historical,814.2002,1761.9004,740923760787000
4,7307,MOVE,current,813.5586,1762.1934,740923762022328
4,7308,MOVE,historical,808.5,1764.4004,740923768882000
4,7309,MOVE,current,807.4619,1764.8555,740923770355661
4,7310,MOVE,historical,802.0996,1767.0996,740923777364000
4,7311,MOVE,current,801.1006,1767.5215,740923778688994
4,7312,MOVE,historical,788.2998,1773.4004,740923786483000
4,7313,MOVE,current,787.4834,1773.7725,740923787022327
4,7314,MOVE,historical,781.2998,1776.9004,740923794061000
4,7315,MOVE,current,780.1045,1777.498,740923795355660
4,7316,MOVE,historical,776.5996,1779.2998,740923802698000
4,7317,MOVE,current,776.14844,1779.5303,740923803527967
4,7318,MOVE,historical,772.4004,1781.7998,740923811315000
4,7319,MOVE,current,772.1426,1781.9531,740923811843274
4,7320,MOVE,historical,767.9004,1784.5996,740923819524000
4,7321,MOVE,current,767.55176,1784.8164,740923820158479
4,7322,MOVE,historical,763.7998,1787.2002,740923827771000
4,7323,MOVE,current,763.4512,1787.4219,740923828473603
4,7324,MOVE,historical,759.7002,1789.7998,740923836285000
4,7325,MOVE,current,759.45703,1789.9541,740923836788707
4,7326,MOVE,historical,755.5,1792.5,740923844637000
4,7327,MOVE,current,755.26465,1792.6514,740923845104448
4,7328,MOVE,historical,751.5996,1794.9004,740923852844000
4,7329,MOVE,current,751.3262,1795.0684,740923853420482
4,7330,MOVE,historical,747.7002,1797.2998,740923861324000
4,7331,MOVE,current,747.50977,1797.417,740923861736778
4,7332,MOVE,historical,744.0,1799.4004,740923869679000
4,7333,MOVE,current,743.834,1799.4941,740923870052930
4,7334,MOVE,historical,740.5,1801.4004,740923878159000
4,7335,MOVE,current,740.4131,1801.4492,740923878369041
4,7336,MOVE,historical,737.2002,1803.2002,740923886419000
4,7337,MOVE,current,737.09375,1803.2578,740923886685263
4,7338,MOVE,historical,734.2998,1804.9004,740923894825000
4,7339,MOVE,current,734.23926,1804.9355,740923895001734
4,7340,MOVE,historical,731.7998,1806.2998,740923903293000
4,7341,MOVE,current,731.79297,1806.3037,740923903318127
4,7342,MOVE,historical,729.5996,1807.7002,740923912151000
4,7343,MOVE,current,727.77344,1808.7578,740923919950430
4,7344,MOVE,historical,727.7002,1808.7998,740923920265000
4,7345,MOVE,current,726.0283,1809.8213,740923928266663
4,7346,MOVE,historical,725.9004,1809.9004,740923928880000
4,7347,MOVE,current,725.0,1810.4502,740923933187500
4,7348,MOVE,historical,724.2002,1810.9004,740923937431000
4,7349,MOVE,current,723.3496,1811.4004,740923941706500
4,7350,MOVE,historical,722.4004,1812.0,740923945990000
4,7351,MOVE,current,720.8496,1813.0029,740923953214975
4,7352,MOVE,historical,720.7002,1813.0996,740923953912000
4,7353,MOVE,current,719.2383,1814.0137,740923961523787
4,7354,MOVE,historical,719.0996,1814.0996,740923962245000
4,7355,MOVE,current,717.6426,1815.0107,740923969833085
4,7356,MOVE,historical,717.5,1815.0996,740923970573000
4,7357,MOVE,current,716.0537,1816.0947,740923978135452
4,7358,MOVE,historical,715.9004,1816.2002,740923978938000
4,7359,MOVE,current,714.625,1817.0498,740923986439200
4,7360,MOVE,historical,714.4004,1817.2002,740923987763000
4,7361,MOVE,current,713.6504,1817.7002,740923992175500
4,7362,MOVE,historical,712.7998,1818.2998,740923995929000
4,7363,MOVE,current,712.0,1818.8496,740924000012000
4,7364,MOVE,historical,711.5,1819.0996,740924004333000
4,7365,MOVE,current,710.8496,1819.5,740924008535000
4,7366,MOVE,historical,710.2002,1820.0,740924012921000
4,7367,MOVE,current,709.5498,1820.4502,740924017215000
4,7368,MOVE,historical,709.0,1820.7998,740924021394000
4,7369,MOVE,current,708.4004,1821.2002,740924025630500
4,7370,MOVE,historical,707.7998,1821.7002,740924029649000
4,7371,MOVE,current,707.2002,1822.1504,740924033776500
4,7372,MOVE,historical,706.5996,1822.5,740924038426000
4,7373,MOVE,current,706.0,1822.9004,740924042814500
4,7374,MOVE,historical,705.5,1823.4004,740924046593000
4,7375,MOVE,current,704.9502,1823.8496,740924050676500
4,7376,MOVE,historical,704.5,1824.0996,740924055232000
4,7377,MOVE,current,704.0,1824.4502,740924059551500
4,7378,MOVE,historical,703.5,1824.9004,740924063280000
4,7379,MOVE,current,703.0,1825.2998,740924067304000
4,7380,MOVE,historical,702.5,1825.5996,740924072327000
4,7381,MOVE,current,702.0,1825.9502,740924076850500
4,7382,MOVE,historical,701.5,1826.2998,740924080209000
4,7383,MOVE,current,701.0,1826.6504,740924084150000
4,7384,MOVE,historical,700.5996,1826.9004,740924088375000
4,7385,MOVE,current,700.1504,1827.2002,740924092458000
4,7386,MOVE,historical,699.5996,1827.5996,740924096730000
4,7387,MOVE,current,699.0996,1827.9502,740924100907500
4,7388,MOVE,historical,698.7002,1828.2998,740924105091000
4,7389,MOVE,current,698.25,1828.6504,740924109271500
4,7390,MOVE,historical,697.7002,1829.0,740924113660000
4,7391,MOVE,current,697.2002,1829.3506,740924117944500
4,7392,MOVE,historical,696.5996,1829.7002,740924122083000
4,7393,MOVE,current,696.0498,1830.0498,740924126294500
4,7394,MOVE,historical,695.7002,1830.2998,740924130644000
4,7395,MOVE,current,695.25,1830.5996,740924134924500
4,7396,MOVE,historical,694.7998,1830.9004,740924138808000
4,7397,MOVE,current,694.3496,1831.2002,740924142890000
4,7398,MOVE,historical,694.0,1831.4004,740924147323000
4,7399,MOVE,current,693.5996,1831.6504,740924151580500
4,7400,MOVE,historical,693.2998,1831.9004,740924155603000
4,7401,MOVE,current,692.9502,1832.1504,740924159743000
4,7402,MOVE,historical,692.5996,1832.2998,740924164111000
4,7403,MOVE,current,692.25,1832.5,740924168365000
4,7404,MOVE,historical,692.0,1832.7002,740924172974000
4,7405,MOVE,current,691.7002,1832.9004,740924177405500
4,7406,MOVE,historical,691.4004,1833.0,740924180776000
4,7407,MOVE,current,691.0996,1833.1504,740924184677000
4,7408,MOVE,historical,690.7998,1833.4004,740924189277000
4,7409,MOVE,current,690.5,1833.5996,740924193527500
4,7410,MOVE,historical,690.2998,1833.7002,740924197613000
4,7411,MOVE,current,690.0498,1833.8496,740924201781000
4,7412,MOVE,historical,689.7998,1834.0,740924206473000
4,7413,MOVE,current,689.5537,1834.1484,740924210841916
4,7414,MOVE,historical,689.4004,1834.2002,740924214473000
4,7415,MOVE,current,689.2002,1834.2998,740924218473000
4,7416,MOVE,historical,689.0996,1834.4004,740924223106000
4,7417,MOVE,current,688.9502,1834.5,740924227422500
4,7418,MOVE,historical,688.7998,1834.5996,740924231390000
4,7419,MOVE,current,688.6504,1834.7002,740924235532000
4,7420,MOVE,historical,688.5,1834.7002,740924239812000
4,7421,MOVE,current,688.3496,1834.75,740924244023000
4,7422,MOVE,historical,688.2998,1834.9004,740924248234000
4,7423,MOVE,current,688.2012,1834.998,740924252378928
4,7424,MOVE,historical,688.0996,1835.0,740924256618000
4,7425,MOVE,current,688.0029,1835.0488,740924260686743
4,7426,MOVE,historical,688.0,1835.0996,740924265035000
4,7427,MOVE,current,687.9531,1835.1475,740924268995678
4,7428,MOVE,historical,687.9004,1835.2002,740924273415000
4,7429,MOVE,current,687.8535,1835.2461,740924277305676
4,7430,MOVE,historical,687.7998,1835.2002,740924281899000
4,7431,MOVE,current,687.75586,1835.2002,740924285617104
4,7432,MOVE,historical,687.7002,1835.2998,740924290294000
4,7433,MOVE,current,687.6572,1835.3438,740924293929981
4,7434,MOVE,historical,687.5,1835.2998,740924298704000
4,7435,MOVE,current,687.416,1835.2998,740924302244404
4,7436,MOVE,historical,687.4004,1835.4004,740924307095000
4,7437,MOVE,current,687.3584,1835.4414,740924310560222
4,7438,MOVE,historical,687.2998,1835.5,740924315625000
4,7439,MOVE,current,687.2617,1835.5381,740924318877501
4,7440,MOVE,historical,687.2002,1835.5996,740924323969000
4,7441,MOVE,current,687.16113,1835.6387,740924327195210
4,7442,MOVE,historical,687.0996,1835.5996,740924332362000
4,7443,MOVE,current,687.0625,1835.5996,740924335513159
4,7444,MOVE,historical,687.0,1835.5996,740924340611000
4,7445,MOVE,current,686.96094,1835.5996,740924343831274
4,7446,MOVE,historical,686.9004,1835.7002,740924357513000
4,7447,MOVE,current,686.8828,1835.7178,740924360463414
4,7448,MOVE,historical,686.7998,1835.7998,740924374071000
4,7449,MOVE,current,686.7822,1835.8184,740924377097419
4,7450,MOVE,historical,686.7002,1835.7998,740924391003000
4,7451,MOVE,current,686.6836,1835.7998,740924393734896
4,7452,MOVE,historical,686.5,1835.9004,740924399763000
4,7453,MOVE,current,686.44824,1835.9258,740924402049384
4,7454,MOVE,current,686.4004,1835.9004,740924424977000
4,7455,MOVE,current,686.4004,1836.0,740924450235000
4,7456,MOVE,current,686.2998,1836.0,740924475135000
4,7457,MOVE,historical,686.2002,1836.0,740924483327000
4,7458,MOVE,current,686.17676,1836.0,740924485229548
4,7459,MOVE,current,686.2002,1836.0996,740924904299000
4,7460,MOVE,current,686.0996,1836.0996,740925089159000
4,7461,MOVE,current,686.0,1836.2002,740925283634000
4,7462,MOVE,current,688.5996,1834.5996,740925812709000
4,7463,MOVE,historical,692.7002,1832.0,740925820901000
4,7464,MOVE,current,694.1748,1831.0645,740925823847995
4,7465,MOVE,historical,697.7002,1828.7998,740925828835000
4,7466,MOVE,current,699.8086,1827.4502,740925832181328
4,7467,MOVE,historical,703.0996,1825.2002,740925837328000
4,7468,MOVE,current,705.126,1823.8496,740925840514661
4,7469,MOVE,historical,708.7998,1821.2998,740925845518000
4,7470,MOVE,current,711.1172,1819.7139,740925848847994
4,7471,MOVE,historical,714.5996,1817.5,740925854175000
4,7472,MOVE,current,716.61426,1816.1807,740925857181327
4,7473,MOVE,historical,720.7002,1813.5,740925862311000
4,7474,MOVE,current,723.10156,1811.9248,740925865514660
4,7475,MOVE,historical,727.4004,1809.4004,740925870857000
4,7476,MOVE,current,729.6123,1808.0459,740925873678609
4,7477,MOVE,historical,734.2998,1805.2002,740925879125000
4,7478,MOVE,current,736.69336,1803.7432,740925881993219
4,7479,MOVE,historical,741.4004,1801.0,740925887558000
4,7480,MOVE,current,743.7158,1799.6299,740925890308342
4,7481,MOVE,historical,748.4004,1796.7998,740925896120000
4,7482,MOVE,current,750.4463,1795.5723,740925898623007
4,7483,MOVE,historical,754.9004,1792.9004,740925904332000
4,7484,MOVE,current,756.9629,1791.6621,740925906937770
4,7485,MOVE,historical,761.0996,1789.0,740925913308000
4,7486,MOVE,current,762.44336,1788.1553,740925915252444
4,7487,MOVE,historical,766.7998,1785.5996,740925921111000
4,7488,MOVE,current,768.5967,1784.5283,740925923570421
4,7489,MOVE,historical,772.2998,1782.2002,740925931168000
4,7490,MOVE,current,772.6914,1781.958,740925931883180
4,7491,MOVE,historical,777.5,1779.0,740925937958000
4,7492,MOVE,current,779.2158,1777.9443,740925940197960
4,7493,MOVE,historical,782.9004,1775.9004,740925946432000
4,7494,MOVE,current,784.22754,1775.1377,740925948514855
4,7495,MOVE,historical,788.7998,1772.7998,740925954646000
4,7496,MOVE,current,790.3701,1771.9756,740925956831541
4,7497,MOVE,historical,794.7002,1770.0,740925963396000
4,7498,MOVE,current,795.875,1769.4424,740925965138098
4,7499,MOVE,historical,800.5,1767.2998,740925971676000
4,7500,MOVE,current,801.73535,1766.7246,740925973439605
4,7501,MOVE,historical,806.0996,1764.7002,740925980138000
4,7502,MOVE,current,807.1699,1764.2031,740925981754833
4,7503,MOVE,historical,811.7002,1762.0,740925988796000
4,7504,MOVE,current,812.5205,1761.6045,740925990064735
4,7505,MOVE,historical,817.0996,1759.2998,740925996956000
4,7506,MOVE,current,818.03906,1758.831,740925998374369
4,7507,MOVE,historical,822.0996,1756.9004,740926005739000
4,7508,MOVE,current,822.6416,1756.6396,740926006690622
4,7509,MOVE,historical,826.9004,1754.4004,740926014215000
4,7510,MOVE,current,827.34863,1754.166,740926015007061
4,7511,MOVE,historical,831.0,1752.2998,740926022170000
4,7512,MOVE,current,831.58984,1751.998,740926023313793
4,7513,MOVE,historical,834.9004,1750.2002,740926030490000
4,7514,MOVE,current,835.4336,1749.9131,740926031627740
4,7515,MOVE,historical,838.4004,1748.2998,740926039322000
4,7516,MOVE,current,838.6455,1748.167,740926039941996
4,7517,MOVE,historical,841.7002,1746.5996,740926047580000
4,7518,MOVE,current,841.9707,1746.4609,740926048256873
4,7519,MOVE,historical,844.2002,1745.4004,740926055969000
4,7520,MOVE,current,844.3799,1745.3135,740926056572356
4,7521,MOVE,historical,846.4004,1744.4004,740926064321000
4,7522,MOVE,current,846.5498,1744.332,740926064888526
4,7523,MOVE,historical,848.0996,1743.5996,740926072726000
4,7524,MOVE,current,848.19727,1743.5547,740926073205373
4,7525,MOVE,historical,849.5,1743.0,740926080938000
4,7526,MOVE,current,849.5996,1742.957,740926081523113
4,7527,MOVE,historical,850.5,1742.5996,740926089405000
4,7528,MOVE,current,850.55176,1742.5791,740926089841818
4,7529,MOVE,historical,851.2002,1742.2002,740926097845000
4,7530,MOVE,current,851.22656,1742.1846,740926098161485
4,7531,MOVE,historical,852.0,1741.9004,740926106232000
4,7532,MOVE,current,852.02344,1741.8906,740926106481741
4,7533,MOVE,historical,852.2998,1741.7998,740926114597000
4,7534,MOVE,current,852.3076,1741.7979,740926114802925
4,7535,MOVE,historical,852.5,1741.7002,740926122955000
4,7536,MOVE,current,852.5039,1741.6982,740926123124100
4,7537,MOVE,historical,852.5996,1741.5996,740927644946000
4,7538,MOVE,historical,854.2998,1741.0996,740927653506000
4,7539,MOVE,current,854.74023,1740.9707,740927655722607
4,7540,MOVE,historical,856.0,1740.4004,740927661705000
4,7541,MOVE,current,857.74414,1739.7578,740927669411328
4,7542,MOVE,historical,857.9004,1739.7002,740927670101000
4,7543,MOVE,current,858.8496,1739.3496,740927674299000
4,7544,MOVE,historical,859.7998,1738.9004,740927678645000
4,7545,MOVE,current,861.70703,1738.083,740927686008932
4,7546,MOVE,historical,861.9004,1738.0,740927686753000
4,7547,MOVE,current,863.5459,1737.3936,740927694321328
4,7548,MOVE,historical,863.7998,1737.2998,740927695491000
4,7549,MOVE,current,864.75,1736.9502,740927699860000
4,7550,MOVE,historical,865.7002,1736.5,740927703716000
4,7551,MOVE,current,867.32715,1735.9004,740927710987994
4,7552,MOVE,historical,867.5996,1735.7998,740927712206000
4,7553,MOVE,current,869.33887,1735.1377,740927719321327
4,7554,MOVE,historical,869.7002,1735.0,740927720799000
4,7555,MOVE,current,870.75,1734.6006,740927725095500
4,7556,MOVE,historical,871.5996,1734.2002,740927729090000
4,7557,MOVE,current,872.5498,1733.7998,740927733235500
4,7558,MOVE,historical,873.5996,1733.5,740927737446000
4,7559,MOVE,current,874.5996,1733.1504,740927741624000
4,7560,MOVE,historical,875.5996,1732.5996,740927746220000
4,7561,MOVE,current,876.5996,1732.1504,740927750607000
4,7562,MOVE,historical,877.7998,1731.7002,740927754501000
4,7563,MOVE,current,878.9004,1731.25,740927758641500
4,7564,MOVE,historical,879.9004,1730.7998,740927762738000
4,7565,MOVE,current,880.9502,1730.3496,740927766856500
4,7566,MOVE,historical,882.0996,1730.0,740927771156000
4,7567,MOVE,current,883.2002,1729.6006,740927775365000
4,7568,MOVE,historical,884.2998,1729.2002,740927779432000
4,7569,MOVE,current,885.4004,1728.7998,740927783570000
4,7570,MOVE,historical,886.2998,1728.4004,740927787702000
4,7571,MOVE,current,887.2998,1728.0,740927791837000
4,7572,MOVE,historical,888.4004,1727.7002,740927796055000
4,7573,MOVE,current,889.4502,1727.3496,740927800231500
4,7574,MOVE,historical,890.5,1726.9004,740927804585000
4,7575,MOVE,current,891.5498,1726.5,740927808850000
4,7576,MOVE,historical,892.4004,1726.2998,740927812843000
4,7577,MOVE,current,893.3496,1726.0,740927816972000
4,7578,MOVE,historical,894.2002,1725.5996,740927821632000
4,7579,MOVE,current,895.0996,1725.25,740927826026500
4,7580,MOVE,historical,895.9004,1724.9004,740927829850000
4,7581,MOVE,current,896.75,1724.5498,740927833959000
4,7582,MOVE,historical,897.5996,1724.2002,740927838209000
4,7583,MOVE,current,898.4502,1723.8496,740927842388500
4,7584,MOVE,historical,899.0,1723.5996,740927846854000
4,7585,MOVE,current,899.7002,1723.2998,740927851176500
4,7586,MOVE,historical,900.4004,1723.0996,740927855162000
4,7587,MOVE,current,901.0996,1722.8496,740927859316000
4,7588,MOVE,historical,901.5996,1722.5996,740927863467000
4,7589,MOVE,current,902.2002,1722.3496,740927867619500
4,7590,MOVE,historical,902.7002,1722.2002,740927871909000
4,7591,MOVE,current,903.25,1722.0,740927876130000
4,7592,MOVE,historical,903.7002,1721.7998,740927880740000
4,7593,MOVE,current,904.2002,1721.5996,740927885155500
4,7594,MOVE,historical,904.5996,1721.5,740927888807000
4,7595,MOVE,current,905.0498,1721.3506,740927892840500
4,7596,MOVE,historical,905.4004,1721.2002,740927897225000
4,7597,MOVE,current,905.7998,1721.0498,740927901434000
4,7598,MOVE,historical,906.2002,1720.9004,740927905473000
4,7599,MOVE,current,906.5996,1720.75,740927909597000
4,7600,MOVE,historical,906.7998,1720.7002,740927914007000
4,7601,MOVE,current,907.0996,1720.5996,740927918274000
4,7602,MOVE,historical,907.2998,1720.5,740927922248000
4,7603,MOVE,current,907.5498,1720.4004,740927926368500
4,7604,MOVE,historical,907.5996,1720.4004,740927930601000
4,7605,MOVE,current,907.75,1720.3496,740927934777500
4,7606,MOVE,historical,907.7998,1720.2998,740927939090000
4,7607,MOVE,current,907.9004,1720.25,740927943334500
4,7608,MOVE,historical,908.0,1720.2998,740927947512000
4,7609,MOVE,current,908.0996,1720.2998,740927951723000
4,7610,UP,current,908.0,1720.2998,740928973424000
5,7611,DOWN,current,1177.7002,2479.9004,740937144343000
5,7612,UP,current,1177.7002,2479.9004,740937152665000
6,7613,DOWN,current,1199.7002,868.7998,740938031198000
6,7614,MOVE,historical,1117.6797,774.95996,740938039466000
6,7615,MOVE,current,1076.6699,728.04004,740938043600000
6,7616,MOVE,historical,1044.0996,705.6797,740938047645000
6,7617,MOVE,current,1007.3096,671.04004,740938051734500
6,7618,MOVE,historical,953.7002,613.2998,740938056148000
6,7619,MOVE,current,908.5,567.11035,740938060399500
6,7620,MOVE,historical,912.9004,562.4004,740938064982000
6,7621,MOVE,current,895.1787,540.292,740938068818994
6,7622,MOVE,historical,882.4004,513.2002,740938073205000
6,7623,MOVE,current,867.7588,489.58203,740938077152327
6,7624,MOVE,historical,865.5996,468.0,740938081364000
6,7625,MOVE,current,857.2002,445.4004,740938085443500
6,7626,MOVE,historical,862.7998,428.0996,740938089907000
6,7627,MOVE,current,861.5176,409.8291,740938093818993
6,7628,MOVE,historical,862.5996,394.2002,740938098846000
6,7629,MOVE,current,862.5303,382.44336,740938101946162
6,7630,MOVE,historical,867.7002,361.2998,740938106554000
6,7631,MOVE,current,870.1494,345.49902,740938110255988
6,7632,MOVE,historical,877.4004,326.2002,740938115313000
6,7633,MOVE,current,881.00195,313.16406,740938118565930
6,7634,MOVE,historical,886.7002,286.5,740938123305000
6,7635,MOVE,current,890.86523,268.71777,740938126884667
6,7636,MOVE,historical,895.2998,251.0,740938131906000
6,7637,MOVE,current,898.584,237.44434,740938135190359
6,7638,MOVE,historical,903.4004,215.0,740938140286000
6,7639,MOVE,current,906.50977,201.17676,740938143503712
6,7640,MOVE,historical,910.9004,182.90039,740938148788000
6,7641,MOVE,current,913.56055,171.5127,740938151804012
6,7642,MOVE,historical,917.7002,149.7998,740938157312000
6,7643,MOVE,current,919.9287,138.95312,740938160105395
6,7644,MOVE,historical,922.7998,121.09961,740938165781000
6,7645,MOVE,current,924.3838,112.1875,740938168410962
6,7646,MOVE,historical,927.7998,96.90039,740938173812000
6,7647,MOVE,current,929.6113,88.13379,740938176721097
6,7648,MOVE,historical,931.5,80.200195,740938182127000
6,7649,MOVE,current,932.79004,74.37695,740938185026450
6,7650,MOVE,historical,935.4004,69.90039,740938190665000
6,7651,MOVE,current,936.6221,66.67383,740938193339477
6,7652,MOVE,historical,942.7998,58.90039,740938199767000
6,7653,MOVE,current,944.33496,56.618164,740938201654714
6,7654,MOVE,historical,952.5996,45.5,740938207783000
6,7655,MOVE,current,955.2676,41.85254,740938209964676
6,7656,UP,current,952.5996,45.5,740938215813000
